date,cash,total_value,688981_shares,688981_weight,688981_value,688256_shares,688256_weight,688256_value,688111_shares,688111_weight,688111_value,688041_shares,688041_weight,688041_value,688012_shares,688012_weight,688012_value,688008_shares,688008_weight,688008_value,603993_shares,603993_weight,603993_value,603501_shares,603501_weight,603501_value,603259_shares,603259_weight,603259_value,603019_shares,603019_weight,603019_value,601988_shares,601988_weight,601988_value,601985_shares,601985_weight,601985_value,601919_shares,601919_weight,601919_value,601899_shares,601899_weight,601899_value,601888_shares,601888_weight,601888_value,601857_shares,601857_weight,601857_value,601816_shares,601816_weight,601816_value,601728_shares,601728_weight,601728_value,601668_shares,601668_weight,601668_value,601658_shares,601658_weight,601658_value,601628_shares,601628_weight,601628_value,601601_shares,601601_weight,601601_value,601398_shares,601398_weight,601398_value,601328_shares,601328_weight,601328_value,601318_shares,601318_weight,601318_value,601288_shares,601288_weight,601288_value,601225_shares,601225_weight,601225_value,601211_shares,601211_weight,601211_value,601166_shares,601166_weight,601166_value,601127_shares,601127_weight,601127_value,601088_shares,601088_weight,601088_value,601012_shares,601012_weight,601012_value,600930_shares,600930_weight,600930_value,600900_shares,600900_weight,600900_value,600887_shares,600887_weight,600887_value,600809_shares,600809_weight,600809_value,600760_shares,600760_weight,600760_value,600690_shares,600690_weight,600690_value,600519_shares,600519_weight,600519_value,600406_shares,600406_weight,600406_value,600309_shares,600309_weight,600309_value,600150_shares,600150_weight,600150_value,600111_shares,600111_weight,600111_value,600104_shares,600104_weight,600104_value,600050_shares,600050_weight,600050_value,600036_shares,600036_weight,600036_value,600031_shares,600031_weight,600031_value,600030_shares,600030_weight,600030_value,600028_shares,600028_weight,600028_value
2025-01-03 00:00:00,2198.0200000000186,1000000.0,235.00000000000003,0.020752850000000003,20752.850000000002,50.0,0.0207885,20788.5,79.0,0.020601619999999998,20601.62,153.0,0.02070855,20708.55,113.99999999999999,0.020660219999999997,20660.219999999998,320.0,0.020777600000000004,20777.600000000002,3195.0,0.020831399999999996,20831.399999999998,212.0,0.020750559999999998,20750.559999999998,410.0,0.020782899999999997,20782.899999999998,323.0,0.02082704,20827.04,4166.0,0.02083,20830.0,2117.0,0.020831279999999997,20831.28,1558.0,0.02083046,20830.46,1382.0,0.020826740000000003,20826.74,338.0,0.02079714,20797.14,2486.0,0.02083268,20832.68,3591.0,0.0208278,20827.8,3090.0,0.0208266,20826.600000000002,3780.9999999999995,0.020833309999999997,20833.309999999998,4076.0,0.02082836,20828.36,539.0,0.02082157,20821.57,681.0,0.02081817,20818.170000000002,3420.0,0.0208278,20827.8,3023.0,0.020828469999999998,20828.469999999998,436.0,0.020819,20819.0,4470.0,0.0208302,20830.2,936.0,0.020826,20826.0,1215.0,0.020825100000000003,20825.100000000002,1204.0,0.0208292,20829.2,168.0,0.0207816,20781.600000000002,536.0,0.02081288,20812.879999999997,1388.0,0.02082,20820.0,0.0,0.0,,747.9999999999999,0.020831799999999998,20831.8,754.0,0.0208104,20810.4,120.99999999999999,0.02080474,20804.739999999998,453.99999999999994,0.020793199999999998,20793.199999999997,789.0,0.02081382,20813.82,14.0,0.01992816,19928.16,894.0,0.02081232,20812.32,300.0,0.020808,20808.0,622.0,0.02082456,20824.559999999998,1026.0,0.0208278,20827.8,1162.0,0.02082304,20823.04,4385.0,0.02082875,20828.75,584.0,0.020819599999999997,20819.6,1395.0,0.020827349999999998,20827.35,789.0,0.0208296,20829.6,3285.9999999999995,0.02083324,20833.239999999998
2025-01-06 00:00:00,1345.5600000000195,998307.4700000001,235.00000000000003,0.020465538537941624,20430.9,47.00000000000001,0.020474483677859288,20439.83,85.0,0.02186074997515545,21823.75,152.00000000000003,0.020449731784537285,20415.120000000003,112.99999999999997,0.0205340845541304,20499.329999999994,351.00000000000006,0.022263000796738507,22225.320000000003,3105.9999999999995,0.020409904375452582,20375.359999999997,208.99999999999997,0.020416235090377512,20381.679999999997,398.00000000000006,0.020420121668527635,20385.56,317.99999999999994,0.02044065642421768,20406.059999999998,4042.9999999999995,0.020411266681195923,20376.719999999998,2086.0,0.020414772615094227,20380.219999999998,1524.9999999999998,0.020408542069709244,20373.999999999996,1359.9999999999998,0.020420963092663225,20386.399999999998,332.99999999999994,0.02042749414666806,20392.92,2414.0,0.020408702340973167,20374.16,3538.0000000000005,0.020413430343258876,20378.88,3027.9999999999995,0.02041298959728309,20378.44,3724.9999999999995,0.020410295036658394,20375.749999999996,3940.9999999999995,0.020409513714246773,20374.969999999998,529.9999999999999,0.020434285641476767,20399.699999999997,666.0,0.020434165438028826,20399.579999999998,3324.0,0.020410665663956214,20376.12,2966.0000000000005,0.020410966172576074,20376.420000000002,426.9999999999999,0.020440926881975546,20406.329999999994,4335.000000000001,0.020409042917409005,20374.500000000004,932.0000000000002,0.02042673285816443,20392.160000000003,1191.0,0.02042448906046952,20389.920000000002,1159.0,0.020421373787777027,20386.81,166.99999999999997,0.020528985924546873,20494.239999999998,529.0,0.02043812213485691,20403.53,1343.9999999999998,0.020423046619094214,20388.479999999996,0.0,0.0,,735.0,0.020423467331162008,20388.899999999998,746.0,0.02043021875815474,20395.64,123.99999999999999,0.020884707994822473,20849.359999999997,450.9999999999999,0.020424278704435615,20389.709999999995,770.0000000000001,0.020408742408789152,20374.200000000004,25.0,0.03476984901254921,34711.0,878.0,0.02041292949555912,20378.38,294.0,0.02047647705170432,20441.82,621.0,0.020421994838924727,20387.43,980.0000000000001,0.02040874240878915,20374.2,1146.0,0.020410425257060334,20375.88,4345.0,0.020412598936077282,20378.050000000003,566.0,0.020433223844353282,20398.64,1367.0,0.020416525582043377,20381.97,770.0000000000001,0.02043188157251794,20397.300000000003,3219.0,0.020410815918266142,20376.27
2025-01-07 00:00:00,360.780000000017,1010418.6900000001,228.0,0.02044380236078175,20656.8,43.00000000000001,0.020464199845709508,20677.410000000003,80.0,0.020612445322047635,20827.199999999997,140.0,0.02041490344957891,20627.600000000002,112.99999999999997,0.020580963323233854,20795.389999999996,314.00000000000006,0.020454372236523063,20667.480000000003,3037.0,0.02040859913230623,20621.23,203.99999999999997,0.02045211574619626,20665.199999999997,428.0000000000001,0.02147584977866948,21699.600000000006,311.99999999999994,0.020444514936674416,20657.519999999993,4035.9999999999995,0.02041130098256595,20623.96,2149.0000000000005,0.020843042798426466,21060.200000000004,1665.9999999999995,0.021714978371985574,21941.219999999994,1329.0,0.020413399122694374,20626.079999999998,346.99999999999994,0.021007123294601766,21225.989999999998,2585.9999999999995,0.021421634629501952,21644.819999999992,3771.0,0.021347704880637156,21570.12,3152.9999999999995,0.02100088825554088,21219.69,3880.9999999999995,0.021010171535920417,21229.069999999996,3998.9999999999995,0.020619957059582892,20834.789999999997,560.9999999999999,0.021242540555143526,21463.859999999993,694.0,0.021010557514528953,21229.46,3316.0,0.020412844897000074,20625.52,3014.000000000001,0.020641819283845595,20856.880000000005,446.9999999999999,0.02106665307230213,21286.139999999992,4324.000000000001,0.020412805309450485,20625.480000000003,1049.0000000000002,0.022165217470393392,22396.150000000005,1203.0,0.020549679262168045,20763.780000000002,1157.9999999999998,0.020411320776340745,20623.979999999996,161.99999999999997,0.020518979117458723,20732.76,582.9999999999999,0.0218447859471008,22072.379999999994,1374.9999999999998,0.02073892754299705,20954.999999999996,0.0,0.0,,781.0,0.021294687254844822,21516.55,790.0,0.02125079455923366,21472.2,122.99999999999997,0.020436320313908678,20649.239999999994,449.99999999999983,0.02042420652373324,20636.999999999993,756.0000000000001,0.020418505916591865,20631.24,15.0,0.020614820575023216,20829.600000000002,919.0000000000001,0.021073669965467487,21293.230000000003,314.0,0.021364905670935283,21587.5,623.9999999999999,0.020472305396488654,20685.599999999995,962.0000000000002,0.020412607371702522,20625.280000000006,1115.0,0.020414804480704925,20627.5,4395.0,0.020573995914505504,20788.350000000002,595.0000000000001,0.02113435767899345,21354.550000000003,1442.0,0.021192897767953998,21413.7,789.0000000000001,0.020763184814010124,20979.510000000002,3407.0000000000005,0.02124277808044109,21464.100000000002
2025-01-08 00:00:00,366.9500000000189,1009966.49,253.99999999999997,0.022337652014573273,22560.279999999995,43.00000000000001,0.02070199378595225,20908.320000000003,81.00000000000001,0.020601950862745955,20807.280000000002,138.00000000000003,0.02044517338392089,20648.940000000002,112.99999999999997,0.020442490126578353,20646.229999999996,312.00000000000006,0.020459847138096638,20663.760000000006,3295.0000000000005,0.02185864602299825,22076.500000000004,216.99999999999997,0.021488009963578098,21702.17,411.00000000000017,0.020440806902415155,20644.530000000006,341.99999999999994,0.022044493773253796,22264.199999999993,3986.9999999999995,0.02040938011715616,20612.789999999997,2060.0000000000005,0.020417113046988327,20620.600000000006,1571.9999999999995,0.02042111317970559,20624.639999999992,1418.9999999999995,0.021566705643867447,21781.649999999994,341.0,0.02042353900276434,20627.09,2402.9999999999995,0.020414281269866684,20617.739999999998,3584.9999999999995,0.020410330643742446,20613.749999999996,2991.9999999999995,0.020411449492745048,20614.879999999997,3810.0000000000005,0.020408696926172275,20612.100000000002,3956.9999999999986,0.020412528736473222,20615.969999999994,537.9999999999999,0.020444678317990527,20648.44,667.0,0.020413518868333938,20616.97,3277.0000000000005,0.020408924656500238,20612.33,2953.0000000000014,0.02040853850507457,20611.94000000001,432.0,0.020424440022757586,20628.0,4286.000000000001,0.02041222179559641,20615.660000000003,970.0000000000001,0.020418697257965465,20622.200000000004,1196.0000000000002,0.02041556844128561,20619.04,1143.9999999999998,0.020411449492745048,20614.879999999994,167.99999999999997,0.021042282303841583,21251.999999999996,547.9999999999999,0.020423172653975873,20626.719999999998,1365.9999999999998,0.020409528636935265,20612.939999999995,0.0,0.0,,741.0,0.020433202689724886,20636.850000000002,751.0,0.020411518801975302,20614.95,133.0,0.02179560432742674,22012.829999999998,534.9999999999998,0.023583158684799526,23818.19999999999,734.0000000000001,0.020421865679919743,20625.400000000005,15.000000000000002,0.020658210155071584,20864.100000000002,896.0000000000001,0.020422380548487308,20625.920000000002,305.99999999999994,0.020442084172515463,20645.819999999996,611.0,0.02042985604403568,20633.47,1086.0000000000002,0.02259170004739465,22816.860000000008,1396.0,0.024603588580448844,24848.8,4349.0,0.020410835610991412,20614.260000000002,569.0000000000001,0.020433974992576244,20637.630000000005,1383.9999999999995,0.02041810317884903,20621.599999999995,781.0000000000001,0.020422667686726917,20626.210000000003,3246.0000000000005,0.020408696926172275,20612.100000000002
2025-01-09 00:00:00,306.2700000000186,1002946.02,224.99999999999994,0.020486645931353305,20546.999999999993,43.00000000000001,0.020452466624275554,20512.720000000005,79.00000000000001,0.020600969132915054,20661.660000000007,139.00000000000006,0.0205032569948281,20563.660000000007,112.99999999999997,0.02047291637888946,20533.229999999996,312.00000000000006,0.0204412995227799,20501.52,3060.0000000000005,0.020411267996257667,20471.400000000005,206.99999999999997,0.0205029778172907,20563.379999999997,402.00000000000017,0.02041372077033618,20473.860000000008,312.99999999999994,0.02041007152109741,20470.199999999997,4079.9999999999995,0.020787559434155785,20848.8,2322.0000000000005,0.022434088725931632,22500.180000000004,1873.9999999999995,0.02343093200569258,23499.959999999992,1327.9999999999998,0.020417609314606972,20477.759999999995,350.0,0.02083711344704274,20898.5,2644.9999999999995,0.0220208760587135,22085.749999999996,3870.9999999999995,0.021691117533922707,21755.019999999997,3081.9999999999995,0.020896039848684968,20957.599999999995,3961.000000000001,0.021050115937445966,21112.130000000005,4121.999999999998,0.02108374686007527,21145.85999999999,553.9999999999999,0.020885211748484723,20946.739999999998,664.9999999999999,0.020435097793199273,20495.299999999996,3292.0,0.020481740383196296,20542.08,3107.000000000001,0.02125141291253143,21314.020000000008,437.0,0.020591955686707842,20652.62,4311.000000000002,0.020503067552927724,20563.47000000001,1035.0,0.02148540357137067,21548.7,1200.0000000000002,0.02045972524024773,20520.000000000007,1137.9999999999998,0.020412484412670576,20472.619999999995,161.0,0.020496098085119274,20556.48,624.9999999999999,0.02263955342282528,22706.249999999996,1366.9999999999998,0.020417509608343622,20477.659999999996,0.0,0.0,,741.0,0.020421079092571702,20481.24,751.0,0.02041212547012251,20472.260000000002,123.0,0.020486795490748343,20547.15,435.9999999999998,0.020410071521097403,20470.19999999999,725.0000000000001,0.020421089063198037,20481.250000000004,15.000000000000002,0.020825248401703612,20886.600000000002,885.0000000000001,0.020409921961702385,20470.050000000003,305.99999999999994,0.020435676089526726,20495.879999999997,640.0,0.02117282443575577,21235.2,969.0000000000002,0.020414827509859405,20474.970000000005,1182.0000000000002,0.02041210552886984,20472.240000000005,4425.0,0.020692290099521008,20753.25,569.0000000000001,0.02041815769905543,20478.310000000005,1425.9999999999993,0.02090062633679925,20962.19999999999,778.0000000000001,0.02041681166450015,20476.960000000003,3577.0000000000005,0.022040926988274003,22105.86
2025-01-10 00:00:00,486.64000000002125,992516.1,217.99999999999991,0.020466408554984643,20313.239999999994,42.00000000000001,0.02068905481734755,20534.220000000005,82.00000000000003,0.021035447183174162,20878.020000000008,139.00000000000006,0.02050864464566369,20355.160000000007,113.99999999999997,0.020536896076547267,20383.199999999997,353.00000000000006,0.02262364308246486,22454.33,3019.0000000000005,0.02041023818152673,20257.49,202.99999999999997,0.020438751572896395,20285.789999999997,392.00000000000017,0.020411316249680993,20258.56000000001,423.99999999999994,0.026195726195272797,25999.679999999997,3971.999999999999,0.020409945994830706,20257.199999999993,2190.0000000000005,0.020410248256930042,20257.500000000004,1613.9999999999998,0.020408434684334082,20255.699999999997,1294.9999999999998,0.020419568004992558,20266.749999999996,346.0,0.020456373453287054,20303.28,2446.9999999999995,0.0204139358545418,20261.159999999996,3637.0,0.020410842705725376,20258.09,3018.999999999999,0.02041023818152672,20257.489999999994,3873.0000000000014,0.020408525362963892,20255.790000000008,3979.9999999999973,0.020410953535161782,20258.199999999986,548.0,0.020412323790012066,20259.559999999998,712.9999999999999,0.021637492832609965,21475.559999999998,3268.0000000000005,0.020414379172287483,20261.600000000002,2953.0000000000014,0.02041032886015653,20257.58000000001,437.0,0.020429693785319954,20276.8,4283.000000000002,0.020411346475890928,20258.59000000001,971.0,0.020417573075137016,20264.77,1194.0000000000002,0.020414963545679513,20262.180000000004,1127.9999999999998,0.02041163866258693,20258.879999999997,159.99999999999997,0.020455486817795698,20302.399999999998,563.9999999999998,0.02042300371752155,20270.15999999999,1583.9999999999998,0.0230773485689552,22904.64,0.0,0.0,,731.0000000000001,0.020416112141656947,20263.320000000003,775.9999999999999,0.020977070296391155,20820.079999999994,122.99999999999999,0.020488927081384372,20335.59,434.9999999999997,0.02042823285183987,20275.349999999988,853.0000000000001,0.023367953426649705,23193.070000000003,15.000000000000002,0.0209231870394848,20766.600000000002,889.0000000000001,0.020484735713607066,20331.430000000004,336.0,0.02206223153458165,21897.12,628.9999999999999,0.02043820750111761,20285.249999999996,960.0000000000003,0.02041840933361182,20265.600000000006,1155.0000000000002,0.02041145730532734,20258.700000000004,4393.999999999999,0.020409079510145978,20256.339999999997,564.0000000000001,0.0204400512999235,20287.08,1371.9999999999995,0.02041724058682775,20264.43999999999,806.0000000000001,0.021024686652438184,20867.340000000004,3343.0000000000005,0.02041133640048761,20258.58
2025-01-13 00:00:00,203.0600000000195,985764.65,211.99999999999994,0.020435141389985926,20144.239999999994,42.00000000000001,0.020516743017717262,20224.680000000004,80.00000000000003,0.02062155505373418,20328.000000000007,148.00000000000006,0.021490646880064124,21184.720000000005,112.99999999999997,0.02048012170044847,20188.579999999994,323.0,0.02042004650907293,20129.36,3008.0000000000005,0.020414122174090946,20123.520000000004,202.99999999999997,0.020413990296771135,20123.389999999996,391.0000000000001,0.020423323153249618,20132.590000000007,333.0,0.020454324467812875,20163.149999999998,4294.999999999998,0.021785118790778296,21474.999999999993,2274.0000000000005,0.021061436926146624,20761.620000000006,1596.9999999999998,0.020412783112074465,20122.199999999997,1265.9999999999998,0.02042008708670979,20129.399999999998,342.00000000000006,0.020424286872125105,20133.54,2394.9999999999995,0.020408522460203856,20117.999999999996,3642.0,0.020431103915118074,20140.260000000002,3317.9999999999986,0.022080402254229737,21766.07999999999,3854.000000000001,0.020408400727293274,20117.880000000005,4252.999999999997,0.021572086197247976,21264.999999999985,548.0,0.020424266583306674,20133.52,682.0,0.02043721084946594,20146.28,3354.000000000001,0.020856925636357524,20560.020000000004,3180.000000000001,0.021710455938950546,21401.40000000001,437.0,0.020410023832767788,20119.48,4497.000000000003,0.021258644241300403,20956.020000000015,965.9999999999999,0.020412357046887403,20121.779999999995,1194.0000000000002,0.02040943545703328,20118.900000000005,1193.9999999999998,0.021402654274526884,21097.98,153.99999999999997,0.020421588459273717,20130.879999999997,564.9999999999998,0.020433122652551993,20142.249999999993,1375.9999999999998,0.020421588459273717,20130.879999999997,0.0,0.0,,728.0000000000001,0.02042726932843453,20136.480000000003,752.9999999999999,0.020433629873012785,20142.749999999996,120.99999999999997,0.020560181377979006,20267.499999999996,433.9999999999997,0.020424002828667052,20133.259999999987,775.0000000000001,0.020425260735409817,20134.500000000004,15.000000000000002,0.021187917420248333,20886.300000000003,891.0,0.02044546839856755,20154.420000000002,304.99999999999994,0.02040831957201954,20117.799999999996,637.9999999999998,0.020652576657115868,20358.579999999994,946.0000000000001,0.020421588459273724,20130.880000000005,1709.0000000000005,0.028050934875783994,27651.620000000006,4443.999999999999,0.02060236183149801,20309.079999999998,558.0000000000001,0.02041205271461094,20121.480000000007,1384.9999999999993,0.020569209902181,20276.39999999999,776.0,0.020420127664346657,20129.440000000002,3475.0000000000005,0.02108058957074592,20780.500000000004
2025-01-14 00:00:00,342.4800000000214,1008789.09,208.99999999999994,0.020463078164336606,20642.929999999993,54.000000000000014,0.02487891695973834,25097.580000000005,75.00000000000003,0.02045273903586726,20632.50000000001,144.00000000000006,0.020525360757024054,20705.760000000006,109.99999999999997,0.020516181434912226,20696.499999999996,313.0,0.02042837318948404,20607.920000000002,3114.0,0.02099071075401896,21175.2,198.0,0.0204381076325875,20617.739999999998,387.0000000000001,0.02045505864858234,20634.840000000007,322.0,0.020428452492482846,20608.0,4052.999999999998,0.020409855939262776,20589.23999999999,2209.0000000000005,0.020408507788283084,20587.880000000005,1596.0,0.02040902325777532,20588.4,1417.9999999999998,0.022363822352598994,22560.379999999997,340.00000000000006,0.02041437621019474,20593.800000000003,2650.999999999999,0.022153223326394217,22347.929999999993,3827.9999999999995,0.021250031560115304,21436.799999999996,3109.999999999999,0.020408825000278297,20588.199999999993,4019.0000000000005,0.021115117333396223,21300.7,4109.999999999997,0.020411699733985014,20591.099999999984,546.0000000000001,0.02041027228000652,20589.660000000003,682.0,0.020430474718952405,20610.04,3354.000000000001,0.020414138301198325,20593.560000000005,3019.0000000000005,0.02041019297700772,20589.580000000005,451.99999999999994,0.02097377956377383,21158.12,4400.000000000003,0.020412591892721613,20592.00000000001,1071.9999999999998,0.02219897124383056,22394.079999999994,1189.0000000000005,0.020414058998199522,20593.480000000007,1144.9999999999995,0.020419084825748852,20598.54999999999,149.99999999999997,0.020434895861135848,20614.499999999996,594.9999999999998,0.021280563214655695,21467.59999999999,1362.9999999999998,0.020415496365052875,20594.929999999997,0.0,0.0,,812.0000000000002,0.022288385374984582,22484.280000000006,811.9999999999998,0.021692740550951037,21883.399999999994,117.99999999999996,0.02044669218220827,20626.399999999994,431.9999999999998,0.020443995880248853,20623.67999999999,838.0,0.021739390539998807,21930.460000000003,15.000000000000002,0.021128400585696264,21314.100000000002,891.0,0.02042044288960342,20599.920000000002,314.9999999999999,0.020946102817190455,21130.199999999993,627.9999999999998,0.02041893613262609,20598.39999999999,934.0000000000003,0.020415268368931316,20594.700000000008,1214.0000000000007,0.020410054196759814,20589.440000000013,4399.999999999999,0.020412591892721595,20591.999999999993,562.0000000000001,0.02052369539404912,20704.080000000005,1360.9999999999995,0.020412522502597636,20591.929999999993,759.0000000000001,0.020412264767851525,20591.670000000002,3415.0000000000005,0.02041303797208989,20592.450000000004
2025-01-15 00:00:00,235.84000000002197,1002726.17,205.99999999999997,0.020451545609904642,20507.299999999996,44.00000000000002,0.02045176501177785,20507.520000000008,75.00000000000003,0.02049412951892939,20550.000000000007,140.00000000000006,0.020515670793752206,20571.60000000001,109.99999999999997,0.02041424729146143,20469.899999999994,312.0,0.020414666149582993,20470.32,3078.0,0.020413050553971284,20468.7,216.99999999999997,0.02206083840416771,22120.979999999996,454.00000000000017,0.023362709282834425,23426.40000000001,319.0,0.02040821373994857,20463.850000000002,4012.9999999999973,0.020410657078990955,20466.299999999985,2173.000000000001,0.020414007943963412,20469.660000000007,1584.0,0.020409639852124333,20465.28,1339.9999999999998,0.02041953288204296,20475.199999999997,347.00000000000017,0.02075993488830556,20816.53000000001,2439.9999999999986,0.020415942669572484,20471.59999999999,3680.9999999999995,0.020410716915865473,20466.359999999997,3095.999999999999,0.020408921809630234,20464.559999999994,3833.0000000000005,0.02041257185897522,20468.22,4068.9999999999977,0.02041142498554714,20467.06999999999,548.0000000000001,0.020472269114109196,20528.080000000005,681.0,0.020421996166710202,20477.670000000002,3323.0000000000005,0.020414027889588248,20469.680000000004,2979.0000000000005,0.020410088628683147,20465.730000000003,439.99999999999994,0.020430702431951088,20486.399999999998,4354.000000000003,0.02040816387588649,20463.800000000014,992.9999999999995,0.020419991631414183,20475.659999999993,1189.0000000000005,0.020418914567673054,20474.580000000005,1125.9999999999995,0.020415025170830034,20470.679999999993,149.99999999999997,0.02042232526951999,20477.999999999996,568.9999999999998,0.02041128536617329,20466.92999999999,1342.0,0.020423242768262444,20478.92,0.0,0.0,,741.0000000000003,0.02043294631474514,20488.65000000001,764.9999999999995,0.020415743213324126,20471.39999999999,117.99999999999994,0.020498537502018115,20554.41999999999,457.9999999999998,0.02144920581857357,21507.67999999999,798.0000000000001,0.02041305055397128,20468.7,15.0,0.021237752276875355,21295.65,976.0000000000001,0.022056031508582253,22116.160000000003,307.9999999999999,0.020410956263363502,20466.599999999995,727.9999999999998,0.0231382811121804,23201.359999999993,949.0000000000003,0.020688738980453664,20745.140000000007,1557.000000000001,0.02517035134327851,25238.970000000016,4404.999999999999,0.020427560996039425,20483.249999999996,544.0000000000001,0.020415065062079716,20470.720000000005,1560.9999999999998,0.022931016151697726,22993.53,791.0000000000001,0.021141165588607312,21198.800000000003,3394.000000000001,0.020410178383994913,20465.820000000007
2025-01-16 00:00:00,571.2400000000198,1001257.34,227.99999999999994,0.021997142113335214,22024.799999999992,74.00000000000001,0.029389147848843743,29426.100000000002,75.00000000000003,0.020518201644344508,20544.000000000007,197.00000000000006,0.02607955912712711,26112.35000000001,108.99999999999999,0.020433608007308087,20459.299999999996,313.0,0.020450746458447935,20476.46,2984.0,0.020414731741192526,20440.399999999998,201.99999999999997,0.02041471176630775,20440.379999999997,395.0000000000002,0.020455031071232907,20480.75000000001,326.99999999999994,0.020784147260283752,20810.279999999995,3983.999999999997,0.020412254855479994,20437.919999999984,2172.000000000001,0.02041285410202337,20438.520000000008,1624.0,0.02079353545612959,20819.68,1305.0,0.02042367050213085,20449.35,339.0000000000002,0.020416030108703135,20441.70000000001,2395.9999999999986,0.020412214905710442,20437.879999999986,3737.9999999999995,0.020645181986880614,20671.14,3058.999999999999,0.020408459627372113,20434.11999999999,3836.0,0.020420204859621805,20445.88,4022.9999999999986,0.02041117621170197,20436.839999999993,542.0,0.02042939330661986,20455.08,676.0,0.02040981791953705,20435.48,3291.000000000001,0.02041144587264649,20437.110000000004,2966.0,0.02041007759303917,20435.739999999998,438.0,0.020428913909385175,20454.600000000002,4321.000000000003,0.020412664340617986,20438.330000000016,970.9999999999995,0.02041388280858944,20439.549999999992,1210.0000000000005,0.020677101852756462,20703.100000000006,1112.9999999999995,0.020420134947525072,20445.809999999994,159.0,0.02129671279113919,21323.49,560.9999999999998,0.020428374587496148,20454.05999999999,1327.0,0.020410137517693504,20435.8,0.0,0.0,,738.0000000000005,0.020409558246034944,20435.220000000012,773.9999999999994,0.020585736729780164,20611.619999999984,119.99999999999994,0.020642844925361538,20668.799999999992,438.9999999999997,0.02044047936767184,20466.179999999986,788.0,0.020415051339348983,20440.72,15.0,0.02089602658992742,20922.3,916.0000000000001,0.02041944581400023,20445.120000000003,304.99999999999983,0.020412384692231063,20438.04999999999,627.9999999999998,0.020428274713072257,20453.959999999992,935.0000000000003,0.02041343337368194,20439.100000000006,1218.000000000001,0.020424539409618726,20450.220000000016,4366.999999999998,0.020411895307553992,20437.55999999999,539.0000000000001,0.020445513038636003,20471.22,1374.9999999999998,0.0204205743949902,20446.249999999996,766.0,0.020411216161471537,20436.88,3378.000000000001,0.020411236136356318,20436.900000000005
2025-01-17 00:00:00,178.5300000000243,1001581.2500000001,199.99999999999997,0.020507572401140695,20539.999999999996,52.000000000000014,0.020575584856445756,20608.120000000006,75.00000000000003,0.020611158605455135,20643.750000000007,156.00000000000006,0.020484728523022983,20517.12000000001,108.99999999999997,0.020492296556070714,20524.699999999997,310.0,0.02045245954833919,20484.8,2958.9999999999995,0.020414409714638728,20446.69,200.99999999999997,0.020473646047187884,20506.019999999997,414.0000000000002,0.021212937043300295,21246.48000000001,319.0,0.02040924787679482,20441.52,4124.999999999996,0.02100428697122673,21037.499999999978,2396.0000000000005,0.022128010084054597,22163.000000000004,1610.9999999999998,0.020411314608774874,20443.589999999997,1296.9999999999998,0.020421398663363555,20453.689999999995,358.0000000000002,0.02134600662702104,21379.760000000013,2685.999999999998,0.022419509151154725,22454.959999999985,3676.9999999999995,0.020411843772035466,20444.119999999995,3090.999999999999,0.02058442088447642,20616.969999999994,3814.0000000000005,0.02041076547708936,20443.040000000005,4311.999999999998,0.02161206592076279,21646.23999999999,532.9999999999999,0.020418922578672474,20451.209999999995,670.0000000000001,0.020409427592619177,20441.700000000004,3516.000000000001,0.02155415748847136,21588.240000000005,3361.0,0.022617376273767108,22653.14,437.0,0.02043240126549893,20464.71,4597.000000000003,0.02147999475828847,21513.96000000001,1047.9999999999995,0.021732595333628695,21766.959999999992,1191.0000000000007,0.020417185325703746,20449.470000000012,1142.9999999999995,0.02086105345921761,20894.039999999994,152.99999999999997,0.020437553119130373,20469.869999999995,566.9999999999998,0.020589233274884083,20621.78999999999,1453.0,0.021992704036741903,22027.48,0.0,0.0,,734.0000000000005,0.020416955688817073,20449.240000000013,765.9999999999993,0.0204199110157064,20452.199999999983,118.99999999999994,0.020495092135560635,20527.49999999999,430.9999999999997,0.020414359793576396,20446.639999999985,777.0,0.020433868944731145,20466.18,15.000000000000002,0.021014620631127034,21047.850000000002,913.0000000000001,0.020409797008480345,20442.070000000003,301.99999999999983,0.020467395930185383,20499.759999999987,640.9999999999998,0.020754811454387744,20787.629999999994,932.0000000000003,0.020415797520171242,20448.08000000001,1249.000000000001,0.020837840165238736,20870.790000000015,4358.999999999997,0.020411434419324435,20443.70999999999,557.0000000000001,0.020965747911115558,20998.900000000005,1439.0,0.021191740560239123,21225.25,765.0,0.02042380485856739,20456.1,3582.0000000000005,0.021422305978671233,21456.180000000004
2025-01-20 00:00:00,138.34000000002197,1003626.24,218.99999999999997,0.02204999143904408,22129.949999999997,50.000000000000014,0.020620724304697344,20695.500000000007,74.00000000000003,0.020549283366684403,20623.800000000007,154.00000000000003,0.020506199598766973,20580.56,108.99999999999997,0.020404926838102595,20478.919999999995,307.99999999999994,0.020466304268808275,20540.519999999997,3337.9999999999995,0.02261638755080776,22698.399999999998,196.99999999999991,0.02046108320165084,20535.27999999999,377.0000000000003,0.020415916985191636,20489.950000000015,319.0,0.02046619466625345,20540.41,4047.9999999999964,0.020408872530076515,20482.87999999998,2229.0000000000005,0.02041049664066177,20484.510000000002,1741.9999999999998,0.02181782333630496,21896.94,1297.9999999999998,0.02042136722132733,20495.419999999995,339.0000000000002,0.020462418360046083,20536.620000000014,2528.999999999998,0.020410885231537973,20484.899999999983,3772.9999999999995,0.020864490350511362,20940.149999999998,3178.9999999999986,0.020905591308573192,20981.39999999999,3968.0000000000005,0.02111256078756969,21189.120000000003,4112.999999999998,0.020408733035915835,20482.739999999994,527.9999999999999,0.02041764073446306,20491.679999999997,664.0,0.020430235064400074,20504.32,3358.0000000000005,0.020409789205989678,20483.800000000003,3039.0,0.020408852602339295,20482.86,433.99999999999994,0.020436731506740996,20510.839999999997,4415.000000000003,0.020411582702341478,20485.60000000001,990.9999999999997,0.020409958591756226,20483.969999999994,1182.0000000000007,0.02041004826657383,20484.06000000001,1121.9999999999995,0.02041369504248912,20487.719999999994,151.99999999999997,0.020503409715553072,20577.759999999995,637.9999999999998,0.022567166039819758,22648.999999999993,1353.0,0.02041040696584418,20484.420000000002,0.0,0.0,,750.0000000000003,0.020789611877824174,20865.00000000001,899.9999999999994,0.02340512739085019,23489.999999999985,116.99999999999991,0.020545576807557354,20620.079999999987,443.99999999999966,0.020929743726110617,21005.639999999985,771.9999999999999,0.02042254295782462,20496.6,15.000000000000002,0.02127146456433822,21348.600000000002,955.0000000000001,0.021210037314289436,21286.95,301.99999999999983,0.020458791511867996,20532.97999999999,625.9999999999998,0.020427425253448928,20501.499999999993,1121.0000000000002,0.023869214499612934,23955.770000000008,1205.000000000001,0.020410984870224216,20485.000000000015,4617.999999999997,0.021442125706079576,21519.879999999986,552.0000000000001,0.020410705881902816,20484.720000000005,1344.0,0.020421945125707358,20496.0,763.9999999999999,0.020424057465855017,20498.119999999995,3449.0000000000005,0.020413037427160143,20487.060000000005
2025-01-21 00:00:00,433.5900000000256,1001773.22,201.0,0.020433606719892153,20469.84,49.000000000000014,0.020468245298072556,20504.540000000005,74.00000000000003,0.02060206800097931,20638.600000000006,154.00000000000003,0.020410387891982185,20446.580000000005,113.99999999999996,0.021231332177156816,21268.979999999992,294.9999999999999,0.020463264130778015,20499.549999999992,2998.0,0.020410168281400055,20446.36,192.99999999999994,0.02042756742888375,20463.789999999994,402.0000000000003,0.021593330274889976,21631.620000000017,314.99999999999994,0.020410457768076488,20446.649999999994,4040.999999999996,0.020411266334310653,20447.459999999977,2223.000000000001,0.020415399006174277,20451.600000000006,1632.9999999999998,0.02040897040549756,20445.159999999996,1297.9999999999998,0.020407313343832445,20443.499999999996,342.00000000000017,0.0205621986980247,20598.66000000001,2815.9999999999986,0.0224319033004296,22471.67999999999,3696.999999999999,0.020408221733058503,20444.409999999996,3225.999999999998,0.02067425998870282,20710.919999999987,3843.0,0.020408571113530068,20444.760000000002,4080.999999999998,0.02040961925494474,20445.80999999999,525.0,0.020417794757979255,20454.0,681.9999999999999,0.020893531172654026,20930.579999999998,3397.0000000000005,0.020617201166547458,20653.760000000002,3029.0,0.02040955936114962,20445.75,431.99999999999994,0.020418992633881746,20455.199999999997,4407.000000000002,0.0204122845288278,20448.480000000007,1113.9999999999998,0.022618652153628137,22658.759999999995,1179.000000000001,0.0204194418373452,20455.650000000016,1114.9999999999995,0.020412903431377406,20449.09999999999,148.99999999999997,0.02047057117378322,20506.869999999995,584.9999999999997,0.02042123865119891,20457.449999999986,1600.0,0.02363808447584574,23680.0,0.0,0.0,,730.0000000000002,0.020411106617523683,20447.300000000007,790.9999999999994,0.020426948526334122,20463.169999999987,121.99999999999993,0.02115876086206416,21196.279999999988,438.9999999999996,0.02042118873970297,20457.399999999983,822.9999999999998,0.02159015590374835,21628.439999999995,15.000000000000002,0.02121123780889252,21248.850000000002,896.0,0.020428415924314686,20464.64,336.99999999999983,0.02246838860395968,22508.229999999992,636.9999999999998,0.02072308341402857,20759.829999999994,968.0000000000002,0.02041763504119226,20453.840000000004,1296.0000000000011,0.021760134494312015,21798.72000000002,4396.999999999997,0.020409858830125235,20446.04999999999,551.0000000000001,0.020422416562503043,20458.630000000005,1316.0,0.02041444070545228,20450.64,761.9999999999999,0.020423484668516092,20459.699999999997,3901.000000000001,0.022741514292027098,22781.840000000004
2025-01-22 00:00:00,333.29000000002634,991994.66,208.0,0.021018177658335375,20849.92,48.00000000000001,0.02077172471876008,20605.440000000002,74.00000000000003,0.02061045368933741,20445.46000000001,154.00000000000003,0.02052464677582035,20360.340000000004,109.99999999999997,0.020495372424686232,20331.299999999996,286.9999999999999,0.02046332588120988,20299.509999999995,2952.0,0.020414142148708743,20250.72,188.99999999999994,0.020510039842351564,20345.849999999995,383.00000000000034,0.020420341778855964,20256.870000000017,304.99999999999994,0.02040928325158524,20245.899999999994,4358.999999999995,0.021795117324522672,21620.639999999978,2196.000000000001,0.02041051309691527,20247.12000000001,1625.0,0.02041089616349346,20247.5,1289.9999999999998,0.020416440548177945,20252.999999999996,347.00000000000017,0.0206661999571651,20500.76000000001,2608.999999999999,0.020409222767388678,20245.839999999993,3887.999999999999,0.021321405097079853,21150.719999999998,3119.9999999999986,0.020412206654418875,20248.799999999992,4120.000000000001,0.02167995541427612,21506.400000000005,4214.999999999998,0.020990133152531277,20822.09999999999,535.0,0.020742147946643183,20576.100000000002,670.9999999999999,0.02043449508085053,20270.909999999996,3392.0000000000005,0.02041365827513628,20250.24,3221.0000000000005,0.021527565481048054,21355.230000000003,464.99999999999994,0.02175011708228348,21575.999999999996,4663.000000000002,0.02143487344982281,21263.280000000006,1017.9999999999998,0.020421682511879643,20258.199999999993,1179.000000000001,0.020406793318826957,20243.43000000002,1244.9999999999995,0.022452792235796906,22273.049999999992,194.99999999999997,0.025676448701850874,25470.899999999998,580.9999999999997,0.02041124898797337,20247.849999999988,1386.0,0.02041287198058102,20249.46,0.0,0.0,,770.0000000000002,0.021376929589520175,21205.800000000007,787.9999999999994,0.020415029250258246,20251.599999999984,118.99999999999994,0.020436440655839813,20272.839999999993,435.9999999999996,0.020437610016973258,20273.99999999998,779.9999999999998,0.02041220665441888,20248.799999999996,15.000000000000002,0.02100979051641266,20841.600000000002,883.0,0.02042838617699817,20264.85,302.99999999999983,0.020467882357350583,20304.02999999999,620.9999999999998,0.020414232875003574,20250.809999999994,963.0000000000001,0.02041532159054163,20251.890000000003,1252.0000000000011,0.020420835733127855,20257.36000000002,4372.999999999997,0.020410382047822702,20246.989999999987,586.0000000000001,0.021526164263827793,21353.840000000004,1313.0,0.020423083729099914,20259.59,759.9999999999999,0.020425109949684606,20261.6,3509.000000000001,0.02041032156362616,20246.930000000004
2025-01-23 00:00:00,823.1900000000242,998002.0700000001,218.99999999999997,0.021250416845327785,21207.96,52.000000000000014,0.021663321800524927,21620.040000000005,73.00000000000001,0.02060014765300036,20558.990000000005,165.0,0.021539233881548964,21496.2,109.99999999999997,0.02044805378008885,20407.199999999997,315.99999999999994,0.022009132706508307,21965.159999999996,2972.0,0.020518073674937364,20477.079999999998,205.99999999999997,0.021826046913910702,21782.439999999995,400.0000000000004,0.02112220067840142,21080.000000000022,341.99999999999994,0.02233618613636743,22291.559999999998,3985.999999999996,0.020409236225331657,20368.45999999998,2172.0000000000005,0.02041414603478729,20373.360000000004,1601.9999999999998,0.02041823420266052,20377.44,1458.9999999999998,0.022484342141695153,22439.42,344.00000000000017,0.02041246267154537,20371.68000000001,2635.9999999999995,0.02057554850562584,20534.439999999995,3737.999999999999,0.020412883512355835,20372.099999999995,3095.999999999998,0.02041246267154535,20371.67999999999,3851.000000000001,0.020412572891757633,20371.790000000005,3978.9999999999977,0.02041326427308912,20372.47999999999,504.99999999999994,0.02044790347979939,20407.049999999996,657.0,0.02042752276054898,20386.71,3291.0000000000005,0.020412071890792773,20371.290000000005,2970.0000000000005,0.020414987716408248,20374.200000000004,425.99999999999994,0.020412101950850657,20371.319999999996,4343.000000000003,0.020409446645736927,20368.670000000013,1009.9999999999998,0.020422602931074074,20381.799999999996,1358.0000000000007,0.02280564408047772,22760.080000000013,1099.9999999999995,0.02041278331216286,20371.999999999993,156.99999999999997,0.020516931392737487,20475.939999999995,579.9999999999998,0.02043943656349329,20398.59999999999,1464.0,0.021314504888752382,21271.92,0.0,0.0,,745.0000000000002,0.02041654081939931,20375.750000000007,787.9999999999994,0.020418474683123636,20377.679999999986,118.99999999999993,0.020392122032372124,20351.37999999999,435.9999999999996,0.020432542790216838,20391.719999999983,779.9999999999998,0.020430017745353968,20389.199999999993,15.000000000000002,0.0209133834762487,20871.600000000002,1041.0,0.023219050036639703,23172.66,302.99999999999983,0.020441831348105306,20400.989999999987,620.9999999999998,0.020422021769954838,20381.219999999994,959.0000000000001,0.020429156023694422,20388.340000000004,1285.0000000000011,0.020832922721292568,20791.300000000017,4370.999999999997,0.02040963702610355,20368.85999999999,554.0000000000001,0.020439115922875794,20398.280000000006,1360.0,0.020985928415960097,20944.0,757.9999999999999,0.0204158293980292,20375.039999999997,3521.0000000000014,0.020462683008262702,20421.800000000007
2025-01-24 00:00:00,402.6100000000224,1007842.4799999999,210.99999999999997,0.020485691375104566,20646.349999999995,51.00000000000002,0.020767025021608543,20929.890000000007,68.00000000000003,0.020519912992752604,20680.840000000007,158.0,0.020496179125134715,20656.920000000002,115.99999999999999,0.021313727518212963,21480.879999999997,292.9999999999999,0.02042308238485839,20583.249999999993,2922.0000000000005,0.02041080864144564,20570.880000000005,192.99999999999997,0.02044051566470982,20600.819999999996,380.00000000000045,0.020428192310369794,20588.400000000023,310.99999999999994,0.020415650667949613,20575.759999999995,4347.999999999995,0.021915964486831294,22087.83999999998,2291.0000000000005,0.021322359819562285,21489.580000000005,1724.9999999999998,0.021685680484513806,21855.749999999996,1325.9999999999998,0.02041938140968219,20579.519999999997,344.00000000000017,0.02046232462834868,20622.80000000001,2738.9999999999995,0.02106207112841681,21227.249999999996,3712.9999999999995,0.02040995533349616,20570.019999999997,3104.9999999999986,0.02045676820449163,20617.19999999999,3938.000000000001,0.0207871372915339,20950.160000000007,4198.999999999997,0.02133158745203912,21498.879999999986,544.0,0.021687833598758408,21857.92,655.0,0.020432954959390084,20593.2,3443.000000000001,0.021180492411869766,21346.600000000006,3234.000000000001,0.021884253182104418,22055.88000000001,425.99999999999994,0.02041991720769698,20580.059999999998,4696.000000000003,0.02175967022148145,21930.32000000001,1007.9999999999998,0.020413189965955786,20573.279999999995,1156.0000000000005,0.020416682575237363,20576.80000000001,1129.9999999999995,0.020865661467256266,21029.299999999992,156.99999999999997,0.020487963555574678,20648.64,573.9999999999999,0.02041207868118438,20572.159999999996,1375.0000000000002,0.020409935489125248,20570.000000000004,0.0,0.0,,799.0000000000002,0.021611254171386,21780.74000000001,824.9999999999994,0.021193043976475357,21359.249999999985,128.99999999999991,0.02177983210233407,21950.639999999985,469.99999999999955,0.021698926602101532,21869.09999999998,785.9999999999998,0.02053433985040995,20695.379999999994,15.000000000000002,0.020605005655248827,20766.600000000002,905.0000000000001,0.020419560009020458,20579.7,318.99999999999983,0.02128581641051684,21452.74999999999,613.9999999999998,0.020427219936194785,20587.419999999995,957.0000000000003,0.02041539269112769,20575.500000000007,1221.0000000000011,0.020413755530526975,20573.85000000002,4400.999999999996,0.020523742956339748,20684.699999999983,553.0,0.020438957881592768,20599.25,1325.0,0.020417129073583007,20577.25,783.9999999999999,0.02097994519937282,21144.479999999996,3631.000000000002,0.020931951588307737,21096.110000000008
2025-01-27 00:00:00,644.9300000000221,1007326.11,248.0,0.02312768404265824,23297.12,63.00000000000002,0.023946634322821243,24122.070000000007,66.00000000000003,0.020514309909032347,20664.60000000001,170.99999999999997,0.021684675680649235,21843.539999999997,114.99999999999997,0.020525478089712175,20675.849999999995,347.99999999999994,0.023301887806720305,23472.6,3012.0,0.02090075874236994,21053.88,206.99999999999997,0.021554320675754145,21712.229999999996,394.00000000000045,0.020996100259924787,21149.920000000024,308.99999999999994,0.02044506718881733,20594.85,3938.9999999999955,0.02041203915582013,20561.579999999976,2146.0000000000005,0.02040916024702269,20558.680000000004,1621.9999999999998,0.020417380028003043,20566.959999999995,1306.9999999999998,0.02042256206383849,20572.179999999997,353.00000000000017,0.020815701878312286,20968.200000000008,2615.9999999999995,0.02041221784671103,20561.76,3710.999999999999,0.02040941835608728,20558.939999999995,3027.999999999998,0.020410589774149692,20560.119999999988,3829.0000000000014,0.020412188064895892,20561.730000000007,3976.9999999999973,0.020411552719506086,20561.089999999986,515.9999999999999,0.02044378657076604,20593.559999999994,665.9999999999999,0.020674357383628224,20825.819999999996,3238.0000000000005,0.020411761192212125,20561.300000000003,2980.000000000001,0.02041245610123221,20562.000000000007,425.99999999999994,0.020426155736199467,20575.799999999996,4292.000000000003,0.0204091602470227,20558.680000000015,998.9999999999998,0.02040989486512962,20559.419999999995,1309.0000000000007,0.02248100170857282,22645.70000000001,1099.9999999999995,0.02040947791971757,20558.999999999993,156.99999999999997,0.020496907401715215,20647.069999999996,559.9999999999999,0.020435884462480573,20585.599999999995,1397.0000000000005,0.02066391389378362,20815.300000000007,0.0,0.0,,736.0000000000003,0.020428895663192934,20578.56000000001,786.9999999999995,0.020414749300998448,20564.309999999987,122.99999999999993,0.020562556449569235,20713.19999999999,445.99999999999955,0.020437631662302468,20587.35999999998,774.9999999999999,0.02042660246342666,20576.249999999996,15.000000000000002,0.020600528263880705,20751.450000000004,946.0000000000001,0.021130197846256565,21285.000000000004,303.99999999999983,0.02046129827807202,20611.199999999986,626.9999999999998,0.020745923085424632,20897.909999999993,1056.0000000000002,0.022035684153962818,22197.120000000003,1205.0000000000011,0.020419752645943052,20569.35000000002,4355.999999999997,0.020410788319583997,20560.319999999985,547.0,0.020439339153037542,20589.08,1359.0000000000002,0.020816863369102982,20969.370000000003,780.0,0.02041126482862635,20560.8,3515.0000000000023,0.02041320064661087,20562.75000000001
2025-02-05 00:00:00,1175.5300000000207,1007252.09,203.0,0.020429950162724413,20578.11,54.000000000000014,0.020670872968851332,20820.780000000006,56.00000000000003,0.020582493901799708,20731.76000000001,148.0,0.020413598744679698,20561.64,113.99999999999999,0.020557872458720833,20706.959999999995,298.99999999999994,0.02042605838623775,20574.189999999995,2949.9999999999995,0.020413459752662316,20561.499999999996,186.99999999999997,0.0204163289450211,20564.389999999996,379.00000000000045,0.020435291427392352,20583.490000000027,286.9999999999999,0.02044683769283616,20595.11999999999,4212.999999999995,0.02128977463824372,21444.169999999976,2195.000000000001,0.020702364588789296,20852.500000000007,1683.9999999999998,0.020898442613308452,21049.999999999996,1287.9999999999998,0.020421263161638115,20569.359999999997,349.00000000000017,0.02041502837685848,20563.08000000001,2783.0,0.021219553885462775,21373.44,3896.9999999999986,0.021047044935890873,21199.679999999993,3137.999999999998,0.020873225490155092,21024.599999999988,4088.000000000001,0.021266890595382143,21421.120000000006,4256.999999999997,0.02130080464762301,21455.279999999988,552.9999999999999,0.0213074067684486,21461.929999999997,694.9999999999999,0.020962081101266315,21114.099999999995,3422.0,0.021131591794463295,21284.84,3074.0000000000005,0.02081373690671618,20964.680000000004,453.0,0.021214162980788657,21368.010000000002,4569.000000000003,0.02122896563063971,21382.920000000013,1120.9999999999998,0.021924700101639896,22083.699999999993,1185.0000000000005,0.02041172235244507,20559.75000000001,1128.9999999999993,0.02074732850641193,20897.78999999999,172.99999999999997,0.02167884307889597,21836.059999999998,608.0,0.021476887677641852,21632.64,1364.0000000000002,0.020421024889608327,20569.120000000003,0.0,0.0,,774.0000000000002,0.02106259218583504,21215.340000000007,869.9999999999997,0.021722963116413085,21880.49999999999,123.99999999999994,0.020454263837764778,20602.59999999999,445.9999999999996,0.020452417229533854,20600.73999999998,869.9999999999998,0.021930259782335124,22089.299999999996,15.000000000000002,0.020137560598161682,20283.600000000002,921.0,0.020408714168068894,20556.72,310.99999999999983,0.02068697618686499,20836.99999999999,617.9999999999998,0.02042509537011732,20573.21999999999,952.0000000000001,0.020415147512873374,20563.200000000004,1224.0000000000011,0.02060957748918647,20759.04000000002,4264.999999999996,0.020409289992140884,20557.299999999985,571.0,0.020969219334158944,21121.29,1358.0000000000002,0.020412089688490998,20560.120000000003,780.0,0.020428252474512118,20576.399999999998,3612.0000000000023,0.020762905540359828,20913.480000000014
2025-02-06 00:00:00,39699.820000000014,997198.9299999999,195.0,0.020421050792744033,20363.850000000002,54.000000000000014,0.02044280171860995,20385.540000000005,56.000000000000036,0.02053110907369306,20473.600000000013,145.0,0.02043699545485874,20379.75,105.99999999999999,0.020437867898634828,20380.62,287.99999999999994,0.020430346831599583,20373.119999999995,2915.9999999999995,0.020410852225844243,20353.679999999997,180.99999999999997,0.02049774562032472,20440.329999999998,362.00000000000045,0.020463259020945822,20405.940000000024,280.9999999999999,0.02047481137991192,20417.459999999992,4014.9999999999955,0.020413228883027358,20356.049999999977,2125.000000000001,0.020414682955987536,20357.500000000007,1620.9999999999998,0.020416949304187477,20359.76,1287.9999999999998,0.02042047919164935,20363.28,342.00000000000017,0.02045760317853531,20400.30000000001,2633.0,0.020410260568570805,20353.09,3740.9999999999986,0.020408204810247833,20351.039999999994,2984.999999999998,0.020414883517775123,20357.69999999999,3870.000000000001,0.02041337930436809,20356.200000000004,4045.9999999999973,0.020408545765286758,20351.379999999986,516.9999999999999,0.020432202028134942,20374.969999999994,664.0,0.020408766383253136,20351.6,3272.0,0.020409007057398267,20351.84,2989.000000000001,0.020412266186446874,20355.090000000004,427.0,0.020425112168943063,20367.9,4358.000000000004,0.02040902711357704,20351.860000000015,1033.9999999999998,0.020416648461506065,20359.459999999995,0.0,0.0,,1092.9999999999995,0.02040882655178941,20351.659999999993,156.99999999999997,0.020421672534285607,20364.469999999998,570.0,0.020411875090961037,20354.7,1319.0000000000002,0.020409337984347818,20352.170000000002,0.0,0.0,,745.0000000000001,0.020418042365929936,20360.850000000002,802.9999999999997,0.020413228883027372,20356.049999999992,121.99999999999994,0.020532773736530174,20475.25999999999,427.9999999999996,0.02040856582146551,20351.39999999998,797.9999999999997,0.020430166325990734,20372.93999999999,15.0,0.020476556267464106,20419.2,906.0,0.02042408930382627,20366.88,306.99999999999983,0.020438981016556033,20381.72999999999,605.9999999999997,0.02041879447263345,20361.599999999988,870.9999999999999,0.020429915623756234,20372.69,1205.0000000000011,0.020409618770850485,20352.45000000002,4103.999999999996,0.020413018293150377,20355.839999999982,548.0,0.02043736649416581,20380.12,1349.0000000000002,0.020413589894245077,20356.410000000003,760.0,0.020425212449836864,20368.0,3473.0000000000023,0.020408946888862,20351.780000000013
2025-02-07 00:00:00,532.2300000000032,1008986.25,237.99999999999994,0.024184809257807034,24402.139999999996,52.00000000000001,0.020662679991922596,20848.360000000004,56.000000000000036,0.02069974689942506,20885.760000000013,164.0,0.022664491215811915,22868.16,114.99999999999997,0.021876512192311837,22073.099999999995,286.99999999999994,0.020411695402192054,20595.12,2981.999999999999,0.020806309303025686,20993.279999999995,176.99999999999994,0.020433340890423434,20616.959999999995,380.00000000000045,0.021275017375112924,21466.200000000026,275.99999999999994,0.020428107915246616,20611.679999999997,4480.9999999999945,0.02242751078124204,22629.04999999997,2257.0000000000005,0.021496596212287344,21689.770000000004,1582.9999999999998,0.020411407984994842,20594.829999999998,1277.9999999999998,0.02041787982740102,20601.359999999997,342.00000000000017,0.02045248882232044,20636.28000000001,2709.9999999999995,0.02092288175383956,21110.899999999998,3812.999999999998,0.02074693287445691,20933.36999999999,3108.999999999998,0.021137790529851118,21327.739999999987,4148.000000000001,0.021665270463299184,21859.960000000003,4523.999999999997,0.022463378465266488,22665.239999999987,516.9999999999999,0.02040358825504312,20586.939999999995,658.0,0.02043805849683284,20621.72,3558.9999999999995,0.021939823263201062,22136.979999999996,3381.0000000000014,0.022685512314959706,22889.370000000006,427.0,0.020453113211404025,20636.91,4882.000000000005,0.022499117307099106,22701.30000000002,1024.9999999999998,0.020419009674314197,20602.499999999996,0.0,0.0,,1241.9999999999993,0.022772361863206754,22976.99999999999,156.99999999999997,0.020439842465643118,20623.519999999997,626.0000000000001,0.02211814085672625,22316.9,1269.0000000000002,0.020412438722529676,20595.870000000003,0.0,0.0,,836.0,0.022528394217463325,22730.84,809.9999999999997,0.020559348554056108,20744.09999999999,120.99999999999994,0.020433568841993627,20617.189999999988,465.99999999999955,0.021956334885633956,22153.639999999978,807.9999999999995,0.020628705297024607,20814.07999999999,15.000000000000002,0.020581648164184604,20766.600000000002,959.0,0.02143284906013338,21625.45,302.99999999999983,0.02044452042830117,20628.239999999987,671.9999999999997,0.022304843103659735,22505.27999999999,1029.0,0.023537803414070312,23749.32,1147.000000000001,0.020416650871109516,20600.120000000017,4069.9999999999964,0.020410783595911225,20594.19999999998,590.0,0.021746678906674897,21942.1,1281.0,0.020415025477304578,20598.48,747.0000000000001,0.02041136834124351,20594.790000000005,3689.000000000002,0.021498132407651756,21691.32000000001
2025-02-10 00:00:00,353.0000000000073,1016742.44,199.99999999999994,0.02042798567550696,20769.999999999993,47.99999999999999,0.020609349207455135,20954.399999999998,56.00000000000004,0.020740119788842507,21087.360000000015,147.0,0.020536056309403194,20879.879999999997,108.99999999999999,0.020461170087480562,20803.739999999998,288.99999999999994,0.020471044761345848,20813.779999999995,2866.9999999999986,0.020415278425871545,20757.07999999999,176.99999999999991,0.020493331624870496,20836.43999999999,365.0000000000005,0.020433690168377382,20775.80000000003,272.99999999999994,0.020451993722225264,20794.409999999996,4117.9999999999945,0.02041295728739323,20754.719999999972,2162.0000000000005,0.02041342938335495,20755.200000000004,1656.9999999999998,0.020827752601730677,21176.459999999995,1267.9999999999998,0.02041535710853183,20757.159999999996,342.00000000000017,0.020434378641654826,20776.50000000001,2673.9999999999995,0.020408551058417504,20750.239999999994,3772.999999999998,0.02040979031031693,20751.49999999999,2830.9999999999977,0.020409524756338476,20751.229999999985,3945.000000000001,0.02040900348371413,20750.700000000004,4141.999999999997,0.020409711627656642,20751.419999999984,528.9999999999999,0.020603448007934042,20948.399999999998,667.0,0.02052676192015748,20870.43,3346.9999999999995,0.020409691956991584,20751.399999999998,3065.0000000000014,0.020408364187099348,20750.050000000007,430.00000000000006,0.020448148107204026,20790.500000000004,4463.000000000005,0.02041121643353456,20752.950000000023,1044.9999999999998,0.02058667876596161,20931.349999999995,2210.0,0.03762516296654244,38255.1,1107.9999999999993,0.020411108244876637,20752.83999999999,157.99999999999997,0.020433316425741015,20775.42,587.0000000000001,0.020408757600400753,20750.450000000004,1315.0000000000002,0.020732340040807193,21079.450000000004,0.0,0.0,,770.0,0.02042493672242107,20766.899999999998,819.9999999999997,0.0205092255222473,20852.59999999999,120.99999999999994,0.020563310015858087,20907.58999999999,434.9999999999996,0.02044205020103221,20784.29999999998,801.9999999999995,0.0204139801619769,20755.759999999987,15.000000000000002,0.020358400697820783,20699.250000000004,917.0,0.02041901585223491,20760.88,294.99999999999983,0.0204753428016637,20818.149999999987,622.9999999999998,0.020428792172774844,20770.819999999996,894.0000000000001,0.020425644866363602,20767.620000000003,1147.000000000001,0.020407557689831476,20749.230000000018,3922.9999999999964,0.020410941044223533,20752.66999999998,553.0000000000001,0.020444971294795174,20787.270000000008,1272.0000000000002,0.020417206151048445,20759.040000000005,756.0000000000001,0.020507140431749858,20850.480000000003,3529.0000000000014,0.0204088264477285,20750.520000000008
2025-02-11 00:00:00,1433.5600000000086,1014511.18,225.99999999999994,0.022468318190441226,22794.359999999993,46.99999999999999,0.020717760843207263,21018.399999999998,55.00000000000004,0.020442209419515727,20738.850000000017,152.0,0.020936664295804017,21240.480000000003,116.99999999999999,0.02157873706231606,21891.87,297.99999999999994,0.02091117418735592,21214.619999999995,2948.999999999999,0.020870957774955217,21173.819999999992,169.99999999999994,0.020507018956656534,20804.59999999999,394.00000000000045,0.021682383036922298,21997.020000000026,295.0,0.02169803589547431,22012.9,4020.9999999999936,0.02041194854057692,20708.14999999997,2144.0000000000005,0.020414797203122004,20711.040000000005,1587.9999999999995,0.02041132755185605,20707.519999999993,1233.9999999999998,0.020410341855473683,20706.519999999997,366.0000000000001,0.021526840147784283,21839.22000000001,2647.9999999999995,0.020411169840434874,20707.359999999997,4111.999999999998,0.02184665919600806,22163.67999999999,2749.999999999998,0.020411307837928393,20707.499999999985,4051.000000000001,0.020843752554801816,21146.220000000005,4116.999999999998,0.020412303391274592,20708.50999999999,533.9999999999999,0.0205596945713304,20858.039999999997,667.0,0.020420691667488573,20717.02,3260.9999999999995,0.02041115998347105,20707.349999999995,3027.000000000002,0.020408528174130136,20704.68000000001,438.0000000000001,0.0207103286924842,21010.860000000004,4368.000000000004,0.02040817332343249,20704.320000000018,1033.9999999999998,0.020414777489194347,20711.019999999997,1216.0,0.020424259888392752,20720.64,1105.9999999999993,0.020419075125421474,20715.379999999986,202.99999999999994,0.02479594162776993,25155.759999999995,587.0000000000001,0.02043049934649316,20726.970000000005,1341.0000000000002,0.020726119548529768,21026.880000000005,0.0,0.0,,767.9999999999999,0.020409119591959547,20705.28,819.9999999999997,0.020408843596972478,20704.999999999993,120.99999999999994,0.020442751552526006,20739.39999999999,470.9999999999996,0.021727508217307158,22042.79999999998,809.9999999999994,0.020567146435981107,20865.599999999988,15.000000000000002,0.02020342447088656,20496.600000000002,936.0000000000001,0.020740313576435895,21041.280000000002,293.99999999999983,0.02041024328583544,20706.41999999999,648.9999999999998,0.021078673573612067,21384.549999999996,911.0,0.020716154158104003,21016.77,1095.000000000001,0.020421066232113892,20717.40000000002,3899.9999999999964,0.020412786382501942,20708.999999999978,546.0000000000001,0.02043508283467118,20731.620000000003,1298.0000000000002,0.02073962358896824,21040.580000000005,756.0000000000001,0.020418109142966764,20714.4,3522.0000000000014,0.020413141233199626,20709.360000000008
2025-02-12 00:00:00,508.34000000001106,1021631.9299999998,199.99999999999994,0.020422227797833214,20863.999999999993,48.99999999999999,0.021067998530547104,21523.739999999998,54.00000000000004,0.02072983368873369,21178.260000000017,149.00000000000003,0.0205379054665999,20982.180000000004,106.99999999999999,0.020593923684433003,21039.409999999996,290.99999999999994,0.02046279035151143,20905.44,3024.999999999999,0.020845080674015345,21295.999999999993,154.99999999999997,0.020433386415399137,20875.399999999998,373.00000000000045,0.020427464517480412,20869.350000000028,280.0,0.020412831067251398,20854.4,4092.999999999994,0.02071275317324897,21160.80999999997,2245.0000000000005,0.021205533386177554,21664.250000000004,1646.9999999999995,0.02103825200529901,21493.349999999995,1423.9999999999998,0.022970621131624187,23467.519999999997,347.0000000000001,0.020440296927681196,20882.460000000006,2778.9999999999995,0.02124443193548189,21703.989999999994,3832.9999999999977,0.02041001204807684,20851.51999999999,2999.999999999998,0.02193549295194796,22409.999999999985,3979.0000000000005,0.020408485079357306,20849.960000000003,4287.999999999998,0.021111947822539175,21568.639999999992,527.9999999999999,0.02041439718901503,20855.999999999996,700.0,0.021240526419333824,21700.0,3243.0,0.02041096150939605,20852.489999999998,3018.000000000002,0.020412811490729363,20854.380000000012,430.0000000000001,0.020426045219632094,20867.900000000005,4386.000000000003,0.02047823622740532,20921.220000000012,1097.9999999999998,0.021452031163513068,21916.079999999998,1210.0,0.020418704023865034,20860.399999999998,1087.9999999999995,0.02042598649006594,20867.83999999999,170.99999999999991,0.020483874265754393,20926.97999999999,642.0000000000001,0.02198165439093119,22457.160000000003,1316.0,0.020416942136880945,20858.6,0.0,0.0,,784.0,0.02075816091613347,21207.2,819.9999999999997,0.02041909555430594,20860.799999999992,118.99999999999994,0.020577410888087642,21022.53999999999,445.99999999999955,0.020439572596365488,20881.71999999998,851.9999999999994,0.02128265509477566,21743.039999999986,15.000000000000002,0.020429666876210503,20871.600000000002,925.0,0.020426143102242316,20868.0,298.9999999999999,0.02069755200388069,21145.27999999999,630.9999999999998,0.020419154283872077,20860.859999999993,907.0000000000001,0.02041041336677878,20851.93,1361.000000000001,0.024392258374305135,24919.910000000014,3970.9999999999964,0.02071727534984149,21165.429999999982,541.0000000000001,0.02044572941254881,20888.010000000006,1278.0000000000005,0.02041533686207322,20856.960000000006,753.0000000000001,0.02041645272382981,20858.100000000002,3704.000000000001,0.021282106952158406,21742.480000000007
2025-02-13 00:00:00,348.5600000000122,1018868.28,232.99999999999994,0.023122351006942717,23558.629999999994,48.99999999999999,0.020544186536065285,20931.819999999996,54.000000000000036,0.02041029287907561,20795.400000000016,179.00000000000003,0.02368059784921364,24127.410000000003,119.99999999999999,0.022413103291428406,22836.0,340.99999999999994,0.023230490598843644,23668.809999999994,2983.999999999999,0.020413315840983874,20798.479999999992,153.99999999999997,0.020469986561952834,20856.219999999998,395.00000000000045,0.021392461054926575,21796.100000000024,327.0,0.023159343031073653,23596.32,4014.999999999994,0.020412550285695386,20797.699999999968,2127.0000000000005,0.020416829543461693,20802.06,1603.9999999999998,0.020418615839134766,20803.879999999997,1259.9999999999998,0.02041735954327678,20802.6,343.0000000000001,0.020431168982903272,20816.670000000006,2679.9999999999995,0.020411666952670268,20796.799999999996,3829.9999999999977,0.020411765100784164,20796.899999999987,2776.9999999999973,0.02041454269240768,20799.72999999998,3946.0000000000005,0.02041031250869838,20795.420000000002,4125.999999999998,0.020409939545865525,20795.03999999999,531.9999999999999,0.0205360795018567,20923.559999999994,673.0,0.020437008795680636,20822.620000000003,3203.9999999999995,0.020408879546235357,20793.96,2984.000000000002,0.02041331584098389,20798.48000000001,429.00000000000017,0.020408555657459478,20793.63000000001,4341.000000000003,0.02040832010198611,20793.390000000014,1042.9999999999998,0.020412275470976477,20797.42,1205.0,0.020424966022104446,20810.35,1090.9999999999995,0.020452202123713178,20838.09999999999,194.99999999999991,0.022727422626210317,23156.24999999999,597.0000000000001,0.020431875649323385,20817.390000000003,1354.9999999999998,0.020906137150525483,21300.6,0.0,0.0,,763.9999999999999,0.02041845880215252,20803.719999999998,805.9999999999997,0.020409703990392155,20794.799999999992,110.99999999999994,0.02057197226711189,20960.12999999999,444.99999999999955,0.02044906138406819,20834.89999999998,814.9999999999994,0.020429628057514936,20815.099999999984,15.000000000000002,0.020809853850784325,21202.500000000004,927.0,0.020443947867333744,20829.69,286.9999999999999,0.02044188675694172,20827.58999999999,629.9999999999997,0.020417359543276774,20802.59999999999,971.0000000000001,0.021585861913377066,21993.15,1128.000000000001,0.020415121766279756,20800.320000000018,3901.9999999999973,0.02041251102644984,20797.659999999985,538.0,0.02043502620377975,20820.600000000002,1277.0000000000007,0.020417094543369246,20802.33000000001,763.0000000000001,0.020631371505647426,21020.650000000005,3561.000000000001,0.020411117323232406,20796.240000000005
2025-02-14 00:00:00,845.0400000000081,1026358.26,212.0,0.02046552438716672,21004.96,52.99999999999999,0.02164134188387591,22211.769999999997,57.00000000000004,0.02127590418573727,21836.70000000002,155.00000000000003,0.020482760084183475,21022.65,110.99999999999999,0.020572173307203668,21114.42,288.99999999999994,0.02047635881061648,21016.079999999994,2962.9999999999986,0.020410426667195135,20948.409999999993,157.99999999999997,0.020828399627241274,21377.399999999998,363.0000000000005,0.020442569439641897,20981.400000000027,284.99999999999994,0.020448415351575194,20987.399999999994,4157.9999999999945,0.02098530390353167,21538.43999999997,2200.0000000000005,0.02096344019290107,21516.000000000004,1615.0,0.020518761158506194,21059.6,1257.9999999999998,0.020420043192325456,20958.279999999995,350.0000000000001,0.020730090874895878,21276.500000000007,2987.999999999999,0.02224205805095776,22828.319999999992,3801.999999999998,0.02041102100157502,20949.01999999999,2745.9999999999977,0.02041390498479545,20951.97999999998,4089.000000000001,0.02099562193809402,21549.030000000002,4358.999999999999,0.021320216198191844,21882.179999999993,525.9999999999999,0.020427915687062335,20966.359999999997,661.9999999999999,0.020420666756265013,20958.92,3246.9999999999995,0.020626754638287805,21170.439999999995,3047.0000000000023,0.020751555114877744,21298.530000000017,427.0000000000002,0.02044807434004576,20987.05000000001,4328.000000000004,0.020409559523591712,20947.52000000002,1058.9999999999998,0.020656705193759534,21201.179999999997,1243.9999999999998,0.02093214507768467,21483.879999999994,1071.9999999999995,0.020408935959652135,20946.87999999999,173.9999999999999,0.020494656514967777,21034.859999999986,613.0000000000002,0.020838308447968266,21387.570000000007,1324.9999999999998,0.02041027077621025,20948.249999999996,0.0,0.0,,783.9999999999999,0.020830621073775937,21379.679999999997,815.9999999999995,0.020607541074400274,21150.71999999999,116.99999999999996,0.021262400129171268,21822.839999999993,500.99999999999955,0.02241021570771982,23000.909999999978,820.9999999999994,0.020525834711945506,21066.859999999986,15.000000000000002,0.020803262205927982,21351.600000000002,907.0000000000002,0.020422469245777793,20960.770000000004,353.9999999999999,0.024050490907531644,24684.419999999995,632.9999999999995,0.020482058574751463,21021.929999999986,922.0000000000002,0.02040987130556148,20947.840000000004,1230.000000000001,0.021859033901086372,22435.200000000015,3605.9999999999977,0.020412813747901236,20950.859999999986,537.0,0.020415619785629245,20953.74,1248.0000000000007,0.020415795162987253,20953.92000000001,756.9999999999999,0.02040826367977981,20946.19,3689.0000000000005,0.020990487278779252,21543.760000000002
2025-02-17 00:00:00,237.66000000001077,1030709.87,209.0,0.02048006001921763,21109.0,47.99999999999999,0.020607156890813508,21239.999999999996,57.00000000000005,0.02074366475213827,21380.70000000002,149.00000000000003,0.020433635703905703,21061.15,109.99999999999997,0.020587849808792455,21220.099999999995,283.9999999999999,0.020444938593631584,21072.799999999992,3605.999999999998,0.02389516266105028,24628.97999999999,155.99999999999997,0.02052030412787257,21150.48,347.00000000000057,0.020415133892139826,21042.080000000034,277.9999999999999,0.0204472476818331,21075.179999999993,4037.9999999999945,0.02041115605112035,21037.97999999997,2106.0,0.020412087448042,21038.94,1591.9999999999998,0.020419169945466806,21046.239999999998,1569.9999999999998,0.024371552782355713,25119.999999999996,348.00000000000006,0.02040981716804556,21036.600000000006,2771.9999999999986,0.0204126113588104,21039.47999999999,3963.9999999999986,0.021113953240789275,21762.359999999993,2669.9999999999977,0.020412727783425594,21039.59999999998,3992.000000000001,0.020411020222402647,21037.840000000004,4108.999999999999,0.020411253071633044,21038.079999999994,556.9999999999999,0.021378392350118854,22034.92,687.9999999999999,0.021059660561899923,21706.399999999998,3242.0,0.020413678584449764,21040.58,3001.0000000000023,0.02041021495214751,21037.010000000017,427.0000000000003,0.020419742366491564,21046.830000000013,4320.000000000004,0.020411563537273608,21038.40000000002,1194.9999999999998,0.02250385940322857,23194.949999999997,1220.9999999999998,0.020411010520351373,21037.829999999998,1160.9999999999995,0.021773469579756708,22442.12999999999,181.99999999999991,0.021153964500213805,21803.599999999988,640.0000000000002,0.021136500807933473,21785.600000000006,1311.9999999999998,0.020417462384443835,21044.479999999996,0.0,0.0,,772.9999999999998,0.020421643968539852,21048.789999999994,823.9999999999995,0.02056982339753862,21201.51999999999,111.99999999999996,0.020578594051883864,21210.55999999999,467.9999999999995,0.020432519968009988,21059.999999999978,834.9999999999995,0.020690497511195838,21325.899999999987,15.000000000000002,0.0206662423830287,21300.9,939.0000000000005,0.020989961025598802,21634.56000000001,301.9999999999999,0.020419305774184535,21046.37999999999,658.9999999999995,0.02108626358647364,21733.81999999998,921.0000000000002,0.0204267569495575,21054.060000000005,1146.000000000001,0.020413659180347245,21040.560000000016,3317.999999999998,0.02040935146958473,21036.119999999988,572.0,0.02148239833969961,22142.12,1315.0000000000007,0.021293431487174965,21947.350000000013,767.0000000000001,0.020627764047704326,21261.24,3621.0000000000005,0.02041118515727418,21038.010000000002
2025-02-18 00:00:00,815.4900000000125,1020353.5199999999,222.99999999999997,0.02147926142304091,21916.44,55.0,0.022668319897597846,23129.7,62.00000000000005,0.021820084474251652,22264.20000000002,163.0,0.02191909917652855,22365.23,108.99999999999999,0.020531903491644736,20949.799999999996,324.9999999999999,0.022713451314403263,23175.749999999993,3112.9999999999977,0.0204105435927736,20825.969999999987,145.99999999999994,0.020458673970174566,20875.07999999999,353.0000000000005,0.02068831986780428,21109.40000000003,322.9999999999999,0.02297570355811581,23443.339999999993,3906.999999999994,0.020408916705653125,20824.30999999997,2069.9999999999995,0.020408808899880112,20824.199999999997,1616.9999999999998,0.020665073022926406,21085.679999999997,1308.9999999999998,0.020410759204319694,20826.189999999995,373.00000000000006,0.02157167057158778,22010.730000000003,2739.9999999999986,0.020408612889383664,20823.99999999999,3813.9999999999986,0.020409044112475835,20824.43999999999,2642.9999999999977,0.020411396238433112,20826.839999999982,3959.000000000001,0.020408946107227627,20824.340000000004,3973.9999999999986,0.02040837767678794,20823.759999999995,532.9999999999998,0.020435035104303844,20850.95999999999,658.9999999999999,0.02042192200209198,20837.579999999998,3146.0,0.020411082621638824,20826.52,2938.000000000002,0.020414904826319427,20830.420000000013,427.0000000000002,0.02040520230674562,20820.52000000001,4233.000000000003,0.020410925813241686,20826.36000000001,1096.9999999999998,0.020416482710815753,20832.029999999995,1236.9999999999998,0.02062164689744002,21041.37,1071.9999999999995,0.02041347394969539,20828.959999999992,176.99999999999991,0.020424274128049258,20839.97999999999,625.0000000000002,0.020440219581934708,20856.250000000007,1328.9999999999995,0.020618412724248743,21038.069999999992,0.0,0.0,,759.9999999999999,0.020423509687113147,20839.199999999997,814.9999999999997,0.020415865277751962,20831.39999999999,114.99999999999996,0.02082244004999365,21246.249999999993,481.99999999999955,0.02088887780776214,21314.03999999998,824.9999999999995,0.0204238037028578,20839.49999999999,15.000000000000002,0.020925688578993684,21351.600000000002,909.0000000000006,0.020418687828900727,20834.280000000013,300.9999999999999,0.020422559036205407,20838.229999999992,651.9999999999997,0.02041586527775196,20831.399999999987,948.0000000000002,0.020885937650315555,21311.040000000005,1375.000000000001,0.023569037131366016,24048.750000000015,3387.999999999998,0.020752611310636722,21174.99999999999,534.0000000000001,0.020431506915367926,20847.360000000004,1273.0000000000007,0.020423323477141545,20839.010000000013,793.0000000000002,0.020960588247884916,21387.210000000006,3603.000000000001,0.02040992615970983,20825.340000000007
2025-02-19 00:00:00,242.8400000000147,1026624.8899999999,205.99999999999997,0.02045502715212759,20999.639999999996,51.0,0.020804872556713486,21358.8,58.00000000000006,0.02057012274463755,21117.80000000002,153.0,0.020433782781167524,20977.83,104.99999999999997,0.02055458639815366,21101.849999999995,287.9999999999999,0.020408622666454147,20951.999999999993,3152.999999999998,0.020607945712284442,21156.629999999986,133.99999999999997,0.020536770738141752,21083.559999999998,345.00000000000045,0.020438721293811638,20982.900000000027,284.99999999999994,0.020468089371961356,21013.049999999996,4102.9999999999945,0.0211819333544504,21745.89999999997,2184.9999999999995,0.021262050250895437,21828.149999999994,1625.9999999999998,0.020494769029026753,21040.439999999995,1362.9999999999995,0.021043275114827963,21603.549999999992,352.0000000000001,0.02042140240726095,20965.120000000006,2950.999999999999,0.021587251795541402,22162.00999999999,3882.9999999999986,0.020689163302869067,21240.00999999999,2839.9999999999977,0.02154983793545078,22123.599999999984,4029.0000000000014,0.020682169511787318,21232.830000000005,4207.999999999998,0.02131411405776456,21881.59999999999,543.9999999999998,0.020724064073685173,21275.83999999999,698.9999999999999,0.021338524141958023,21906.659999999996,3307.9999999999995,0.021202135475207502,21766.639999999996,3028.000000000002,0.02088225232879364,21438.240000000013,433.0000000000002,0.02062457301225184,21173.70000000001,4489.000000000003,0.021338192959650542,21906.320000000014,1206.0,0.021920333530974494,22503.96,1221.9999999999998,0.0204137852141886,20957.299999999996,1109.9999999999995,0.020953904595085348,21511.79999999999,177.9999999999999,0.020495684650700403,21041.379999999986,678.0000000000003,0.02170128565653616,22279.08000000001,1281.9999999999995,0.020417097037263528,20960.699999999993,0.0,0.0,,811.9999999999998,0.021458236805460655,22029.559999999994,793.9999999999995,0.02041797369631277,20961.599999999988,112.99999999999996,0.020491622797105567,21037.209999999992,470.9999999999996,0.020425103856579967,20968.919999999984,854.9999999999997,0.02097056111702103,21528.89999999999,15.000000000000002,0.0210316350307852,21591.600000000002,959.0000000000007,0.02125143293574347,21817.250000000015,312.99999999999983,0.021012504382199412,21571.95999999999,649.9999999999995,0.020431513208295574,20975.49999999999,913.0000000000002,0.020409937655028028,20953.350000000006,1193.0000000000007,0.020417398997602733,20961.010000000013,3341.9999999999986,0.020410901979982184,20954.33999999999,549.0000000000002,0.02083967592096857,21394.53000000001,1249.0000000000007,0.020414681354550067,20958.220000000012,765.0000000000002,0.02043229246078381,20976.300000000007,3939.000000000001,0.021831644857159084,22412.910000000007
2025-02-20 00:00:00,369.7600000000166,1021030.2599999999,237.99999999999997,0.023125641741509204,23611.979999999996,51.0,0.02068410783437506,21119.100000000002,58.00000000000006,0.020648183335918,21082.42000000002,155.0,0.020629114361409816,21062.949999999997,101.99999999999999,0.020459334868292735,20889.6,303.99999999999994,0.02139250995362272,21842.399999999994,3119.999999999998,0.020412323528981393,20841.599999999988,154.99999999999997,0.02313090113509466,23617.349999999995,333.00000000000045,0.020442528314488964,20872.440000000028,297.99999999999994,0.021209616255643587,21655.659999999996,3916.9999999999945,0.020409228615810047,20838.439999999973,2102.9999999999995,0.02041147144845638,20840.729999999996,1680.9999999999998,0.021007761317475546,21449.559999999998,1307.9999999999995,0.020420080399967767,20849.519999999993,353.0000000000001,0.020456798214775737,20887.010000000006,2763.999999999999,0.020411304949962985,20840.559999999994,3844.999999999999,0.020410658544047455,20839.899999999994,2759.999999999998,0.020408797678533038,20837.999999999985,3992.0000000000014,0.020409032735229614,20838.240000000005,4014.9999999999986,0.0204086507680977,20837.849999999995,542.9999999999998,0.020416407639084068,20845.769999999993,678.9999999999999,0.020422597465426733,20852.089999999997,3152.999999999999,0.020412059090197773,20841.329999999994,2948.000000000002,0.02041306787518718,20842.360000000015,433.0000000000003,0.02045344865684981,20883.59000000001,4253.000000000004,0.020410462663467015,20839.70000000002,1135.0,0.020409385320274444,20838.6,1217.9999999999998,0.020422666023629892,20852.159999999996,1084.9999999999995,0.020424174304099457,20853.69999999999,171.9999999999999,0.02049788416652802,20928.95999999999,633.0000000000005,0.02044014836543631,20870.010000000013,1417.9999999999998,0.02227624478044362,22744.719999999994,0.0,0.0,,768.9999999999998,0.020410658544047455,20839.899999999994,820.9999999999994,0.021010866024675886,21452.729999999985,111.99999999999997,0.0205180990424319,20949.599999999995,462.99999999999955,0.020410394105263813,20839.62999999998,827.9999999999995,0.020411500830543446,20840.75999999999,15.000000000000002,0.020897127965629543,21336.600000000002,921.0000000000007,0.020421960853540245,20851.440000000017,307.9999999999998,0.02045831628927431,20888.559999999983,769.9999999999995,0.023627213555845038,24124.099999999984,895.0000000000003,0.02042397842351901,20853.500000000007,1184.0000000000007,0.020409189439693994,20838.400000000012,4245.999999999998,0.025076024681188185,25603.37999999999,537.0000000000002,0.02042748468590932,20857.08000000001,1228.0000000000005,0.020421960853540238,20851.44000000001,763.0000000000002,0.020415810203313667,20845.160000000007,3669.0000000000014,0.020410678132105512,20839.920000000006
2025-02-21 00:00:00,392.580000000009,1038661.3199999998,203.99999999999997,0.020422364433480587,21211.92,43.0,0.020580491049767793,21376.16,58.00000000000006,0.020700299111937683,21500.60000000002,136.00000000000003,0.02051794900767076,21311.200000000004,100.99999999999999,0.020523590885236778,21317.059999999998,277.99999999999994,0.020453982054516092,21244.759999999995,3277.9999999999986,0.021018863011092,21831.479999999992,134.99999999999997,0.02045286523233579,21243.6,318.0000000000004,0.02043027846651691,21220.14000000003,276.99999999999994,0.02043107757204244,21220.969999999994,4258.9999999999945,0.021445460200635924,22274.569999999974,2187.9999999999995,0.02089705237121952,21704.959999999995,1661.9999999999998,0.020417743100320705,21207.119999999995,1415.9999999999995,0.021390071597159308,22217.039999999994,357.0000000000001,0.02053677131251986,21330.750000000007,2900.999999999999,0.021003497078335404,21815.519999999993,4028.999999999999,0.020985560529008625,21796.889999999996,2544.999999999998,0.020410743706138962,21199.849999999984,4364.000000000002,0.021511997770360804,22343.68000000001,4349.999999999998,0.02140110503007852,22228.499999999993,542.9999999999998,0.020414883650428026,21204.14999999999,681.9999999999999,0.020460105320952934,21251.119999999995,3475.9999999999995,0.02161913567745066,22454.959999999995,3128.000000000002,0.021141212806499825,21958.560000000012,439.0000000000002,0.020562381200447524,21357.35000000001,4640.000000000003,0.021487658749052112,22318.400000000012,1184.0,0.020929093614461353,21738.239999999998,1215.9999999999998,0.020417666078101377,21207.039999999997,1153.9999999999993,0.02116541703892467,21983.699999999986,177.9999999999999,0.020794574308399188,21598.519999999986,699.0000000000005,0.02162962995483457,22465.860000000015,1312.9999999999998,0.020415653872621342,21204.949999999993,0.0,0.0,,818.9999999999998,0.021179512105062307,21998.339999999993,815.9999999999993,0.020418436300294676,21207.839999999982,111.99999999999997,0.02045124776572983,21241.919999999995,469.99999999999955,0.02058900200500388,21384.999999999978,881.9999999999995,0.02118679070478911,22005.899999999987,15.000000000000002,0.02074761963793935,21549.750000000004,921.0000000000007,0.020429989633194406,21219.840000000015,323.9999999999998,0.02100915821145625,21821.399999999983,672.9999999999997,0.020423365722331884,21212.95999999999,950.0000000000003,0.021137303928868756,21954.500000000007,1304.0000000000007,0.021606504033480342,22441.84000000001,3187.9999999999977,0.02041108067834854,21200.199999999986,575.0000000000002,0.02125259656343033,22074.250000000007,1273.0000000000005,0.020847729267515238,21653.73000000001,761.0000000000002,0.020434273994144703,21224.290000000008,3827.000000000001,0.020928246370048715,21737.360000000004
2025-02-24 00:00:00,275.9100000000035,1036562.5099999999,206.99999999999997,0.020648827054337515,21403.8,41.00000000000001,0.02067556929104064,21431.520000000004,57.00000000000006,0.0205011659161781,21250.74000000002,144.00000000000003,0.021366005220466645,22147.200000000004,97.99999999999999,0.02059152226140226,21344.399999999998,274.9999999999999,0.02044932147893328,21196.99999999999,3171.9999999999986,0.020410963927298503,21157.23999999999,170.99999999999997,0.024642971121924907,25543.979999999996,448.0000000000004,0.02676600758018928,27744.640000000025,274.99999999999994,0.020414832483185215,21161.249999999996,4083.9999999999945,0.020408918705732443,21155.11999999997,2139.0,0.020408523167599415,21154.710000000003,1912.0,0.022854077560648032,23689.68,1357.9999999999995,0.02041134981816002,21157.639999999992,357.0000000000001,0.02046469922976474,21212.940000000006,2847.999999999999,0.020414243999621398,21160.639999999992,3939.999999999999,0.02041150417450463,21157.799999999996,2929.999999999998,0.022867603035344186,23703.699999999986,4022.0000000000023,0.020409497542024757,21155.720000000012,4172.999999999998,0.020410838512768512,21157.109999999993,538.9999999999998,0.02043552588063405,21182.69999999999,673.9999999999999,0.020436606375046303,21183.819999999996,3296.0,0.02041393528693219,21160.32,3053.000000000002,0.020411012163656213,21157.29000000001,428.0000000000002,0.020418064319150435,21164.600000000013,4435.000000000002,0.020408754702116335,21154.950000000008,1151.0,0.020409169534792455,21155.379999999997,1202.0,0.020420591904293354,21167.219999999998,1121.999999999999,0.020425338361890002,21172.139999999985,172.99999999999986,0.020433297360908785,21180.389999999985,651.0000000000005,0.020423775503900888,21170.52000000002,1293.9999999999998,0.02042311948943629,21169.839999999997,0.0,0.0,,794.9999999999997,0.020408754702116318,21154.94999999999,833.9999999999993,0.02077431876250279,21533.879999999983,108.99999999999999,0.02053787378437987,21288.789999999997,471.9999999999995,0.020472590697882737,21221.119999999977,831.9999999999995,0.020419492115338025,21166.07999999999,15.000000000000002,0.020657364889648578,21412.65,938.0000000000006,0.020713483068184685,21470.820000000014,314.9999999999998,0.020473005530558874,21221.549999999985,684.9999999999998,0.02070405768389211,21461.049999999992,919.0000000000002,0.020418035377335816,21164.570000000007,1224.0000000000007,0.020416482166618212,21162.96000000001,3389.9999999999977,0.021453988336892472,22238.399999999983,553.0000000000002,0.020411484879961566,21157.780000000006,1233.0000000000007,0.020423862329344726,21170.610000000015,763.0000000000001,0.02044849181358103,21196.140000000003,3745.000000000001,0.02041290302887764,21159.250000000007
2025-02-25 00:00:00,467.820000000007,1025283.3699999999,207.0,0.020447966497301132,20964.96,40.0,0.020655752955400033,21178.0,59.00000000000006,0.021038476416524756,21570.400000000023,135.00000000000006,0.020493261292241584,21011.40000000001,98.99999999999997,0.02058630873921226,21106.799999999992,264.9999999999999,0.020483361590074356,21001.249999999993,3535.9999999999986,0.02248619325601662,23054.71999999999,142.99999999999994,0.02044404563003884,20960.939999999995,345.00000000000045,0.02045873425217072,20976.000000000025,285.99999999999994,0.02113304539407481,21667.359999999997,4078.9999999999945,0.020409255248136887,20925.26999999997,2165.0,0.020630442879415865,21152.05,1715.9999999999998,0.02041894037547883,20935.199999999997,1468.9999999999993,0.02189279633005263,22446.31999999999,357.0000000000001,0.02045653973691196,20973.750000000007,2873.9999999999995,0.0205749557802737,21095.159999999996,3944.9999999999995,0.020431375961945036,20947.949999999997,2665.999999999998,0.02041201546066234,20928.099999999984,4116.000000000003,0.020835254550164037,21362.040000000015,4168.999999999997,0.020412288555894543,20928.379999999983,580.9999999999997,0.021822562088371716,22374.309999999987,742.9999999999999,0.022262099111194984,22824.959999999995,3275.0,0.020411186421564607,20927.25,3156.000000000002,0.021023924342008997,21555.480000000014,467.0000000000002,0.022059082066258437,22616.810000000012,4415.000000000002,0.02041104012054737,20927.10000000001,1136.0,0.020420188810826027,20936.48,1227.0,0.020787414117523436,21312.99,1113.999999999999,0.020415877807517725,20932.059999999983,165.99999999999986,0.020513548366633494,21032.199999999983,647.0000000000003,0.020439549312108726,20956.330000000013,1271.9999999999998,0.020408406702236863,20924.399999999994,0.0,0.0,,792.9999999999995,0.0204112059283669,20927.26999999999,815.9999999999993,0.020422217518265205,20938.559999999983,116.99999999999999,0.021738868153103857,22288.499999999996,474.99999999999955,0.020523594369817957,21042.499999999978,955.9999999999995,0.023096170963935552,23680.119999999988,15.000000000000002,0.0205178398631395,21036.600000000002,928.0000000000007,0.020419408538734043,20935.680000000015,318.9999999999998,0.020637484835046127,21159.269999999986,678.9999999999997,0.020430595689853035,20947.14999999999,919.0000000000002,0.02040960637057832,20925.630000000005,1340.0000000000007,0.02212676091683806,22686.20000000001,3239.9999999999973,0.020414258742926832,20930.399999999983,551.0000000000001,0.020432419575868093,20949.020000000008,1215.0000000000007,0.020418208870392595,20934.45000000001,807.0000000000001,0.021456331628591622,21998.820000000003,3744.0000000000005,0.020412854253161257,20928.960000000003
2025-02-26 00:00:00,200.83000000000175,1034212.5899999999,203.0,0.020413597943146292,21112.0,40.0,0.02059731258928109,21302.0,59.00000000000006,0.020691393826485927,21399.30000000002,129.00000000000006,0.020548444493409243,21251.46000000001,98.99999999999997,0.020536841463127026,21239.459999999992,260.9999999999999,0.02045930421326624,21159.26999999999,3197.999999999999,0.020408569963357333,21106.799999999992,142.99999999999994,0.020445902713290304,21145.409999999993,337.00000000000045,0.020447198385005184,21146.75000000003,271.99999999999994,0.020477337256163162,21177.919999999995,4074.9999999999955,0.020410213725980626,21108.499999999975,2204.0,0.020714193780990427,21422.88,1775.9999999999995,0.021001948931988923,21720.479999999996,1374.999999999999,0.020421333296667746,21119.999999999985,354.0000000000001,0.020448368357225286,21147.960000000006,2930.999999999999,0.020745173871843887,21454.919999999995,4037.0,0.0208054032682004,21517.21,2933.999999999998,0.022099769642139038,22855.859999999986,4013.000000000003,0.020410097695677844,21108.380000000016,4283.999999999998,0.02087710032615247,21591.35999999999,540.9999999999997,0.020442876256225023,21142.279999999984,671.9999999999999,0.0204157638421323,21114.239999999998,3383.9999999999995,0.020973869598706008,21691.44,3082.0000000000023,0.020413307867389253,21111.700000000015,431.0000000000003,0.02044953832944541,21149.170000000013,4590.000000000002,0.021081255643967754,21802.500000000007,1243.0,0.021994414127176697,22746.9,1195.0,0.020417127198190464,21115.65,1159.9999999999993,0.021109006224725987,21831.199999999986,184.99999999999986,0.022320652661944468,23084.29999999998,686.0000000000003,0.02142480203223982,22157.80000000001,1210.9999999999998,0.020409469198204206,21107.729999999996,0.0,0.0,,790.9999999999994,0.020413394890116343,21111.789999999986,841.9999999999993,0.020947975502792884,21664.65999999998,108.0,0.020430151599682228,21129.12,513.9999999999995,0.021793294935618587,22538.89999999998,847.9999999999995,0.020408492609822117,21106.71999999999,15.000000000000002,0.020427860001201496,21126.750000000004,967.0000000000006,0.021121895257531158,21844.530000000013,312.9999999999998,0.020464902675377396,21165.059999999987,720.9999999999998,0.02145126661047512,22185.16999999999,965.0000000000003,0.021255494482038756,21982.700000000008,1258.0000000000007,0.0204230930895939,21121.82000000001,3470.9999999999977,0.02161377671876919,22353.239999999987,549.0000000000002,0.02042136230424347,21120.03000000001,1325.0000000000007,0.021933594910114193,22684.000000000015,758.0000000000002,0.02043394192290775,21133.040000000005,4065.0,0.02185372738500505,22601.399999999998
2025-02-27 00:00:00,643.8000000000029,1035416.88,221.99999999999997,0.02196379104810422,22741.679999999997,40.0,0.020599239216575266,21328.800000000003,65.00000000000004,0.022072269094164296,22854.00000000002,125.00000000000007,0.020490539037764204,21216.25000000001,107.99999999999996,0.021926125059888918,22702.679999999993,254.99999999999991,0.020463207051443853,21187.949999999993,3487.999999999999,0.021930181397081333,22706.879999999994,144.99999999999997,0.020625122511041153,21355.599999999995,401.0000000000004,0.02353522573439215,24368.770000000026,306.99999999999994,0.022548743845087784,23347.349999999995,4063.9999999999955,0.02040994348092913,21132.799999999977,2202.0,0.02041612456617474,21139.2,1737.9999999999998,0.020411179697978267,21134.079999999998,1438.9999999999993,0.021194120381734544,21944.74999999999,345.0000000000001,0.020448430394528636,21172.650000000005,2851.9999999999995,0.020410445694105352,21133.319999999996,3972.0,0.020408243682486615,21131.04,2769.9999999999986,0.020412164808439274,21135.099999999988,4131.000000000004,0.020906014203670335,21646.44000000002,4167.999999999999,0.02040893905457674,21131.759999999995,532.9999999999997,0.020441457357735938,21165.429999999986,682.9999999999998,0.020686237991406897,21418.879999999994,3271.999999999999,0.02041411571346992,21137.119999999995,3059.0000000000027,0.020414666216374628,21137.69000000002,431.0000000000003,0.020425753538033893,21149.170000000013,4412.000000000002,0.020410600221236502,21133.48000000001,1164.0,0.020415197403387902,21138.24,1329.0000000000002,0.022282271465383106,23071.440000000002,1094.9999999999993,0.02041061953712788,21133.49999999999,168.9999999999999,0.020500341852645848,21226.399999999983,651.0000000000005,0.020433798606798854,21157.500000000015,1360.0,0.022460518511152727,23256.000000000004,0.0,0.0,,814.9999999999995,0.020921718023372372,21662.699999999986,797.9999999999994,0.020423657763817785,21146.999999999985,106.00000000000001,0.020587456522825863,21316.600000000002,484.9999999999996,0.020446112487561518,21170.24999999998,825.9999999999994,0.020422305651420315,21145.599999999988,15.000000000000002,0.020774241192590956,21510.000000000004,937.0000000000005,0.0204247104798987,21148.09000000001,309.9999999999998,0.020415834827803837,21138.899999999983,682.9999999999998,0.02042238291498589,21145.679999999993,938.0000000000003,0.02042839015720896,21151.90000000001,1252.0000000000005,0.02042296239172768,21146.28000000001,3402.9999999999973,0.0204097792958523,21132.629999999983,537.0000000000002,0.020418529394653107,21141.690000000006,1218.000000000001,0.020409460583644356,21132.300000000017,792.0000000000002,0.021165040307243213,21914.640000000007,3767.0000000000005,0.020410011086549027,21132.870000000003
2025-02-28 00:00:00,711.3399999999929,1014576.2399999999,211.99999999999994,0.020433634440325546,20731.479999999996,50.00000000000001,0.024275159449821143,24629.000000000004,60.00000000000004,0.020419756725231428,20717.400000000016,149.00000000000006,0.02345931144612652,23801.26000000001,101.99999999999996,0.02050603905330958,20804.93999999999,324.9999999999999,0.02471031649627434,25070.499999999993,3240.999999999999,0.020412453183409847,20709.989999999994,152.99999999999997,0.021290208806782226,21600.539999999997,349.00000000000045,0.020449966382023718,20748.05000000003,290.0,0.0204085205070444,20706.0,4004.9999999999955,0.02040837266206823,20705.849999999977,2204.9999999999995,0.020429218803704685,20726.999999999996,1721.9999999999998,0.02041804172350813,20715.659999999996,1394.9999999999993,0.020418130430493807,20715.74999999999,349.0000000000001,0.020594440492712508,20894.630000000005,2801.9999999999995,0.020409289300920348,20706.779999999995,3900.0000000000005,0.020411477406567298,20709.0,2768.9999999999986,0.020414552582071102,20712.11999999999,3975.0000000000036,0.02041221663144804,20709.75000000002,4075.9999999999986,0.02040859935769834,20706.079999999994,577.9999999999998,0.021773780154757012,22091.15999999999,745.9999999999997,0.021904061147735916,22223.33999999999,3235.999999999999,0.020412857293011313,20710.399999999994,3019.0000000000027,0.020412798155020877,20710.34000000002,440.0000000000003,0.020742847279766784,21045.20000000001,4350.000000000002,0.020408520507044406,20706.000000000007,1166.0,0.02043363444032555,20731.48,1226.0000000000002,0.020421727991580013,20719.4,1082.9999999999993,0.020420141122169378,20717.789999999986,184.99999999999991,0.02192299516101421,22242.549999999992,643.0000000000005,0.02041347824191114,20711.030000000013,1240.0,0.020422713624754313,20720.4,0.0,0.0,,783.9999999999995,0.020431150644726302,20728.95999999999,778.9999999999993,0.020408343093073007,20705.81999999998,103.99999999999999,0.02050937049343872,20808.32,479.99999999999966,0.020409703266853544,20707.199999999986,831.9999999999995,0.02052577142945905,20824.95999999999,15.000000000000004,0.02142613747784987,21738.450000000004,906.0000000000005,0.020422536210782948,20720.220000000012,304.9999999999998,0.02046608148442347,20764.399999999983,676.9999999999998,0.020425246702012255,20722.969999999994,927.0000000000003,0.02041165482053868,20709.180000000008,1323.0000000000007,0.021333320401826096,21644.28000000001,3415.9999999999973,0.020470891374314053,20769.279999999984,531.0000000000002,0.020432412255189426,20730.24000000001,1182.000000000001,0.020422772762744786,20720.460000000017,774.0000000000001,0.02041467085805203,20712.240000000005,3731.0,0.020409555421877414,20707.05
2025-03-03 00:00:00,491.3199999999888,1011928.8799999999,234.99999999999991,0.02229405687087416,22559.999999999993,45.00000000000001,0.020640086880413973,20886.300000000003,59.00000000000004,0.02070450840379219,20951.490000000016,138.00000000000006,0.02054735309066385,20792.460000000006,111.99999999999997,0.022100525483569555,22364.159999999996,272.99999999999983,0.020411691382896384,20655.179999999986,3182.9999999999995,0.020414152030130812,20657.67,145.99999999999997,0.020496262543668087,20740.759999999995,357.0000000000004,0.020811175979086622,21059.430000000026,324.0,0.02245746756432132,22725.36,3979.9999999999955,0.02041269935887192,20656.19999999998,2167.9999999999995,0.02041748230369707,20661.039999999994,1790.9999999999998,0.021114754625838922,21366.629999999997,1364.9999999999993,0.020422482655105163,20666.09999999999,346.00000000000006,0.02045031069772414,20694.260000000006,2831.9999999999995,0.02059781118214553,20843.519999999997,4100.0,0.02131177440058831,21566.0,2699.999999999999,0.02041151350478306,20654.999999999993,3972.0000000000036,0.020410920577738648,20654.40000000002,4365.999999999999,0.021658952949341653,21917.319999999992,547.9999999999999,0.020426890079468824,20670.559999999994,692.9999999999997,0.02043534917196947,20679.119999999988,3242.999999999999,0.020446436907700465,20690.339999999993,3015.0000000000023,0.020409290028366438,20652.750000000015,433.00000000000034,0.020444855768915318,20688.740000000016,4402.000000000003,0.02061951231197198,20865.480000000014,1156.0,0.020414201440717854,20657.72,1184.0000000000002,0.020417245132879305,20660.800000000003,1079.9999999999993,0.020416849848182997,20660.399999999987,170.99999999999991,0.020484265653135613,20728.619999999988,640.0000000000003,0.02042831310437549,20672.00000000001,1215.0,0.02042352027743294,20667.15,0.0,0.0,,827.9999999999995,0.021396958252639247,21652.199999999986,848.9999999999993,0.02198158431845525,22243.79999999998,124.99999999999996,0.02388631303812576,24171.249999999993,478.9999999999997,0.02043940084010646,20683.219999999987,859.9999999999997,0.021000092417561986,21250.59999999999,15.000000000000004,0.021278076380229417,21531.900000000005,898.0000000000006,0.020419399434474107,20662.980000000014,302.9999999999998,0.02043297746379171,20676.719999999983,726.9999999999998,0.02170376835178377,21962.669999999995,900.0000000000003,0.020429301316116217,20673.000000000007,1252.0000000000007,0.020414478140005268,20658.00000000001,3413.9999999999973,0.02041121704126083,20654.699999999983,529.0000000000002,0.020408706983439398,20652.160000000007,1140.000000000001,0.02042455789976072,20668.200000000015,771.0,0.020411602443839733,20655.09,3861.0000000000005,0.021023325275586563,21274.11
2025-03-04 00:00:00,186.37999999999374,1012248.17,212.99999999999991,0.020469920928580188,20720.639999999992,45.00000000000001,0.02040952072059563,20659.500000000004,59.00000000000005,0.020667086017058463,20920.220000000016,137.00000000000006,0.020469170124555538,20719.88000000001,102.99999999999996,0.020411792890670275,20661.799999999992,261.99999999999983,0.020483791045035914,20734.679999999986,3158.999999999999,0.020409876364607307,20659.859999999993,145.0,0.020452593162010854,20703.1,352.0000000000004,0.02041238563068978,20662.400000000023,292.0,0.02043787345152721,20688.199999999997,4200.999999999995,0.02137336538726465,21635.14999999998,2443.9999999999995,0.022599043078536756,22875.839999999993,1721.0,0.020419113229910805,20669.21,1338.9999999999993,0.02041077535363684,20660.76999999999,346.00000000000006,0.020450696393948538,20701.180000000004,3235.9999999999995,0.02285743821102685,23137.399999999998,3891.0,0.02041121002965113,20661.21,3006.9999999999986,0.022368733943969488,22642.709999999992,4249.000000000004,0.021617574275288664,21882.35000000002,4123.999999999999,0.0204112396666521,20661.239999999994,569.9999999999998,0.021105101133450304,21363.59999999999,740.9999999999997,0.02160964143802798,21874.31999999999,3460.999999999999,0.021574659897878597,21838.909999999993,3208.0000000000023,0.02151875463504174,21782.320000000014,444.00000000000034,0.020847970513001787,21103.320000000018,4387.000000000004,0.020412751153701784,20662.77000000002,1290.0000000000002,0.02240379451612148,22678.2,1154.0000000000002,0.02041805617687608,20668.140000000003,1075.9999999999993,0.020409224350585873,20659.199999999986,169.99999999999991,0.02042522833111172,20675.39999999999,663.0000000000005,0.02103133463802658,21288.930000000015,1186.0,0.02042184971300072,20671.98,0.0,0.0,,788.9999999999997,0.020429466422250974,20679.68999999999,792.9999999999993,0.020423361200050366,20673.509999999984,107.99999999999993,0.02051603610209539,20767.319999999985,464.99999999999983,0.020432933951364904,20683.19999999999,833.9999999999995,0.02041645577882348,20666.51999999999,15.000000000000004,0.021020783865679904,21278.250000000004,897.0000000000007,0.02041681142283519,20666.880000000016,317.9999999999997,0.02126182159459966,21522.239999999983,673.9999999999998,0.020434771445425284,20685.059999999994,896.0000000000003,0.02041175337466899,20661.760000000006,1268.0000000000007,0.02063126476188148,20883.96000000001,3577.999999999997,0.021243584960000457,21503.77999999998,554.0000000000001,0.021229635811542153,21489.660000000003,1137.000000000001,0.02040931326158883,20659.29000000002,771.0,0.02040516408145248,20655.09,3805.0,0.02041115075564918,20661.149999999998
2025-03-05 00:00:00,264.1499999999942,1018962.0700000001,212.99999999999991,0.020395665954474625,20782.40999999999,44.00000000000001,0.020573248619548717,20963.360000000004,59.00000000000004,0.020533227502766628,20922.580000000016,136.00000000000009,0.020512873457595934,20901.84000000001,102.99999999999996,0.020460261096862997,20848.229999999992,295.99999999999983,0.022588632764318682,23016.95999999999,3155.9999999999995,0.02041100509266257,20798.039999999997,144.0,0.02041512693401826,20802.24,384.00000000000045,0.021940443769413343,22356.480000000025,292.0,0.020426432556022424,20813.760000000002,3968.9999999999955,0.020410534025079044,20797.559999999976,2198.9999999999995,0.02041542135125795,20802.539999999997,1717.9999999999998,0.02041781594480744,20804.979999999996,1349.9999999999993,0.020548851244286244,20938.49999999999,352.0,0.020702792205013087,21095.36,2896.9999999999995,0.020413380058396085,20800.459999999995,3865.9999999999995,0.020412025739093505,20799.079999999998,2676.9999999999986,0.020413213221960252,20800.28999999999,4038.000000000003,0.020408708638192996,20795.70000000002,4077.9999999999995,0.020410769558870816,20797.799999999996,551.9999999999999,0.0204285523601482,20815.919999999995,699.9999999999997,0.020409984446231634,20796.99999999999,3249.9999999999986,0.020412928618628555,20799.999999999993,3006.0000000000023,0.020414420332643013,20801.520000000015,435.0000000000003,0.02041886603296236,20806.050000000014,4342.000000000004,0.02041114248737445,20798.18000000002,1185.0000000000002,0.020409739098531905,20796.750000000004,1277.0000000000002,0.02220734281110189,22628.440000000002,1067.9999999999993,0.02041748227193578,20804.63999999999,165.99999999999991,0.020415990557921343,20803.119999999988,641.0000000000005,0.020438533104573768,20826.090000000015,1394.0,0.023339082680477005,23781.64,0.0,0.0,,783.9999999999997,0.02042015165490899,20807.35999999999,817.9999999999993,0.020944469503168042,21341.61999999998,107.99999999999991,0.020457169715846227,20845.079999999984,519.9999999999998,0.022398085926790177,22822.799999999992,831.9999999999995,0.02041292861862855,20799.99999999999,15.000000000000004,0.020827222744414817,21222.150000000005,967.0000000000007,0.021732212269687343,22144.300000000014,309.9999999999997,0.020438248501242037,20825.799999999985,772.9999999999997,0.022872244891313755,23305.94999999999,1017.0000000000002,0.022676251334850968,23106.240000000005,1302.0000000000007,0.020865997494882226,21261.660000000007,3414.999999999997,0.020410327933011264,20797.34999999998,522.0000000000001,0.02042996556289873,20817.360000000004,1094.000000000001,0.020409925562783725,20796.94000000002,807.0,0.021201368172615098,21603.39,3872.0,0.020709701196237853,21102.4
2025-03-06 00:00:00,378.84999999999127,1037020.7599999999,217.99999999999991,0.02074006695873667,21507.87999999999,41.000000000000014,0.020524497503791542,21284.330000000005,54.000000000000036,0.02068205461962017,21447.720000000016,131.00000000000009,0.02056166165853808,21322.870000000014,98.99999999999994,0.020581468397990403,21343.40999999999,264.99999999999983,0.02045595499939653,21213.249999999985,3095.0,0.020414056127478104,21169.8,144.99999999999997,0.02047437314562536,21232.35,349.00000000000045,0.02042803848979844,21184.30000000003,290.0,0.020456196074608964,21213.5,4316.999999999995,0.021688640061554774,22491.569999999978,2349.9999999999995,0.021414711119187232,22207.499999999993,1790.9999999999998,0.021035625169162478,21814.379999999997,1339.9999999999993,0.020416177589347384,21171.99999999999,346.99999999999994,0.02042474058089252,21180.879999999997,3086.0,0.02136647679068643,22157.48,3956.9999999999995,0.02075761723420079,21526.079999999998,2648.999999999998,0.020409919276832982,21165.509999999987,4246.000000000004,0.02116815867794201,21951.820000000018,4500.0,0.021913736808894742,22725.0,548.9999999999999,0.020413708979172218,21169.439999999995,695.9999999999995,0.02041648616561928,21172.31999999999,3539.999999999999,0.021710655049952902,22514.399999999994,3302.0000000000023,0.021843072842630477,22651.720000000016,432.0000000000003,0.02044981240298412,21206.880000000016,4802.000000000005,0.021948914503890957,22761.48000000002,1227.0,0.02093075745176018,21705.63,1178.0000000000002,0.020412956824509478,21168.660000000003,1129.9999999999993,0.021259265822219403,22046.29999999999,158.99999999999991,0.02048253113081361,21240.80999999999,698.0000000000003,0.02170689427663918,22510.50000000001,1235.9999999999998,0.02041683331392517,21172.679999999997,0.0,0.0,,862.9999999999997,0.021869996122353418,22679.639999999992,805.9999999999994,0.020433284286420637,21189.739999999983,107.99999999999991,0.02054562533540793,21306.239999999983,481.9999999999998,0.020432300699553974,21188.71999999999,859.9999999999997,0.02090662100149277,21680.59999999999,15.000000000000004,0.021037476626793863,21816.300000000007,932.0000000000007,0.020419109063930425,21175.040000000015,319.9999999999998,0.020869013268355385,21641.599999999984,698.9999999999997,0.020430343168829128,21186.689999999988,924.0000000000001,0.02041313039866242,21168.840000000004,1279.000000000001,0.020424123428348737,21180.240000000013,3327.999999999997,0.020410468928317292,21166.07999999998,551.0000000000001,0.021226624238457878,22012.450000000004,1170.000000000001,0.02142512556836376,22218.300000000014,772.0,0.02041999622071211,21175.96,3887.0,0.02046537621869788,21223.02
2025-03-07 00:00:00,603.9299999999857,1034979.5699999998,217.9999999999999,0.02040604530966731,21119.83999999999,48.00000000000002,0.0232978511836712,24112.80000000001,54.00000000000004,0.020399359187350932,21112.920000000016,140.00000000000009,0.02158071583963731,22335.600000000013,98.99999999999994,0.020504404739119624,21221.63999999999,279.99999999999983,0.021380518651203894,22128.399999999987,3044.0000000000005,0.0204113787482781,21125.360000000004,153.99999999999997,0.021469660507404988,22220.659999999996,348.00000000000045,0.020453389239364433,21168.840000000026,320.0,0.02218092092387872,22956.8,4077.9999999999955,0.02041010336078419,21124.039999999975,2244.9999999999995,0.02041146570651631,21125.449999999997,1738.9999999999998,0.0204147507955157,21128.85,1325.9999999999995,0.02040927242650789,21123.179999999993,355.9999999999999,0.02085134878556105,21580.719999999994,2926.0000000000005,0.02041172658123097,21125.72,3927.0,0.020413214533307165,21127.26,2702.9999999999977,0.020762583748392238,21488.849999999984,4110.000000000004,0.02041141739638399,21125.400000000016,4166.999999999999,0.020412663797798443,21126.689999999995,586.9999999999998,0.0216031607271243,22358.829999999994,732.9999999999995,0.021324701124293678,22070.629999999986,3336.999999999999,0.0204093014125873,21123.209999999995,3098.0000000000027,0.02041427735621875,21128.36000000002,432.0000000000003,0.020431707651968452,21146.400000000016,4466.0000000000055,0.020410238629154802,21124.18000000003,1191.0,0.020414258032165795,21128.339999999997,1182.0000000000002,0.020465563392715092,21181.440000000006,1070.9999999999993,0.020427011907104588,21141.539999999986,158.99999999999991,0.02047223019097854,21188.339999999986,647.0000000000003,0.020410596124134133,21124.55000000001,1217.9999999999998,0.020418084194647437,21132.3,0.0,0.0,,802.9999999999997,0.02042065429368813,21134.959999999992,838.9999999999993,0.021117276740061627,21855.949999999983,104.99999999999991,0.02047996947418004,21196.349999999984,470.99999999999983,0.02044225858487235,21157.319999999992,832.9999999999997,0.02041896343905609,21133.209999999992,15.000000000000004,0.02129665226145479,22041.600000000006,1030.0000000000007,0.02221261237069638,22989.600000000017,311.9999999999998,0.020465795281350323,21181.679999999986,685.9999999999997,0.020427958785698534,21142.51999999999,914.0000000000002,0.020426316241198852,21140.820000000003,1389.000000000001,0.02188892482196534,22654.590000000015,3720.9999999999964,0.02243429790599633,23219.03999999998,521.0000000000001,0.020417562445218126,21131.760000000006,1101.000000000001,0.02041411310176878,21128.19000000002,841.0,0.021947689266948525,22715.41,3841.0000000000005,0.02041151401664866,21125.500000000004
2025-03-10 00:00:00,249.2899999999936,1030360.7799999999,227.99999999999986,0.021167808813530333,21810.479999999985,41.00000000000002,0.020763804693730688,21394.21000000001,76.00000000000003,0.026782463517293444,27595.600000000013,130.0000000000001,0.020532807935488402,21156.20000000002,116.99999999999994,0.023357740771150073,24066.899999999987,262.9999999999998,0.02044810944764414,21068.929999999982,2782.0000000000005,0.020412189990383762,21031.920000000002,146.0,0.020466850456012115,21088.239999999998,351.0000000000004,0.02054845294092039,21172.320000000025,298.0,0.020444896980647886,21065.62,4150.999999999995,0.020707445793889768,21336.139999999974,2320.999999999999,0.02097179009472779,21608.50999999999,1725.9999999999998,0.020419973671746316,21039.939999999995,1302.9999999999998,0.02042338024550973,21043.449999999993,350.9999999999999,0.02042922285920083,21049.469999999994,2925.000000000001,0.02041105446579596,21030.750000000007,3908.9999999999995,0.020410734189630162,21030.42,2879.999999999998,0.021494606966697614,22147.199999999986,4229.000000000004,0.020891332839745726,21525.61000000002,4288.999999999999,0.02089635049967643,21530.779999999995,566.9999999999998,0.02042686446198,21047.03999999999,709.9999999999997,0.020417411462419977,21037.29999999999,3430.9999999999995,0.020878482971760627,21512.369999999995,3195.0000000000027,0.020930775334829826,21566.25000000002,432.0000000000003,0.02041847904963931,21038.400000000016,4564.0000000000055,0.020774432039231953,21405.16000000003,1158.0,0.020420866562875194,21040.86,1242.0000000000002,0.021251255312726484,21896.460000000003,1148.9999999999993,0.02161147865119632,22267.619999999984,162.99999999999991,0.02081398129303795,21445.90999999999,640.0000000000002,0.020410714778953457,21030.40000000001,1234.9999999999998,0.020640051924336635,21266.699999999993,0.0,0.0,,806.9999999999997,0.020489056270173632,21111.11999999999,819.9999999999993,0.020429154921832317,21049.399999999983,103.99999999999989,0.020430358383788618,21050.639999999978,469.99999999999994,0.02042187591806435,21041.899999999998,821.9999999999997,0.020423137612050796,21043.199999999993,15.000000000000002,0.021419778807962784,22070.100000000002,965.0000000000008,0.020426485953784088,21046.650000000016,307.9999999999998,0.020467355133606684,21088.759999999984,678.9999999999997,0.020408996934064193,21028.62999999999,911.0000000000003,0.02041516952925946,21034.99000000001,1303.000000000001,0.020423380245509746,21043.45000000001,3475.9999999999964,0.02041013245865199,21029.799999999977,543.0000000000001,0.021111614904441536,21752.580000000005,1063.0000000000007,0.020427213854160887,21047.400000000016,789.0,0.020422584407764437,21042.63,3898.0000000000005,0.020655949268565912,21283.08
2025-03-11 00:00:00,308.66999999999825,1033066.76,219.99999999999986,0.020469538677248687,21146.399999999987,40.00000000000003,0.020542331649505412,21221.600000000013,60.000000000000036,0.02061764140005822,21299.400000000012,153.0000000000001,0.023363204523200436,24135.75000000002,103.99999999999994,0.02057717934898998,21257.599999999988,301.99999999999983,0.022910174749984198,23667.739999999987,3095.0000000000005,0.022319709521967393,23057.750000000004,163.0,0.022386200868567293,23126.44,355.0000000000004,0.02060104034322044,21282.250000000025,307.99999999999994,0.020983193767651565,21677.039999999994,4085.9999999999955,0.020408903680145488,21083.759999999977,2262.999999999999,0.020416066818372894,21091.159999999993,1729.9999999999998,0.02044717807007942,21123.3,1409.0,0.02179512580580949,22515.82,346.9999999999999,0.02045588999495056,21132.299999999992,2917.000000000001,0.02041485682880747,21089.910000000007,3854.999999999999,0.020411894774351267,21086.849999999995,2713.999999999998,0.020412795006587943,21087.779999999984,4151.000000000004,0.020412117412431333,21087.08000000002,4192.0,0.02041083966345021,21085.760000000002,579.9999999999999,0.020801172617343718,21488.999999999993,736.9999999999997,0.02105985870651766,21756.23999999999,3341.9999999999995,0.02041302732458452,21088.019999999997,3087.0000000000027,0.020409339276389087,21084.210000000017,431.0000000000003,0.020422155485866195,21097.450000000015,4467.0000000000055,0.02040936831613866,21084.240000000023,1211.0000000000002,0.021194061069199438,21894.88,1192.0000000000002,0.02041153661743991,21086.480000000007,1071.9999999999993,0.020421681169956515,21096.959999999985,162.99999999999991,0.020445474404771274,21121.53999999999,636.0000000000001,0.02043318091078645,21108.840000000004,1217.0,0.020415534422964104,21090.609999999997,0.0,0.0,,803.9999999999999,0.020429463822841415,21104.999999999996,812.9999999999994,0.020414188914567328,21089.219999999987,98.99999999999989,0.02045037244253215,21126.599999999977,460.0,0.020442628509313374,21118.6,813.9999999999998,0.02043141916597916,21107.019999999993,15.0,0.02173799493848781,22456.8,978.0000000000009,0.020637969224757576,21320.40000000002,307.9999999999998,0.02040778080982877,21082.599999999984,678.9999999999997,0.0204081196069071,21082.94999999999,878.0000000000006,0.02041451803172915,21089.560000000012,1597.000000000001,0.024177604940071845,24977.080000000016,3570.999999999997,0.020878457070867308,21568.839999999982,521.0000000000001,0.02042510786040585,21100.500000000004,1062.0000000000007,0.020426501768385244,21101.940000000013,789.0,0.020414914908306603,21089.97,3855.0000000000005,0.020411894774351274,21086.850000000002
2025-03-12 00:00:00,1007.8899999999994,1027001.3,218.99999999999986,0.02044992542852671,21002.099999999988,42.00000000000003,0.021202816393708575,21775.320000000018,59.00000000000004,0.02048624475937861,21039.400000000016,130.0000000000001,0.020526556295498377,21080.800000000017,106.99999999999996,0.020895708700660837,21459.91999999999,270.99999999999983,0.020468786164146033,21021.469999999987,2777.000000000001,0.020415115346007845,20966.350000000006,149.99999999999997,0.02048585527593782,21038.999999999996,350.0000000000004,0.020417208819502004,20968.500000000022,293.99999999999994,0.020462603114523806,21015.119999999995,4240.999999999995,0.0210604407219348,21629.099999999977,2280.999999999999,0.020544521219203905,21099.249999999993,1675.9999999999995,0.020415514566534624,20966.759999999995,1295.0,0.020414823233427266,20966.050000000003,346.9999999999999,0.02041452138376066,20965.739999999994,2912.0000000000005,0.020415164031437942,20966.400000000005,3839.0,0.020409847582471413,20960.94,2859.999999999998,0.021331618567571424,21907.599999999988,4126.000000000004,0.020409010193073777,20960.08000000002,4192.0,0.020408932296385605,20960.0,571.0,0.02043254472998233,20984.25,709.9999999999995,0.02042197999165141,20973.399999999987,3416.9999999999995,0.020794764329899094,21356.249999999996,3175.0000000000027,0.0208987077231548,21463.00000000002,432.0000000000002,0.02044320683917344,20995.20000000001,4542.000000000006,0.02069769531937304,21256.560000000027,1175.0000000000002,0.020422320789662104,20973.750000000007,1190.0,0.020416527223480637,20967.800000000003,1069.9999999999995,0.02042061679960872,20971.999999999993,170.99999999999994,0.021232611876927508,21805.91999999999,669.0000000000001,0.021294627377784238,21869.61,1307.0,0.02167301054049299,22258.210000000003,0.0,0.0,,801.0,0.020418844649953218,20970.18,828.9999999999994,0.020745153876630913,21305.299999999985,101.99999999999987,0.02090649739197017,21470.999999999975,494.00000000000006,0.021669592823300225,22254.7,918.9999999999997,0.022594664680560768,23204.749999999993,15.0,0.021777284994673327,22365.3,961.000000000001,0.020417715147975007,20969.020000000022,335.9999999999998,0.021952844655600715,22545.599999999984,708.9999999999998,0.021166419166168526,21737.93999999999,987.0000000000007,0.022517410640083918,23125.410000000014,1347.000000000001,0.020408270174536308,20959.320000000014,3458.9999999999973,0.020410431807632554,20961.539999999983,518.0000000000001,0.02044256419149616,20994.540000000005,1150.0000000000007,0.02182421774928621,22413.50000000001,785.0,0.02043137627966002,20983.05,3887.0,0.020551492972793708,21106.41
2025-03-13 00:00:00,511.29000000000815,1024196.0,250.99999999999986,0.022786634589473095,23337.97999999999,42.00000000000003,0.02037963436685948,20872.740000000016,64.00000000000004,0.021802076946209524,22329.600000000013,156.0000000000001,0.0236437947424126,24215.880000000016,104.99999999999996,0.020441351069521836,20935.94999999999,320.99999999999983,0.023405949642451233,23972.279999999988,2729.0000000000014,0.020410292561189466,20904.14000000001,166.99999999999997,0.022270014723744277,22808.859999999997,360.00000000000045,0.02088584606852597,21391.200000000026,326.9999999999999,0.022253455393303617,22791.899999999994,4098.999999999995,0.020411034606657295,20904.899999999976,2242.999999999999,0.020410897914071125,20904.75999999999,1683.9999999999993,0.02048693804701443,20982.639999999992,1270.0,0.020410351143726396,20904.2,343.9999999999999,0.0204278087397334,20922.079999999994,2844.0000000000005,0.02040957004323391,20903.4,3856.9999999999995,0.020486391276669697,20982.079999999998,2764.9999999999977,0.020409570043233894,20903.399999999983,4153.000000000004,0.020517732933930628,21014.18000000002,4156.000000000001,0.020410819804021887,20904.680000000004,570.0,0.020419236161828398,20913.3,707.9999999999997,0.020420232064956304,20914.31999999999,3338.9999999999986,0.02040833980995824,20902.139999999992,3088.0000000000027,0.020411874289686754,20905.760000000017,431.0000000000001,0.02044754129092479,20942.290000000008,4438.000000000007,0.020409159965475387,20902.980000000032,1101.0000000000002,0.02041405160730954,20907.99,1203.0,0.020590385043487768,21088.59,1059.9999999999993,0.02041972434963619,20913.79999999999,167.99999999999994,0.020513729793906626,21010.079999999994,616.0000000000002,0.02043718194564322,20931.680000000008,1243.9999999999998,0.02041761537830649,20911.639999999996,0.0,0.0,,794.9999999999999,0.02042231174501755,20916.449999999997,813.9999999999994,0.020417634905818792,20911.659999999985,98.99999999999986,0.020521169776097515,21017.69999999997,468.00000000000006,0.02041624845244465,20910.24,831.9999999999997,0.020422341036286012,20916.479999999992,15.0,0.021766488055020718,22293.15,958.0000000000013,0.020409726263332432,20903.560000000027,310.9999999999998,0.020441907603622723,20936.519999999982,668.9999999999998,0.020412352713738376,20906.249999999993,900.0000000000007,0.020421872375990545,20916.000000000015,1491.000000000001,0.0221714691328613,22707.930000000015,3730.9999999999977,0.021711430234056747,22236.759999999987,512.0000000000001,0.020411093189194256,20904.960000000003,1080.0000000000007,0.020425387328206722,20919.600000000013,800.9999999999999,0.020748499310678813,21250.53,3801.0,0.02041162043202668,20905.5
2025-03-14 00:00:00,332.5200000000077,1047123.74,225.99999999999983,0.02046277739820891,21427.059999999983,42.00000000000003,0.020364584609647008,21324.240000000016,61.00000000000004,0.020511520443610626,21478.100000000017,137.0000000000001,0.020491312707703505,21456.940000000017,104.99999999999997,0.02045703786641299,21421.049999999992,278.99999999999983,0.02043360224074376,21396.509999999987,2969.0000000000014,0.021747410673737578,22772.23000000001,153.99999999999994,0.020451489334011273,21415.23999999999,344.0000000000005,0.020443734758606495,21407.12000000003,300.99999999999994,0.020432236595075186,21395.079999999994,4378.999999999995,0.021453309806537264,22464.269999999975,2379.9999999999986,0.021342463308109117,22348.19999999999,1716.9999999999993,0.020709787364767408,21685.709999999992,1259.0000000000002,0.02041575334735511,21377.820000000003,340.9999999999999,0.02044455605600155,21407.979999999992,3077.0,0.021656934260701605,22677.49,3975.9999999999995,0.020883873762617584,21867.999999999996,3039.9999999999977,0.02191909047922071,22951.99999999998,4102.000000000004,0.020409641366740495,21371.42000000002,4265.000000000002,0.020813347236306578,21794.150000000012,550.0,0.020416402745295412,21378.5,669.9999999999997,0.020411150261954704,21372.99999999999,3606.9999999999986,0.021632553188031044,22651.959999999992,3278.0000000000023,0.021349874084604384,22355.960000000017,420.00000000000017,0.020423947221366607,21386.40000000001,4814.000000000006,0.021699517575640134,22722.080000000027,1193.0000000000002,0.021681095684068823,22702.790000000005,1193.0,0.020416460045113678,21378.56,1063.9999999999993,0.020464591892453882,21428.95999999999,166.99999999999994,0.020436343082050636,21399.37999999999,674.0000000000002,0.02183965383116995,22868.820000000007,1219.9999999999998,0.02041248725771416,21374.399999999994,0.0,0.0,,840.9999999999998,0.021291571519522608,22294.909999999996,761.9999999999994,0.02041220075862284,21374.099999999984,97.99999999999984,0.02051954241816728,21486.499999999967,507.0000000000001,0.021676893697396265,22698.390000000007,819.9999999999995,0.02042318322378976,21385.599999999988,14.0,0.021077069649858192,22070.3,1017.0000000000013,0.02134767759157101,22353.66000000003,309.9999999999998,0.020459950607174645,21424.099999999984,704.9999999999998,0.021228293420221752,22228.649999999994,942.0000000000008,0.021122775804891997,22118.160000000018,1378.000000000001,0.0204109401626211,21372.780000000013,3543.9999999999973,0.020408590870072324,21370.319999999985,507.0000000000001,0.020408333020890162,21370.050000000003,1079.0000000000007,0.020423355123244568,21385.780000000013,777.9999999999998,0.020432160195317503,21394.999999999993,3949.999999999999,0.021011365858250905,22001.499999999996
2025-03-17 00:00:00,649.3800000000083,1044707.85,242.99999999999983,0.02171794727109592,22688.909999999985,44.000000000000036,0.02120550735787045,22153.56000000002,66.00000000000004,0.021808202168673296,22783.200000000015,144.0000000000001,0.0213000409636053,22252.320000000018,118.99999999999997,0.022713144157957648,23728.599999999995,301.9999999999998,0.021839694226476795,22816.09999999998,2851.0000000000014,0.020412864706625886,21325.48000000001,152.99999999999994,0.02045061688777393,21364.91999999999,342.0000000000005,0.020411160881006144,21323.700000000033,300.99999999999994,0.020447793131831062,21361.969999999994,4147.999999999996,0.02040830840890109,21320.71999999998,2295.9999999999986,0.020417038122188882,21329.839999999986,1678.999999999999,0.020410777998844356,21323.29999999999,1382.0000000000002,0.02210495498813377,23093.220000000005,339.99999999999994,0.020444758790699232,21358.799999999996,2862.0,0.02040943791127826,21321.9,3926.9999999999995,0.020411074732519716,21323.609999999997,2827.9999999999977,0.020410605701871566,21323.119999999984,4069.0000000000036,0.020409112461440795,21321.56000000002,4148.000000000003,0.02040830840890112,21320.720000000012,554.0,0.020532898264332942,21450.88,663.9999999999997,0.020427682246285397,21340.95999999999,3362.9999999999986,0.020408978452684155,21321.41999999999,3099.000000000002,0.020408691291062868,21321.120000000014,420.0000000000002,0.02043499529557475,21348.60000000001,4480.000000000006,0.02041221380695094,21324.80000000003,1126.0,0.020413783623814068,21326.440000000002,1442.9999999999998,0.023992267311861395,25064.909999999996,1051.9999999999993,0.020421556131697476,21334.559999999987,176.99999999999994,0.021447555888471588,22406.429999999993,631.0000000000002,0.020409045457062475,21321.49000000001,1206.9999999999995,0.020414980130569513,21327.689999999995,0.0,0.0,,806.9999999999998,0.02041624364170327,21329.009999999995,876.9999999999994,0.023009849117147905,24038.569999999985,94.99999999999984,0.020490273907676645,21406.349999999966,476.0000000000001,0.020430438997849982,21343.840000000007,810.9999999999994,0.02043204710292929,21345.519999999986,14.0,0.021257809061164805,22208.2,974.0000000000011,0.020417765598296236,21330.600000000024,304.99999999999983,0.02045677171852397,21371.349999999988,672.9999999999998,0.020408231832468756,21320.639999999992,909.0000000000008,0.020421240253914067,21334.230000000018,1378.000000000001,0.02041856965083589,21331.440000000013,3698.999999999997,0.021173402688608095,22120.019999999982,508.0000000000001,0.020437522317842263,21351.240000000005,1079.0000000000007,0.020408614714630523,21321.040000000015,800.9999999999998,0.020923830523528652,21859.289999999994,3793.999999999999,0.020409801649331913,21322.279999999995
2025-03-18 00:00:00,423.75000000000364,1046388.21,226.9999999999998,0.020413743002704494,21360.69999999998,43.00000000000004,0.020643437869010413,21601.05000000002,63.000000000000036,0.02067511827183146,21634.20000000001,140.00000000000009,0.020489145228423412,21439.60000000001,104.99999999999997,0.02044031058033423,21388.499999999993,273.9999999999998,0.020411449398880347,21358.299999999985,2807.000000000001,0.020414287733612757,21361.270000000008,152.99999999999994,0.020479187165153546,21429.179999999993,315.0000000000005,0.02047041413052622,21420.000000000036,300.99999999999994,0.020452352000411008,21401.099999999995,4185.999999999996,0.02056219651022251,21516.03999999998,2354.9999999999986,0.020840544447648154,21807.29999999999,1669.9999999999989,0.020412405067140413,21359.299999999985,1238.0000000000005,0.020420604700811765,21367.88000000001,355.9999999999999,0.02119217302725534,22175.239999999994,2933.0,0.020826104300238627,21792.19,4130.999999999999,0.02127899548868196,22266.089999999993,2813.9999999999977,0.020411411172149948,21358.259999999984,4197.000000000003,0.020937105168644835,21908.340000000015,4281.000000000002,0.020947025005184274,21918.72000000001,565.0,0.02073957809597262,21701.649999999998,672.9999999999997,0.02063272482781509,21589.83999999999,3424.9999999999986,0.02071912679520729,21680.249999999993,3154.000000000002,0.02070740074565635,21667.980000000014,418.00000000000017,0.020456824527868112,21405.78000000001,4572.000000000006,0.0207542476037646,21717.00000000003,1162.0,0.02094377573310005,21915.32,1235.9999999999998,0.020423051211557512,21370.439999999995,1078.9999999999993,0.020839865923183508,21806.589999999986,168.99999999999994,0.020492126913394783,21442.71999999999,675.0000000000002,0.021571343966117516,22572.000000000007,1193.9999999999993,0.020425115454999237,21372.599999999988,0.0,0.0,,842.9999999999998,0.021155800293277384,22137.179999999997,787.9999999999993,0.02041563522585942,21362.679999999982,102.99999999999986,0.021774547708254443,22784.62999999997,508.0000000000001,0.0215310147655429,22529.800000000007,799.9999999999994,0.020420719381002952,21367.999999999985,14.0,0.02103823398392457,22014.16,988.0000000000011,0.020649659269383423,21607.560000000027,360.9999999999999,0.023414894936555138,24501.069999999992,716.9999999999998,0.02150201979053261,22499.459999999992,907.0000000000009,0.02042159859580224,21368.92000000002,1369.000000000001,0.020422716727666507,21370.090000000015,3535.9999999999973,0.020410627524176696,21357.439999999984,507.0000000000001,0.02041298802477907,21359.910000000007,1256.0000000000007,0.023106147191776956,24178.000000000015,779.9999999999998,0.02040963362918624,21356.399999999994,3946.9999999999995,0.021085606459575836,22063.729999999996
2025-03-19 00:00:00,215.80000000000655,1043293.0400000002,226.9999999999998,0.020398151989972038,21281.24999999998,55.00000000000005,0.024851646666788865,25927.550000000025,63.000000000000036,0.02041641148109261,21300.300000000014,140.00000000000009,0.020474784342470083,21361.200000000015,117.99999999999999,0.02242840611684709,23399.399999999998,282.9999999999997,0.020946425560358358,21853.259999999977,2795.000000000001,0.020414111072762458,21297.90000000001,152.99999999999994,0.02045488581041429,21340.43999999999,312.0000000000005,0.020431306625030326,21315.840000000033,315.0,0.02118029082222191,22097.25,4094.9999999999964,0.020410372909225944,21293.99999999998,2282.9999999999986,0.020416497746404964,21300.38999999999,1727.9999999999986,0.02098524495092959,21893.759999999984,1214.0000000000005,0.020421587399835434,21305.700000000008,343.99999999999994,0.020456151034995873,21341.759999999995,2874.0,0.020412615807347854,21296.34,3935.999999999999,0.02041014286839294,21293.759999999995,3230.9999999999977,0.022824335145569436,23812.469999999983,4095.000000000003,0.02041037290922598,21294.00000000002,4111.000000000002,0.020411312242627447,21294.980000000007,554.0,0.020438610421478515,21323.460000000003,666.9999999999997,0.02042633199201634,21310.649999999987,3326.9999999999986,0.02040922270506088,21292.799999999992,3060.0000000000014,0.02041382352172119,21297.60000000001,414.00000000000017,0.020444188911679127,21329.28000000001,4436.000000000007,0.020409222705060917,21292.800000000036,1145.0,0.020424223284380386,21308.45,1230.0,0.020419574542546545,21303.6,1025.9999999999993,0.0204158938892183,21299.759999999987,168.99999999999994,0.020416852392689203,21300.759999999995,637.0000000000002,0.020417350814494077,21301.280000000006,1257.999999999999,0.02129438149036246,22216.279999999984,0.0,0.0,,797.9999999999999,0.02041480119526149,21298.62,800.9999999999993,0.020683488888222603,21578.939999999984,97.99999999999986,0.020535706823080088,21424.75999999997,487.0,0.02044078622435744,21325.73,790.9999999999993,0.020410104528254095,21293.719999999983,14.0,0.02125778582784373,22178.100000000002,979.0000000000011,0.020428421529582925,21312.830000000024,310.9999999999999,0.020443326258555303,21328.37999999999,684.9999999999998,0.020426044440975077,21310.34999999999,905.0000000000008,0.020419670392893656,21303.70000000002,1385.0000000000007,0.02060322380756993,21495.20000000001,5018.999999999996,0.026940081954347148,28106.39999999998,496.0000000000001,0.020447716204452012,21332.960000000003,1102.0000000000007,0.020417715045813023,21301.66000000001,778.9999999999997,0.02042900621670014,21313.43999999999,3789.0,0.020410545439850724,21294.18
2025-03-20 00:00:00,405.65000000001237,1034318.7599999999,226.99999999999977,0.02046979211708389,21172.28999999998,45.00000000000005,0.020501755184252894,21205.350000000024,81.00000000000003,0.025271416328173348,26138.700000000008,140.00000000000009,0.020492715417827302,21196.000000000015,109.99999999999997,0.02056812737303537,21273.999999999996,279.99999999999966,0.020452108980407526,21153.999999999975,2756.000000000001,0.020410497050251712,21110.960000000006,157.99999999999994,0.020979721957281327,21699.719999999994,311.0000000000005,0.02041323315067788,21113.790000000034,303.00000000000006,0.020424225893379333,21125.160000000003,4067.9999999999964,0.020412392017331277,21112.919999999984,2293.9999999999986,0.020493256836992872,21196.559999999987,1641.9999999999984,0.02041548584113468,21116.119999999977,1195.0000000000005,0.020415031435763585,21115.65000000001,343.99999999999994,0.020427435735575365,21128.479999999996,2822.0,0.02040817668239915,21108.56,3908.9999999999986,0.02040821535519669,21108.599999999995,2915.9999999999977,0.02041134785179763,21111.839999999986,4076.0000000000036,0.02041312680048462,21113.68000000002,4139.000000000002,0.020528555432949906,21233.07000000001,648.0,0.02334962966348982,24150.960000000003,805.9999999999997,0.024001111610892557,24824.79999999999,3313.999999999998,0.020409742930699616,21110.17999999999,3121.000000000001,0.020760021794441794,21472.480000000007,480.00000000000017,0.023175834111333348,23971.200000000008,4426.000000000007,0.020411521879386618,21112.020000000033,1137.9999999999998,0.020420474632017693,21121.279999999995,1229.0,0.02041364888325143,21114.22,1020.9999999999992,0.020413706892447727,21114.279999999984,166.99999999999997,0.020448773451619495,21150.549999999996,630.0000000000001,0.020410825769030822,21111.300000000003,1211.999999999999,0.020424225893379316,21125.159999999985,0.0,0.0,,790.9999999999999,0.02041894705651476,21119.699999999997,792.9999999999993,0.020416907066444376,21117.589999999982,98.99999999999984,0.02057493378540284,21281.039999999968,480.00000000000006,0.0204424407810219,21144.0,841.9999999999993,0.021540090793673687,22279.31999999998,14.0,0.02101301923596552,21734.16,964.0000000000013,0.020420435959220183,21121.240000000027,319.99999999999994,0.020914248911041693,21631.999999999993,673.9999999999998,0.020415775887116263,21116.41999999999,935.0000000000007,0.020990337640206795,21710.700000000015,1362.0000000000007,0.02041053572304926,21111.00000000001,3810.999999999996,0.020412411353730044,21112.939999999977,525.0,0.021435123152943686,22170.75,1101.0000000000007,0.020416510670269592,21117.18000000001,778.9999999999997,0.020417970568376808,21118.68999999999,3750.0,0.020411985952957096,21112.5
2025-03-21 00:00:00,792.9600000000173,1018921.59,232.99999999999974,0.020854990421785034,21249.599999999977,46.00000000000006,0.02071107355768173,21102.960000000025,68.00000000000003,0.02058709934686928,20976.64000000001,157.0000000000001,0.022425454739849034,22849.780000000017,108.99999999999997,0.02042596820428547,20812.459999999995,298.99999999999966,0.021547850409176214,21955.569999999978,3109.000000000001,0.022548849907086575,22975.510000000006,153.99999999999991,0.02046135856243854,20848.51999999999,356.0000000000005,0.02281510199425653,23246.800000000032,351.00000000000006,0.02303205686317826,23467.860000000004,4053.999999999997,0.02041081492835968,20797.019999999982,2255.9999999999986,0.020414053646659887,20800.31999999999,1641.9999999999986,0.020417802708449805,20804.13999999998,1336.0000000000007,0.022382016657434858,22805.52000000001,343.99999999999994,0.02043226898352404,20818.879999999997,2776.9999999999995,0.02041347460308501,20799.729999999996,3879.999999999998,0.020410599013806346,20796.799999999992,2868.9999999999973,0.020413984946574724,20800.24999999998,4015.000000000004,0.020411482300615517,20797.70000000002,4086.000000000002,0.020411521557807025,20797.74000000001,565.0,0.020433613542333518,20820.25,678.9999999999995,0.020424878817220847,20811.349999999984,3305.999999999999,0.020408577268443192,20794.739999999994,3032.000000000001,0.020413268502829554,20799.520000000008,423.0000000000002,0.02042512417466786,20811.600000000013,4406.000000000007,0.020410127927508175,20796.320000000032,1111.0,0.020422601900112844,20809.03,1210.0,0.020413641446148965,20799.9,1131.999999999999,0.022230680184134665,22651.319999999985,177.99999999999997,0.02150489322735815,21911.799999999996,623.0000000000001,0.02040955869823114,20795.740000000005,1253.999999999999,0.020995962996524575,21393.239999999983,0.0,0.0,,785.9999999999998,0.02041134490044518,20797.559999999994,839.9999999999993,0.021409694537928067,21814.79999999998,97.99999999999984,0.0205248374411224,20913.199999999968,478.00000000000006,0.020439708221316622,20826.460000000003,791.9999999999993,0.02042724406300978,20813.759999999984,14.0,0.0209149165246366,21310.66,964.0000000000014,0.020407340666910422,20793.48000000003,311.99999999999994,0.02041476027610721,20801.039999999997,646.9999999999998,0.020433819642588977,20820.459999999992,924.0000000000007,0.02041299370248894,20799.240000000016,1382.0000000000005,0.020656996776366284,21047.860000000008,3760.9999999999964,0.02041210060138188,20798.32999999998,499.00000000000006,0.020416988121725835,20803.31,1100.000000000001,0.02042551674658304,20812.00000000002,809.9999999999998,0.021082289560671683,21481.199999999993,3727.0,0.020410461613636043,20796.66
2025-03-24 00:00:00,334.2000000000153,1025658.11,228.99999999999972,0.02041815863962698,20942.049999999974,46.00000000000006,0.02054858221712889,21075.820000000025,68.00000000000003,0.020687244407398105,21218.040000000008,141.0000000000001,0.020447690897700814,20972.34000000002,113.99999999999997,0.0212070667485874,21751.199999999997,284.99999999999966,0.02047071026426143,20995.949999999975,2698.000000000001,0.020412727980086864,20936.480000000007,155.99999999999991,0.020621374504609526,21150.47999999999,319.00000000000045,0.020427781729332822,20951.92000000003,315.00000000000006,0.020432685897642838,20956.950000000004,4048.999999999997,0.020409656781244567,20933.329999999984,2553.9999999999986,0.02268488863213882,23266.939999999988,1608.9999999999989,0.020409422785142302,20933.089999999986,1193.000000000001,0.020413381219205703,20937.150000000016,348.99999999999994,0.020661153841995163,21191.279999999995,2822.999999999999,0.020697891230051304,21228.959999999992,4111.999999999997,0.02144886272093143,21999.199999999983,2851.9999999999973,0.020409998025560372,20933.67999999998,4256.000000000005,0.021453074650772296,22003.520000000022,4159.000000000002,0.020720832597911222,21252.49000000001,565.0,0.020442630731989243,20967.15,673.9999999999994,0.020410739013217556,20934.43999999998,3296.9999999999986,0.020412211238694338,20935.94999999999,2953.0000000000005,0.0204130107253771,20936.770000000004,423.0000000000002,0.020447690897700807,20972.34000000001,4389.000000000007,0.020411801745515407,20935.53000000003,1128.0,0.02067589559643808,21206.4,1321.0000000000002,0.02199824656970733,22562.68,1035.999999999999,0.02041378096254705,20937.559999999983,169.99999999999997,0.020416744913175796,20940.6,618.0000000000001,0.020414053957999716,20937.840000000004,1227.999999999999,0.020413624965145538,20937.399999999987,0.0,0.0,,782.9999999999998,0.02042891271049375,20953.079999999994,795.9999999999993,0.020418850878096195,20942.75999999998,110.99999999999984,0.022683582153901136,23265.599999999966,503.99999999999994,0.021350974351482487,21898.8,773.9999999999992,0.02042803522511023,20952.17999999998,14.0,0.020903807800047525,21440.16,977.0000000000013,0.020641956411771592,21171.59000000003,336.99999999999994,0.02179401672161496,22353.209999999995,719.9999999999998,0.022358327571748052,22931.999999999993,927.0000000000006,0.02046225715506702,20987.280000000013,1378.0000000000002,0.02042161983197306,20945.600000000002,4031.9999999999964,0.021660551194783592,22216.319999999978,498.0000000000001,0.020412181989181568,20935.920000000006,1086.000000000001,0.020424876277729643,20948.940000000017,786.9999999999998,0.020425851261489072,20949.939999999995,4290.0,0.023004741804264584,23595.0
2025-03-25 00:00:00,551.7400000000162,1025206.7499999999,249.99999999999972,0.021915091760759453,22467.499999999975,61.00000000000005,0.025591033223298643,26236.100000000024,67.00000000000003,0.020424016911710745,20938.840000000007,178.00000000000014,0.024612869550458986,25233.280000000017,109.99999999999997,0.020447290266085348,20962.699999999993,281.99999999999966,0.02044018925938595,20955.419999999976,2673.0000000000005,0.020414994341385294,20929.590000000004,159.99999999999994,0.020814533263656326,21339.199999999993,337.0000000000005,0.021336837667134,21874.67000000003,348.00000000000006,0.022128336552602688,22686.120000000003,3985.9999999999964,0.020411980315190068,20926.49999999998,2252.9999999999986,0.020415755163531637,20930.369999999984,1600.999999999999,0.02041058547458841,20925.06999999999,1169.0000000000011,0.020410614736978683,20925.10000000002,343.99999999999994,0.020417735251938206,20932.399999999998,2749.999999999999,0.020412955728198234,20927.499999999993,3867.9999999999973,0.020411375559125016,20925.879999999986,2931.9999999999977,0.020877349861381605,21403.599999999984,3993.0000000000045,0.02040887850182417,20923.320000000025,4071.0000000000023,0.02041045867089737,20924.94000000001,564.0,0.020442939924068974,20958.239999999998,681.9999999999994,0.02060222486830094,21121.539999999983,3279.999999999998,0.020411882773889257,20926.399999999987,2951.0,0.020408166450328193,20922.59,425.0000000000002,0.02048294161153349,20999.25000000001,4359.000000000007,0.0204087614522632,20923.200000000033,1097.0,0.02041613557460483,20930.76,1224.0000000000002,0.0204157844259219,20930.400000000005,1045.9999999999989,0.020568885251682142,21087.35999999998,184.99999999999997,0.02185627435636763,22407.199999999997,607.0000000000001,0.020432532267271947,20947.570000000003,1218.999999999999,0.020415618605710496,20930.229999999985,0.0,0.0,,775.9999999999997,0.020429284141954773,20944.23999999999,784.9999999999993,0.020428854960231176,20943.79999999998,100.99999999999984,0.020578171183519782,21096.87999999997,482.99999999999994,0.02043266882509308,20947.709999999995,781.9999999999992,0.020579614794771866,21098.35999999998,14.0,0.02081059259510338,21335.16,955.0000000000014,0.020418905747548028,20933.60000000003,308.99999999999994,0.020420027472507374,20934.749999999996,665.9999999999998,0.020411219493043718,20925.719999999994,917.0000000000005,0.02042932315847512,20944.28000000001,1390.0,0.02055429307308014,21072.4,3846.9999999999973,0.020413131302539696,20927.679999999986,498.0000000000001,0.020440598932849406,20955.840000000004,1208.000000000001,0.022258066482687536,22819.120000000017,808.9999999999999,0.020871936319186348,21398.049999999996,3776.9999999999995,0.02041010752221442,20924.579999999998
2025-03-26 00:00:00,377.4700000000157,1021796.13,231.99999999999972,0.02043460469947168,20879.999999999975,49.000000000000064,0.020646447349531485,21096.46000000003,69.00000000000003,0.020940478606040536,21396.90000000001,149.00000000000014,0.020530230428647267,20977.710000000017,116.99999999999997,0.02154969993867563,22019.399999999994,280.99999999999966,0.020408190428358713,20853.009999999973,2911.0000000000005,0.022022034865213286,22502.030000000006,156.99999999999994,0.020432510348223763,20877.85999999999,326.0000000000005,0.020438088760426246,20883.560000000034,321.00000000000006,0.020416783140488115,20861.79,3971.9999999999964,0.02040818064167065,20852.99999999998,2336.999999999998,0.021087513807671193,21547.139999999985,1701.999999999999,0.02155408437493298,22023.879999999986,1257.0000000000011,0.021774304429984504,22248.90000000002,341.9999999999999,0.020443765039509395,20889.359999999993,2729.999999999999,0.020412291050661932,20857.199999999993,3875.999999999997,0.02044599640439036,20891.63999999998,2825.9999999999977,0.02041099920783609,20855.879999999983,4234.000000000005,0.02150571856246904,21974.460000000025,4166.000000000003,0.020834156026799607,21288.260000000017,563.0000000000001,0.020441748981766063,20887.300000000007,679.9999999999995,0.020417380128460644,20862.399999999987,3278.9999999999977,0.020409589924753377,20854.439999999988,2942.0,0.0204138373473777,20858.78,425.0000000000002,0.02045148673640016,20897.25000000001,4393.000000000007,0.020550616099906386,20998.540000000037,1090.0,0.020417575862222148,20862.600000000002,1228.0000000000002,0.020466744183108235,20912.840000000004,1083.9999999999989,0.021069016967210454,21528.239999999976,170.99999999999997,0.020487276654688445,20933.819999999996,600.0,0.02042873268662703,20874.0,1201.999999999999,0.020421607977708808,20866.719999999983,0.0,0.0,,775.9999999999997,0.020421529684204222,20866.639999999992,784.9999999999993,0.020420218268002232,20865.29999999998,99.99999999999986,0.0204776661269993,20923.99999999997,480.0,0.020448697530298928,20894.4,780.9999999999992,0.020415530444414565,20860.50999999998,14.0,0.020886906275520933,21342.16,954.0000000000016,0.02042826292559949,20873.520000000033,314.99999999999994,0.02075962061042451,21212.1,664.9999999999998,0.020409550778001082,20854.399999999994,895.0000000000003,0.020417429061901037,20862.450000000008,1363.0000000000002,0.020422400699442858,20867.530000000002,3826.9999999999973,0.020412242117221552,20857.149999999987,768.0000000000001,0.02980163958929851,30451.200000000004,1120.000000000001,0.020409550778001107,20854.40000000002,790.0,0.020418848131671826,20863.9,3770.9999999999995,0.020408797203019354,20853.629999999997
2025-03-27 00:00:00,87.83000000001994,1025117.4,226.9999999999997,0.020476376656956532,20990.68999999997,49.00000000000006,0.020427074986728376,20940.150000000027,69.00000000000003,0.020480220119178556,20994.63000000001,148.0000000000001,0.020486629141208627,21001.200000000015,110.99999999999997,0.02050720239457451,21022.289999999994,271.99999999999966,0.020475937682844888,20990.239999999972,2775.0,0.020410832944597373,20923.5,156.99999999999994,0.020438293214026015,20951.64999999999,316.00000000000057,0.020443629188227647,20957.120000000035,321.00000000000006,0.020469626210617445,20983.770000000004,3947.999999999997,0.02041171089282065,20924.399999999983,2293.9999999999986,0.02040866733897989,20921.279999999984,1621.999999999999,0.020411125594005125,20923.79999999999,1206.0000000000014,0.02042318274960509,20936.16000000002,346.9999999999999,0.020678831517248655,21198.229999999996,2713.999999999999,0.020412237661754637,20924.93999999999,3845.999999999996,0.02040960381708474,20922.23999999998,2811.9999999999977,0.02040866733897989,20921.279999999984,4047.0000000000055,0.020410335440604197,20922.990000000027,4111.000000000003,0.020412286436655953,20924.990000000013,561.0000000000002,0.020434479016744823,20947.74000000001,672.9999999999995,0.020430596534601782,20943.759999999987,3268.9999999999977,0.02040897949834818,20921.599999999988,3038.0000000000005,0.021011661688700244,21539.420000000002,423.0000000000002,0.020429591771635145,20942.73000000001,4377.000000000007,0.020409428227440133,20922.060000000034,1231.0,0.022779898185320044,23352.07,1226.0000000000002,0.020415047096069196,20927.820000000003,1052.9999999999989,0.02042072449457982,20933.639999999978,166.99999999999997,0.02046452435594206,20978.539999999997,624.0,0.021146612085601126,21677.760000000002,1484.999999999999,0.024684392246195397,25304.399999999983,0.0,0.0,,816.9999999999998,0.02138302403217426,21920.109999999993,783.9999999999994,0.02042755298076102,20940.639999999985,97.99999999999986,0.020464836515310315,20978.859999999968,527.0,0.022208578256500185,22766.4,779.9999999999992,0.020422246271500202,20935.19999999998,14.0,0.020996775588825244,21524.16,968.0000000000017,0.020679777750333805,21199.200000000037,308.99999999999994,0.02043687874188849,20950.199999999993,762.9999999999998,0.023103227005999503,23683.519999999993,939.0000000000005,0.021315148879533223,21850.53000000001,1359.0,0.020415807984529386,20928.600000000002,4187.999999999997,0.02214279066963451,22698.959999999985,520.0000000000001,0.020417173681765627,20930.000000000004,1185.0000000000011,0.021477832685310012,22017.300000000017,840.0,0.02157528493809587,22117.199999999997,3735.9999999999995,0.020408979498348186,20921.599999999995
2025-03-28 00:00:00,513.7400000000198,1018375.0199999999,253.9999999999997,0.022547293039454148,22961.599999999973,53.000000000000064,0.021847943599402144,22249.400000000027,69.00000000000003,0.020522989654636274,20900.100000000006,148.0000000000001,0.020452229867146603,20828.040000000015,128.99999999999994,0.02330898689954119,23737.28999999999,270.9999999999996,0.0204665369737761,20842.609999999968,2878.0,0.021082488845808496,21469.88,156.99999999999994,0.020470317506413302,20846.459999999992,315.0000000000005,0.020448901034512846,20824.650000000034,317.00000000000006,0.02046356164549284,20839.58,3943.9999999999964,0.020409848623348974,20784.87999999998,2281.9999999999986,0.02041391392337961,20789.019999999986,1616.999999999999,0.020419412879942787,20794.619999999988,1177.0000000000014,0.020410771662486407,20785.820000000025,344.9999999999999,0.02043152040394706,20806.949999999993,2874.9999999999995,0.02148398141187713,21878.749999999996,3806.9999999999955,0.020411164445098016,20786.219999999976,2789.9999999999973,0.020410457436397043,20785.49999999998,4087.0000000000055,0.02058800499643052,20966.310000000027,4861.000000000004,0.023675521813172538,24110.56000000002,561.0000000000002,0.020432050660472812,20807.49000000001,669.9999999999995,0.020434711762666754,20810.199999999986,3242.9999999999973,0.02041254900380411,20787.629999999983,2965.0,0.02040962277334729,20784.649999999998,421.0000000000003,0.020426276756081482,20801.61000000001,4537.000000000007,0.02107279693486594,21460.010000000035,1112.0000000000002,0.02041919684950639,20794.400000000005,1223.0000000000002,0.020415858197307322,20791.000000000004,1043.9999999999989,0.020410987692922773,20786.03999999998,165.99999999999997,0.02050600180668218,20882.799999999996,601.0,0.0204134916820721,20788.590000000004,1231.999999999999,0.020408827388558676,20783.839999999986,0.0,0.0,,772.9999999999998,0.02042610000390622,20801.429999999993,783.9999999999994,0.020416525927747117,20791.679999999986,97.99999999999986,0.020556061950537607,20933.77999999997,484.0,0.020445984623621273,20821.68,980.9999999999991,0.024987985270887716,25447.139999999978,14.0,0.02108368683277405,21471.100000000002,956.0000000000017,0.02041782211036563,20793.000000000036,320.99999999999994,0.02111263491125303,21500.579999999998,680.9999999999998,0.020415789460350272,20790.929999999993,898.0000000000005,0.02041359969729031,20788.700000000008,1354.0000000000002,0.02040888630595044,20783.9,3848.999999999997,0.02040957367552082,20784.599999999984,517.0000000000001,0.020413472042941517,20788.570000000003,1119.0000000000011,0.020415877836437918,20791.02000000002,793.0000000000001,0.020425078769115926,20800.390000000003,3881.9999999999995,0.021118232063469116,21506.28
2025-03-31 00:00:00,389.57000000002154,1013850.96,231.99999999999966,0.020441426617576978,20724.55999999997,50.00000000000007,0.02057057775040232,20855.50000000003,71.00000000000004,0.020884351680250927,21173.620000000014,147.00000000000014,0.020449632951967636,20732.88000000002,112.99999999999996,0.020514632643835535,20798.77999999999,266.9999999999996,0.020459841553042445,20743.229999999967,2816.0,0.020414834937868977,20697.6,156.99999999999994,0.020456359778956063,20739.69999999999,316.0000000000005,0.020458865078157088,20742.240000000034,314.0000000000001,0.020447068472470558,20730.280000000006,3853.9999999999964,0.020413237069874635,20695.97999999998,2338.9999999999986,0.02083261823808895,21121.169999999987,1596.9999999999993,0.02041436149550028,20697.11999999999,1175.0000000000011,0.0204206543336508,20703.500000000022,382.99999999999983,0.022250509088633692,22558.69999999999,2669.9999999999995,0.020409804612701653,20692.499999999996,3913.9999999999955,0.020885456379111166,21174.739999999976,2729.9999999999973,0.020410692317142928,20693.39999999998,4451.0000000000055,0.021907056240297915,22210.490000000027,4164.000000000004,0.020412349365433378,20695.080000000016,561.0000000000002,0.02042362321183777,20706.510000000006,665.9999999999995,0.020416491986159375,20699.279999999984,3222.9999999999977,0.020408976088556435,20691.659999999985,2915.0,0.020413749965774067,20696.5,424.0000000000003,0.020525620452142214,20809.920000000013,4302.000000000007,0.020409922973293863,20692.62000000003,1111.0000000000002,0.020426118647656068,20709.040000000005,1289.0000000000002,0.021321210762575996,21616.530000000002,1035.9999999999986,0.020416491986159364,20699.279999999973,165.99999999999997,0.020402663523640594,20685.259999999995,590.0,0.020431898589907144,20714.9,1680.9999999999993,0.026279848864570778,26643.849999999988,0.0,0.0,,770.9999999999999,0.02043374304246849,20716.769999999997,785.9999999999993,0.020451408360850184,20734.679999999982,98.99999999999986,0.020572372886050207,20857.31999999997,545.0,0.02251277643412204,22824.600000000002,792.9999999999989,0.020430182361320617,20713.15999999997,14.0,0.020843458095655402,21132.16,1044.0000000000016,0.0219539960784769,22258.080000000034,311.99999999999994,0.020458391635788362,20741.76,698.9999999999999,0.020855876094450804,21144.749999999996,997.0000000000003,0.022253872502127937,22562.110000000008,1318.0000000000002,0.020409903246528468,20692.600000000002,3838.999999999997,0.02040951857460389,20692.20999999998,514.0000000000001,0.020421068595723388,20703.920000000006,1152.0000000000011,0.020907215001305542,21196.800000000017,819.0000000000001,0.020962696528886264,21253.050000000003,3761.9999999999995,0.0204083251052995,20690.999999999996
2025-04-01 00:00:00,365.87000000002445,1014157.14,277.99999999999966,0.023711315585669464,24046.99999999997,49.00000000000008,0.020475830796793517,20765.710000000036,71.00000000000004,0.02062321426835294,20915.18000000001,147.00000000000014,0.020531877338062245,20822.55000000002,111.99999999999997,0.02055886526618547,20849.919999999995,281.9999999999996,0.02136639298324121,21668.879999999972,2840.0000000000005,0.020554605571282573,20845.600000000002,155.99999999999991,0.02046452091241007,20754.239999999987,312.0000000000005,0.020473750251366402,20763.600000000035,325.00000000000017,0.02100636002030219,21303.75000000001,4227.999999999996,0.02205389985224576,22366.11999999998,2252.9999999999986,0.02041603730167495,20705.069999999985,1611.999999999999,0.02056809460514175,20859.279999999988,1254.0000000000011,0.021552103848521954,21857.22000000002,350.99999999999983,0.02046490546819992,20754.62999999999,2660.9999999999995,0.020413582060862873,20702.579999999998,3776.9999999999955,0.020409026553813915,20697.959999999977,2824.9999999999973,0.021003155388720114,21300.499999999978,4140.0000000000055,0.020411038076407,20700.00000000003,4437.000000000004,0.021525303268091194,21830.04000000002,579.0000000000002,0.020952670115796858,21249.30000000001,657.9999999999995,0.020411708583937975,20700.679999999986,3521.9999999999973,0.02198304298286554,22294.259999999984,3021.0,0.021030527872633226,21328.26,422.0000000000003,0.020418472821677334,20707.540000000015,4597.000000000007,0.02157626184044815,21881.720000000034,1096.0000000000002,0.02042523705941665,20714.4,1234.0000000000005,0.020417467060380806,20706.520000000008,1149.9999999999986,0.022270710434479587,22585.999999999975,166.99999999999994,0.02050784753139932,20798.179999999993,585.0,0.0204256807776357,20714.85,1290.9999999999993,0.020418571425725986,20707.63999999999,0.0,0.0,,767.9999999999998,0.020416244370177184,20705.279999999995,784.9999999999993,0.02041148179462601,20700.449999999983,98.99999999999986,0.020385568650633346,20674.169999999973,470.00000000000006,0.020433026779262238,20722.300000000003,865.9999999999989,0.021971131613785187,22282.17999999997,14.000000000000002,0.02076841859043659,21062.440000000002,962.0000000000017,0.020422732516580257,20711.860000000037,311.99999999999994,0.02041837421762864,20707.44,681.9999999999999,0.02042993061213373,20719.159999999996,909.0000000000003,0.020426923188649058,20716.110000000008,1357.0000000000002,0.02091382998102247,21209.910000000003,3843.999999999997,0.020429930612133718,20719.15999999998,547.0000000000001,0.021499054870333018,21803.420000000006,1134.0000000000011,0.020417782593336594,20706.840000000022,801.0000000000001,0.02043260278185292,20721.870000000003,3768.9999999999995,0.020440126270767068,20729.499999999996
2025-04-02 00:00:00,535.9700000000266,1012915.47,238.9999999999997,0.020492479989470368,20757.149999999972,49.00000000000008,0.020384346583234663,20647.62000000003,70.00000000000004,0.020522146828303462,20787.20000000001,147.00000000000014,0.02054543603722433,20810.79000000002,112.99999999999996,0.02056035337282389,20825.899999999994,271.9999999999996,0.02048091930119299,20745.43999999997,2840.0000000000005,0.020411574916513027,20675.200000000004,155.99999999999991,0.020535810357403258,20801.03999999999,397.0000000000005,0.025229045025840148,25554.890000000036,318.00000000000017,0.020447254103049695,20711.34000000001,3856.9999999999964,0.02040991633783615,20673.519999999982,2426.9999999999986,0.021804089930623716,22085.699999999986,1590.999999999999,0.020419275460369847,20682.99999999999,1216.0000000000011,0.020408415719033315,20672.00000000002,349.99999999999983,0.020428160703281576,20691.99999999999,2882.9999999999995,0.021916043991311536,22199.1,3765.9999999999955,0.020411713131402737,20675.339999999975,2716.9999999999977,0.020412729998091534,20676.369999999984,4127.0000000000055,0.020412631273170334,20676.270000000026,4177.000000000004,0.020412512803264837,20676.15000000002,564.0000000000001,0.020440442083484032,20704.440000000006,673.9999999999997,0.020847169014014552,21116.419999999987,3240.9999999999973,0.020413924569638555,20677.579999999984,2860.0000000000005,0.020414141764465304,20677.800000000003,420.0000000000002,0.020446128638947545,20710.20000000001,4307.000000000007,0.020409995317773197,20673.600000000035,1086.0000000000005,0.020413786354748838,20677.440000000006,1229.0000000000005,0.020408198524206573,20671.78000000001,1053.9999999999986,0.02042620594984098,20690.01999999997,166.99999999999994,0.020448902809234414,20713.009999999995,583.9999999999999,0.02041576085317366,20679.439999999995,1329.9999999999993,0.020956141582080874,21226.799999999992,0.0,0.0,,774.9999999999997,0.02057402677441583,20839.749999999993,838.9999999999992,0.02165181661210089,21931.45999999998,98.99999999999986,0.020446720988474953,20710.79999999997,623.0000000000001,0.026139891021705892,26477.500000000004,801.9999999999987,0.020427765803596593,20691.59999999997,14.000000000000002,0.020697126878711808,20964.440000000002,1033.0000000000018,0.021742742264564324,22023.560000000038,328.99999999999994,0.021391656699645427,21667.939999999995,678.9999999999999,0.020425327298041956,20689.129999999997,928.0000000000002,0.02078783533634846,21056.320000000007,1328.0000000000005,0.02041331247512688,20676.960000000006,3821.999999999997,0.020413371710079602,20677.019999999982,521.0000000000001,0.02043025367161191,20694.120000000003,1107.000000000001,0.020426018372490667,20689.83000000002,796.0,0.020408534188938787,20672.12,3745.0000000000005,0.020408810618718264,20672.4
2025-04-03 00:00:00,213.9800000000214,1011607.6599999999,234.99999999999972,0.020463615311097957,20701.149999999976,49.00000000000008,0.020691638495501343,20931.820000000032,69.00000000000004,0.020706664083583563,20947.02000000001,146.00000000000017,0.02045947338912007,20696.960000000025,110.99999999999996,0.020442016028229752,20679.299999999992,302.9999999999996,0.02222462411959195,22482.599999999973,3442.0000000000005,0.02374948406381186,24025.160000000003,172.99999999999991,0.022158402794221613,22415.609999999986,334.00000000000045,0.02041755990657488,20654.56000000003,319.00000000000017,0.020459236142992443,20696.72000000001,3802.9999999999964,0.020413338902554357,20650.28999999998,2244.999999999999,0.020417006332277072,20653.99999999999,1853.999999999999,0.02303737004126678,23304.779999999988,1353.0000000000011,0.02221546048791289,22473.330000000016,348.9999999999998,0.02045822784695006,20695.699999999986,2692.0,0.0204107193098953,20647.64,3719.9999999999955,0.020409098128023245,20645.999999999975,2660.9999999999973,0.02041241957380985,20649.35999999998,4097.0000000000055,0.02041194508155467,20648.880000000026,4146.000000000004,0.020410165735597556,20647.08000000002,564.0000000000001,0.020433415856103743,20670.600000000002,662.9999999999997,0.02042858196625359,20665.709999999992,3215.9999999999973,0.020409809866406097,20646.719999999983,2821.0000000000005,0.020412775443001296,20649.720000000005,429.00000000000017,0.020750109780702936,20990.97000000001,4257.000000000007,0.02040954296451258,20646.450000000033,1121.0000000000005,0.020932710216923438,21175.69000000001,1266.0000000000005,0.02089960449686592,21142.200000000008,1060.9999999999986,0.020515028524003043,20753.15999999997,168.99999999999994,0.020601939688752447,20841.07999999999,577.9999999999998,0.02040925629210834,20646.159999999993,1309.9999999999995,0.020408702717810572,20645.59999999999,0.0,0.0,,751.9999999999997,0.02041297314810763,20649.91999999999,776.9999999999992,0.020423362551446063,20660.42999999998,96.99999999999987,0.020572550824694204,20811.349999999973,486.00000000000017,0.020437211794145576,20674.440000000006,926.9999999999986,0.0228907519344011,23156.459999999966,14.000000000000004,0.02099873383718744,21242.480000000003,950.0000000000018,0.020425408799296798,20662.50000000004,317.99999999999994,0.020435966251975593,20673.179999999997,713.9999999999999,0.021244797612544768,21491.399999999998,904.0000000000002,0.020428315064360037,20665.440000000006,1401.0000000000002,0.021300135271810818,21547.380000000005,3809.999999999997,0.020413249935256506,20650.199999999983,521.0000000000001,0.020415464232447594,20652.440000000006,1174.000000000001,0.02138854899536844,21636.820000000018,806.0,0.020611963337644163,20851.22,3720.000000000001,0.020409098128023273,20646.000000000004
2025-04-07 00:00:00,380.27000000002045,944985.1300000001,229.9999999999997,0.020444766152034558,19319.999999999975,54.00000000000008,0.021617483017960328,20428.20000000003,69.00000000000004,0.020454258364890898,19328.970000000012,142.00000000000017,0.020466353793313154,19340.400000000023,109.99999999999994,0.020452173676002702,19326.99999999999,302.9999999999996,0.02081274019623989,19667.729999999974,3442.0000000000005,0.022801332334192397,21546.920000000002,172.99999999999991,0.02133700241399565,20163.14999999999,370.00000000000045,0.021726585263833757,20531.300000000025,339.00000000000017,0.021186936560578486,20021.34000000001,3701.9999999999955,0.020410289419051472,19287.419999999976,2189.999999999999,0.02041714666981056,19293.899999999994,1853.999999999999,0.021875582317364077,20672.09999999999,1353.0000000000011,0.021347669248509782,20173.230000000018,348.9999999999998,0.0204122047931061,19289.22999999999,3004.9999999999995,0.021846216775919004,20644.35,3564.9999999999955,0.020409474591414976,19286.649999999976,2537.9999999999973,0.020411749759490904,19288.799999999977,4010.0000000000055,0.02041100900709414,19288.100000000024,3993.0000000000036,0.020408987811268542,19286.190000000017,566.0,0.020448194777414122,19323.24,731.9999999999995,0.0216969763323154,20503.31999999999,3066.9999999999973,0.020414532872067504,19291.429999999982,2779.0000000000005,0.020409061886508213,19286.260000000006,420.00000000000017,0.02044921066641547,19324.200000000008,4139.000000000007,0.020410628048718647,19287.740000000034,1080.0000000000007,0.02041174975949094,19288.80000000001,1317.0000000000007,0.02091902758300547,19768.17000000001,1041.9999999999984,0.02041028941905147,19287.419999999973,174.99999999999994,0.020837364922345388,19690.999999999993,565.9999999999998,0.020424236728465762,19300.59999999999,1445.9999999999998,0.02169799222131675,20504.279999999995,0.0,0.0,,704.9999999999998,0.020434131064051765,19309.949999999993,744.9999999999992,0.020410956096208608,19288.04999999998,90.99999999999989,0.020501804086589148,19373.899999999976,473.0000000000001,0.02044193012857251,19317.320000000007,926.9999999999986,0.021934440386379383,20727.71999999997,14.000000000000004,0.02145870803279202,20278.160000000007,907.0000000000018,0.02042461768684132,19300.96000000004,349.99999999999994,0.021644785034871394,20453.999999999996,713.9999999999999,0.020453210729358247,19327.979999999996,849.0000000000003,0.020430226240702863,19306.260000000006,1401.0000000000002,0.02050384644676896,19375.83,3874.9999999999964,0.020625985934826282,19491.24999999998,510.0000000000001,0.020411114828865092,19288.200000000004,1113.0000000000007,0.020411210068458977,19288.290000000008,850.0,0.021092924499245828,19932.5,3787.000000000001,0.020638472903801153,19503.050000000007
2025-04-08 00:00:00,509.7700000000186,968377.3599999999,240.9999999999997,0.02115394354118313,20484.999999999975,53.00000000000007,0.020733642513079846,20077.990000000027,70.00000000000003,0.020630387310996208,19978.000000000007,166.00000000000017,0.022965241566572786,22239.020000000022,119.99999999999996,0.0217898526665266,21100.799999999992,302.9999999999996,0.020403853720826322,19758.629999999972,3316.000000000001,0.02040873818033086,19763.360000000004,172.99999999999991,0.020460711720893587,19813.68999999999,486.0000000000005,0.025058392525822808,24265.980000000025,325.0000000000001,0.02044218588505622,19795.750000000007,4015.999999999996,0.021731032621415246,21043.83999999998,2193.999999999999,0.02043612419852524,19789.87999999999,1689.999999999999,0.0204186929772914,19772.99999999999,1280.0000000000011,0.020421790943150525,19776.00000000002,332.9999999999998,0.02045707677428558,19810.169999999987,2734.0,0.020412311167621676,19766.82,3479.9999999999955,0.020411877452401375,19766.399999999972,2485.9999999999973,0.0204090892831282,19763.69999999998,3906.0000000000064,0.02040977083561725,19764.36000000003,4249.000000000004,0.021412231281408744,20735.120000000017,564.0000000000001,0.020413736231916862,19768.2,686.9999999999997,0.020417515750264945,19771.85999999999,3270.9999999999973,0.02144912805479052,20770.84999999998,2997.000000000001,0.021633126573715026,20949.030000000006,434.0000000000002,0.020934132536927556,20272.14000000001,4276.000000000008,0.02093010518131076,20268.240000000038,1069.0000000000007,0.020411268185782462,19765.810000000012,1267.0000000000007,0.02041063826605778,19765.20000000001,1029.9999999999984,0.02041115459370092,19765.69999999997,163.99999999999994,0.020410720878480667,19765.27999999999,549.9999999999998,0.020412497045573214,19766.99999999999,1361.9999999999995,0.02042203878041923,19776.239999999994,0.0,0.0,,703.9999999999997,0.020435669830199243,19789.43999999999,731.9999999999993,0.02043207618980268,19785.95999999998,98.99999999999989,0.021765378736239738,21077.099999999977,482.00000000000017,0.02070597767795811,20051.200000000008,839.9999999999987,0.020410638266057737,19765.19999999997,14.000000000000004,0.0215909219521613,20908.160000000007,875.0000000000018,0.020411722554108492,19766.25000000004,332.99999999999994,0.020467393000596374,19820.159999999996,696.9999999999998,0.020434007255188198,19787.829999999994,827.0000000000003,0.020419281590804646,19773.570000000007,1361.0000000000002,0.020421099064108644,19775.33,3822.9999999999964,0.0204103387960247,19764.90999999998,546.0000000000001,0.021504468051586834,20824.440000000006,1106.0000000000007,0.020421047431344333,19775.28000000001,826.0,0.020411650268238404,19766.18,3633.0000000000005,0.02040890340517668,19763.520000000004
2025-04-09 00:00:00,186.21000000001732,987125.22,223.99999999999966,0.02046378675240409,20200.31999999997,49.000000000000064,0.020461730275719254,20198.290000000026,67.00000000000004,0.02056917358468464,20304.350000000013,143.00000000000017,0.020457850322170908,20194.460000000025,107.99999999999996,0.020422211479917407,20159.27999999999,298.9999999999996,0.020418473352347307,20155.58999999997,3717.000000000001,0.022216330365867877,21930.300000000007,169.9999999999999,0.02050590906794985,20241.899999999987,407.00000000000045,0.020438126380764567,20174.990000000023,314.00000000000006,0.020440810943924633,20177.640000000007,3889.9999999999964,0.02041301305218398,20150.19999999998,2273.999999999999,0.020963297847865738,20693.39999999999,1700.9999999999989,0.02050590906794985,20241.899999999987,1387.000000000001,0.021666491308974984,21387.540000000015,307.9999999999998,0.020458964669142973,20195.559999999983,3204.0,0.022947726935798485,22652.280000000002,3426.999999999995,0.020413580356097045,20150.75999999997,2577.9999999999973,0.02097134140691895,20701.339999999975,4022.0000000000064,0.020861223665220543,20592.640000000032,4154.000000000003,0.020409670011267686,20146.900000000012,623.0,0.021969482250691563,21686.63,747.9999999999997,0.021740017948280153,21460.11999999999,3182.9999999999977,0.020411179444893512,20148.389999999985,2891.0000000000014,0.02041308396517314,20150.270000000008,435.0000000000003,0.02043844042400215,20175.300000000014,4280.000000000009,0.020421725219420536,20158.800000000043,1155.0000000000007,0.02162278864681425,21344.400000000012,1309.0000000000005,0.020912169582699966,20642.930000000008,1205.9999999999984,0.02293186268708642,22636.61999999997,162.99999999999994,0.020429383822246985,20166.359999999993,574.9999999999998,0.021098133831491,20826.499999999993,1391.9999999999993,0.020743386538133426,20476.319999999992,0.0,0.0,,703.9999999999997,0.02041840243935819,20155.51999999999,723.9999999999993,0.020411716357525526,20148.91999999998,91.99999999999989,0.020413580356097052,20150.759999999977,460.0000000000001,0.02044340433324154,20180.200000000004,862.9999999999987,0.020824774388805478,20556.65999999997,14.000000000000004,0.021124695811135297,20852.720000000005,862.0000000000018,0.020416416875662487,20153.56000000004,356.99999999999994,0.02149684717811181,21220.079999999994,689.9999999999998,0.02042476434752624,20161.799999999992,798.0000000000002,0.020428472083815274,20165.460000000006,1334.0000000000005,0.020419638351454546,20156.740000000005,3808.999999999996,0.020412415356989847,20149.60999999998,538.0000000000001,0.020410885662509978,20148.100000000006,1092.0000000000007,0.020410176532618642,20147.400000000012,835.0,0.020572060756385097,20307.2,4030.0000000000005,0.02204583527913511,21762.000000000004
2025-04-10 00:00:00,359.2000000000262,994547.8399999999,223.99999999999966,0.020484484688036698,20372.79999999997,55.00000000000007,0.022320796554140654,22199.100000000028,69.00000000000006,0.020870368588805158,20756.580000000016,147.00000000000017,0.020842104488407544,20728.470000000023,107.99999999999996,0.02047611907738897,20364.479999999992,292.99999999999955,0.020439780956137788,20328.339999999967,3207.000000000001,0.020411597294304123,20300.310000000005,165.99999999999986,0.02042644826416795,20315.079999999984,401.00000000000045,0.020409898029641313,20298.62000000002,313.00000000000006,0.020437649334193925,20326.22,4132.999999999995,0.02140163513903965,21284.94999999998,2232.999999999999,0.02040924446630943,20297.96999999999,1619.999999999999,0.020409877920000298,20298.599999999988,1250.000000000001,0.020423854120481543,20312.500000000015,294.99999999999983,0.020439891559163197,20328.449999999986,2854.9999999999995,0.020410330386922367,20299.05,3770.999999999995,0.02199170227950017,21871.79999999997,2565.999999999997,0.020408329477644815,20297.059999999976,3972.0000000000064,0.020408188710158013,20296.920000000035,4300.000000000003,0.020969328132068553,20855.00000000001,577.0000000000001,0.020421742608178615,20310.400000000005,691.9999999999995,0.02041458357598966,20303.279999999988,3414.999999999998,0.02156376911944225,21446.19999999999,3030.0000000000014,0.021173943729041748,21058.50000000001,433.0000000000003,0.02043208901846292,20320.690000000013,4419.00000000001,0.02092759057221425,20813.490000000045,1114.000000000001,0.020419550657311786,20308.220000000016,1256.0000000000002,0.020408228929439942,20296.960000000003,1060.9999999999984,0.020418866929518418,20307.53999999997,162.99999999999994,0.02052275333482198,20410.859999999993,567.9999999999998,0.020417318487162966,20305.999999999993,1350.999999999999,0.020416845910599925,20305.529999999984,0.0,0.0,,774.9999999999995,0.021998187638716298,21878.24999999999,729.9999999999994,0.02053737304381455,20425.399999999983,95.99999999999989,0.021081338832328045,20966.399999999976,460.0000000000001,0.020443461020437197,20332.000000000007,835.9999999999987,0.020417760899264507,20306.43999999997,14.000000000000004,0.021079086552538297,20964.160000000007,999.0000000000017,0.022881976195333192,22757.22000000004,337.99999999999994,0.020442153893773476,20330.699999999997,736.9999999999998,0.021490167833454844,21372.999999999993,876.0000000000003,0.021949592691287743,21829.92000000001,1442.0000000000005,0.021690580515463197,21572.320000000007,4044.9999999999964,0.02139333991213533,21276.69999999998,533.0,0.020413266394505473,20301.97,1136.0000000000007,0.021051254809421754,20936.48000000001,827.0,0.020430781891799196,20319.39,3787.0000000000005,0.020409596385026593,20298.320000000003
2025-04-11 00:00:00,247.11000000002605,996810.9299999999,218.99999999999966,0.020410189523102414,20345.09999999997,50.00000000000007,0.020652361827533366,20586.50000000003,67.00000000000006,0.020641527275388146,20575.70000000002,139.0000000000002,0.020450959541545185,20385.740000000027,107.99999999999996,0.020431798435436493,20366.639999999992,273.99999999999955,0.020470060455697422,20404.779999999966,3214.0000000000005,0.020441950812076275,20376.760000000002,158.99999999999986,0.020477724898140898,20412.41999999998,412.00000000000045,0.020839498619863676,20773.040000000023,313.00000000000006,0.020447769367857964,20382.560000000005,3919.999999999996,0.020409888563320613,20344.79999999998,2301.999999999999,0.020899750768182287,20833.099999999995,1709.999999999999,0.021288992085991665,21221.099999999988,1222.000000000001,0.020411393362229704,20346.300000000014,341.9999999999998,0.02286722518181055,22794.29999999999,2921.0,0.020776146585792354,20709.89,3581.999999999995,0.020410851634622397,20345.75999999997,2985.9999999999964,0.02294593619674694,22872.759999999973,4124.000000000006,0.021016944507219675,20949.92000000003,4186.000000000003,0.020409045875931574,20343.960000000014,591.0,0.02079267930980653,20726.37,728.9999999999995,0.021252515760436123,21184.739999999987,3213.9999999999986,0.020409707987451536,20344.61999999999,2898.000000000002,0.02040904587593157,20343.96000000001,440.0000000000003,0.020657879423533223,20592.00000000001,4274.00000000001,0.020409326771727965,20344.240000000045,1225.000000000001,0.02197307367004896,21903.000000000015,1247.0000000000002,0.020416148526782314,20351.040000000005,1071.9999999999986,0.020572968637091463,20507.35999999997,161.99999999999994,0.02046917764033747,20403.899999999994,646.9999999999999,0.022574652145918986,22502.659999999996,1460.999999999999,0.021691977233837104,21622.79999999999,0.0,0.0,,719.9999999999995,0.020412296241575114,20347.19999999999,768.9999999999993,0.021253729631556095,21185.949999999983,93.99999999999987,0.02050003604996584,20434.65999999997,458.0000000000001,0.020414041808309635,20348.940000000006,914.9999999999989,0.021892566928414375,21822.749999999975,14.000000000000002,0.021311844965423894,21243.880000000005,894.0000000000018,0.020430474212396573,20365.320000000043,356.99999999999994,0.02129871308694418,21230.789999999997,701.9999999999998,0.02041608833482594,20350.979999999992,824.0000000000003,0.020409647795495194,20344.56000000001,1350.0000000000005,0.02040958760353883,20344.500000000007,3882.999999999996,0.020412015345778748,20346.91999999998,529.0,0.02043165798753832,20366.5,1092.0000000000007,0.020420000811989508,20354.880000000012,821.0,0.020417703485655,20352.59,3925.9999999999995,0.020992526636922013,20925.579999999998
2025-04-14 00:00:00,541.8100000000195,1002430.38,238.99999999999963,0.02193469036722527,21987.999999999967,48.00000000000008,0.02044535003019365,20495.040000000034,70.00000000000006,0.021137627532796858,21189.00000000002,137.0000000000002,0.020485143317384324,20534.93000000003,107.99999999999994,0.020419612581973015,20469.23999999999,287.9999999999996,0.02126320233830101,21314.879999999972,3086.0,0.020410574547830445,20460.18,178.99999999999986,0.022499318107258463,22553.99999999998,398.0000000000004,0.020419512824421802,20469.14000000002,318.00000000000006,0.02067064248391993,20720.88,3896.9999999999964,0.02040964680260387,20459.24999999998,2253.9999999999995,0.020416699661476734,20466.319999999996,1627.999999999999,0.020414345383267404,20463.95999999999,1195.0000000000011,0.020420719890791833,20470.350000000017,306.9999999999998,0.0204211288967519,20470.759999999987,2834.0,0.020411871395996598,20461.48,3774.9999999999945,0.021314697186252448,21366.49999999997,2684.999999999997,0.020410095711584454,20459.699999999975,4044.000000000007,0.020413028583591043,20462.640000000032,4176.000000000003,0.020412789165468046,20462.400000000016,581.9999999999999,0.02043092508828393,20480.579999999994,701.9999999999994,0.02043469592372089,20484.359999999982,3196.9999999999986,0.02041119304464814,20460.799999999992,2838.0000000000014,0.02041237018375282,20461.98000000001,436.0000000000002,0.02041187139599661,20461.48000000001,4254.000000000011,0.020412130765629876,20461.740000000053,1093.000000000001,0.02042225615708097,20471.890000000018,1313.0000000000002,0.021297618693479747,21349.380000000005,1066.9999999999986,0.020415442716331056,20465.059999999972,153.99999999999994,0.020536807753172837,20586.719999999994,578.9999999999998,0.020423802399125206,20473.43999999999,1373.999999999999,0.020422964435694763,20472.599999999988,0.0,0.0,,749.9999999999995,0.021106203904155407,21157.49999999999,740.9999999999993,0.020409407384480886,20459.00999999998,107.99999999999986,0.022851262748042382,22906.79999999997,478.00000000000006,0.02113836573867604,21189.74,868.999999999999,0.02041533298302469,20464.949999999975,14.000000000000002,0.020955091165533117,21006.020000000004,906.0000000000019,0.02063383194751145,20683.980000000043,349.0,0.020443594297291746,20493.28,737.9999999999998,0.021269127936844844,21320.819999999992,920.0000000000003,0.02234768662936972,22402.00000000001,1328.0000000000005,0.020414864122533884,20464.480000000007,3963.999999999996,0.02076054398909975,20810.999999999978,545.0,0.020915317829852682,20966.149999999998,1275.0000000000007,0.023174177941414756,23230.50000000001,872.0,0.021451384982965102,21503.52,3802.999999999999,0.020410534644809943,20460.139999999996
2025-04-15 00:00:00,523.0700000000215,1001958.58,226.99999999999963,0.020478421373466324,20518.529999999966,56.00000000000008,0.023195689386681068,23241.12000000003,69.00000000000006,0.020649895527617538,20690.34000000002,137.0000000000002,0.020528972365304793,20569.18000000003,113.99999999999994,0.021355972619147578,21397.79999999999,278.99999999999955,0.02043578488044882,20475.80999999997,3333.0000000000005,0.021788475527601152,21831.15,166.9999999999999,0.02052418174811177,20564.379999999986,423.0000000000004,0.021488612832678194,21530.70000000002,314.00000000000006,0.020457851660894012,20497.920000000006,3822.999999999996,0.020413069370592125,20453.049999999977,2217.9999999999995,0.020409985410774163,20449.959999999995,1613.9999999999989,0.020409406544530002,20449.379999999986,1193.0000000000011,0.02041995588280707,20459.95000000002,379.9999999999998,0.024416578178311506,24464.399999999983,2809.0000000000005,0.020409546270864814,20449.520000000004,3600.9999999999945,0.020413698139098692,20453.679999999968,2652.999999999997,0.020414646282084812,20454.629999999976,4002.0000000000073,0.020410244902538822,20450.220000000038,4107.000000000003,0.02041287974199494,20452.860000000015,579.9999999999998,0.020428189756107478,20468.19999999999,696.9999999999993,0.020416961747061424,20456.949999999983,3150.9999999999986,0.020410015352131612,20449.98999999999,2783.000000000001,0.02041506546108923,20455.050000000007,433.0000000000002,0.020432221858911585,20472.240000000013,4148.00000000001,0.020409666036294686,20449.640000000047,1069.0000000000007,0.020409995391226666,20449.970000000012,1252.0000000000002,0.020417690320092878,20457.680000000004,1049.9999999999989,0.02042449698868787,20464.499999999975,153.99999999999994,0.020460406656730254,20500.479999999992,578.9999999999998,0.02043341951320981,20473.43999999999,1470.999999999999,0.021625474777610055,21667.829999999987,0.0,0.0,,721.9999999999994,0.02041427700534286,20454.259999999984,738.9999999999992,0.020415534542356013,20455.51999999998,96.99999999999987,0.020500567997531367,20540.719999999972,469.0,0.02040842846018645,20448.4,868.999999999999,0.020424946109049713,20464.949999999975,14.000000000000002,0.021048933978887633,21090.160000000003,892.0000000000019,0.020413578373668945,20453.560000000045,481.00000000000006,0.026657718725259086,26709.930000000004,713.9999999999998,0.02043036549474929,20470.379999999994,852.0000000000002,0.020416532587604577,20456.520000000008,1368.0000000000007,0.020930446046981313,20971.44000000001,3902.999999999996,0.02041174197041157,20451.71999999998,524.0,0.020443120513025603,20483.160000000003,1118.0000000000005,0.020408248812041722,20448.22000000001,834.0,0.020426353352850177,20466.36,3772.9999999999995,0.0204096859971996,20449.659999999996
2025-04-16 00:00:00,400.88000000002285,1012530.3099999999,224.9999999999997,0.020443832441914722,20699.99999999997,48.00000000000008,0.020505460226667226,20762.400000000034,68.00000000000006,0.02062437024724724,20882.800000000017,134.00000000000017,0.020412386469694947,20668.16000000003,107.99999999999993,0.020524185592034266,20781.359999999986,336.99999999999955,0.02407356082012001,24375.209999999966,3229.000000000001,0.020409858150320464,20665.600000000006,167.99999999999991,0.020507830526080736,20764.79999999999,408.00000000000045,0.020421551627427356,20677.440000000024,324.0,0.020978571989612838,21241.440000000002,3805.999999999996,0.020410826022580972,20666.579999999976,2272.9999999999995,0.0208548522364728,21116.169999999995,1660.9999999999986,0.02093207461611691,21194.359999999982,1242.0000000000011,0.021147100277916636,21412.080000000016,312.9999999999997,0.0204332648570293,20689.29999999998,2752.0000000000005,0.020411754389851308,20667.520000000004,3478.9999999999945,0.02040952235790351,20665.25999999997,2632.999999999997,0.02041326545572742,20669.049999999974,3967.0000000000077,0.020412297583466948,20668.07000000004,4116.000000000003,0.020447269376064423,20703.480000000014,581.9999999999998,0.02046854281330106,20725.019999999993,774.9999999999993,0.022403526863309386,22684.249999999978,3135.9999999999986,0.020410490230164065,20666.23999999999,2799.000000000001,0.020511563747657103,20768.580000000005,464.0000000000002,0.021689345773757637,21961.12000000001,4133.000000000009,0.020409265575467118,20665.000000000044,1069.0000000000007,0.020408050797017633,20663.77000000001,1356.0000000000002,0.021896233407570787,22170.600000000006,1129.9999999999989,0.02177347165044371,22046.29999999998,153.99999999999994,0.020490132290459526,20746.879999999994,570.9999999999997,0.02042567989890593,20681.619999999988,1379.9999999999989,0.02041657399865885,20672.399999999983,0.0,0.0,,756.9999999999995,0.02127760501312794,21544.219999999987,737.9999999999992,0.0204082779507114,20663.999999999978,96.99999999999987,0.020560510430546988,20818.139999999974,469.0,0.020417680138385193,20673.52,870.999999999999,0.020447457024767957,20703.669999999976,14.000000000000002,0.020845341410075914,21106.54,931.000000000002,0.02119398282506728,21459.550000000047,379.00000000000006,0.02044480031417529,20700.980000000003,801.9999999999999,0.022605822042008793,22889.079999999994,851.0000000000003,0.02041498392280228,20670.790000000008,1320.0000000000007,0.0204153888489521,20671.20000000001,3898.9999999999964,0.020408969288040354,20664.69999999998,546.0,0.02115989989474982,21425.04,1146.0000000000005,0.02085940518659635,21120.78000000001,892.0000000000001,0.021654028312495653,21925.36,3758.0,0.020413216074489662,20669.0
2025-04-17 00:00:00,292.95000000002256,1011352.36,224.9999999999997,0.020423149059542386,20654.99999999997,46.00000000000007,0.0206204690124024,20854.560000000034,67.00000000000006,0.02051035902066815,20743.20000000002,136.00000000000017,0.020673941968158388,20908.64000000003,107.99999999999993,0.020417809674167356,20649.599999999984,284.9999999999996,0.02043338288151122,20665.349999999973,3220.0000000000014,0.020408515188514526,20640.200000000008,178.99999999999994,0.02155393200446973,21798.61999999999,407.00000000000045,0.020455590769571177,20687.810000000023,317.00000000000006,0.020423860977592422,20655.72,3801.9999999999964,0.020413122880338145,20644.85999999998,2226.9999999999995,0.020412559278548573,20644.289999999994,1632.9999999999986,0.020409424861578398,20641.119999999984,1192.0000000000011,0.02041369636987847,20645.44000000002,359.9999999999998,0.023037668098188833,23299.199999999986,2745.0000000000005,0.020410690493667314,20642.4,3679.999999999994,0.02143189738539787,21675.199999999964,2764.999999999997,0.021297572292212755,21539.349999999977,3939.0000000000077,0.02040867339252567,20640.36000000004,4104.000000000003,0.020411402411717332,20643.120000000014,576.9999999999999,0.020430436331804275,20662.37,697.9999999999993,0.020415080654975663,20646.83999999998,3141.999999999998,0.020442291744887008,20674.35999999999,2872.000000000001,0.02087225069608777,21109.200000000004,434.00000000000017,0.02043080217857999,20662.74000000001,4128.000000000008,0.020408317433500668,20640.00000000004,1066.0000000000005,0.020427183261825792,20659.08000000001,1258.0000000000002,0.02041205500326316,20643.780000000002,1063.9999999999989,0.020420420040350704,20652.23999999998,196.99999999999997,0.025221239410565074,25507.559999999994,583.9999999999997,0.020811104845792804,21047.359999999986,1378.999999999999,0.020411906687002726,20643.629999999986,0.0,0.0,,730.9999999999995,0.020433402657012628,20665.369999999988,737.9999999999993,0.02041745371514235,20649.23999999998,93.99999999999987,0.020475751893237262,20708.19999999997,486.0,0.021047857148422534,21286.8,949.999999999999,0.022008649883409555,22258.499999999975,14.000000000000002,0.021019538630433418,21258.160000000003,897.000000000002,0.020417157082621578,20648.940000000046,395.00000000000006,0.02115306281581229,21393.2,710.0000000000001,0.020436102012952245,20668.100000000002,925.0000000000002,0.021941660372454173,22190.750000000004,1467.0000000000007,0.02236721927459586,22621.14000000001,4037.999999999996,0.021041390559468295,21280.259999999977,528.0,0.02041828428620071,20650.079999999998,1123.0000000000005,0.020420153071081984,20651.97000000001,840.0000000000002,0.020432048035167495,20664.000000000007,3753.0,0.020409800596104807,20641.5
2025-04-18 00:00:00,570.4500000000226,1008870.7,228.99999999999972,0.020735214135964075,20919.149999999972,46.000000000000064,0.020442758422858382,20624.10000000003,70.00000000000007,0.021240680297286877,21429.10000000002,158.00000000000017,0.023394514282157296,23602.040000000026,113.99999999999993,0.02143565077269068,21625.799999999985,283.9999999999996,0.020411773282740762,20592.83999999997,3183.0000000000014,0.02041293299527879,20594.01000000001,169.99999999999991,0.020500347566838835,20682.19999999999,403.0000000000004,0.020440191195958038,20621.51000000002,331.00000000000006,0.021230679015655826,21419.010000000002,3777.999999999997,0.020409057374745826,20590.099999999984,2223.9999999999995,0.020413160972957183,20594.239999999994,1630.9999999999986,0.02041840445956056,20599.529999999984,1323.000000000001,0.022450607396963772,22649.760000000017,323.9999999999998,0.020415579518762897,20596.679999999986,2738.0,0.020408720364264717,20589.76,3543.9999999999945,0.02040959262668642,20590.639999999967,2673.9999999999964,0.02040876001255659,20589.799999999974,3937.0000000000077,0.020409463769737828,20590.510000000042,4046.0000000000023,0.02041306185222746,20594.14000000001,576.9999999999999,0.020440657063387803,20621.979999999996,692.9999999999994,0.020414865849508745,20595.95999999998,3086.999999999998,0.020409245704132342,20590.289999999986,2779.000000000001,0.020411327239456958,20592.390000000007,430.0000000000002,0.020411634513719162,20592.70000000001,4078.000000000008,0.020412823962476106,20593.90000000004,1199.0000000000005,0.0227233083486318,22924.88000000001,1255.0000000000002,0.020413468247219395,20594.550000000003,1041.9999999999986,0.02041920733747147,20600.33999999997,159.99999999999994,0.020510854364191564,20692.799999999996,572.9999999999998,0.020423905660061286,20605.07999999999,1470.9999999999989,0.02165227912754329,21844.349999999984,0.0,0.0,,718.9999999999994,0.020411099261778528,20592.159999999985,737.9999999999993,0.020416471605330576,20597.57999999998,106.99999999999989,0.022960752056730337,23164.429999999975,472.00000000000006,0.02041696720897931,20598.08,882.999999999999,0.020419256897836337,20600.389999999974,14.000000000000002,0.021014903099079003,21201.320000000003,1010.000000000002,0.0227454320955104,22947.200000000044,380.00000000000006,0.02043750502418199,20618.800000000003,795.0000000000001,0.02263164149776577,22832.4,876.0000000000002,0.020422359376677315,20603.520000000004,1350.0000000000005,0.020419861534287802,20601.000000000007,3906.999999999996,0.02040884922121336,20589.889999999978,519.0,0.020443709981863883,20625.06,1112.0000000000005,0.020413160972957197,20594.24000000001,838.0000000000002,0.020416927560687415,20598.040000000005,3744.0,0.020410940668610954,20592.0
2025-04-21 00:00:00,215.63000000002285,1008683.14,227.99999999999974,0.020458634809738148,20636.279999999977,45.000000000000064,0.02076449894859949,20944.80000000003,67.00000000000007,0.020498211162724524,20676.200000000023,135.00000000000014,0.020538759079486574,20717.100000000024,108.99999999999996,0.020447432084569186,20624.979999999992,281.99999999999955,0.020419970537031058,20597.27999999997,3087.0000000000014,0.020413040709692055,20590.290000000008,165.99999999999994,0.020424907667238288,20602.25999999999,395.0000000000004,0.020445419559605233,20622.950000000023,319.0000000000001,0.020464791351623074,20642.490000000005,3981.9999999999964,0.021317695465793138,21502.79999999998,2305.0,0.021023450436576146,21206.0,1654.9999999999986,0.020657081667886296,20836.449999999983,1138.000000000001,0.0204204860606672,20597.800000000017,328.9999999999998,0.020662732600051182,20842.149999999987,2844.0,0.021061797463968718,21244.68,3759.999999999994,0.021433886562235955,21619.999999999967,2753.999999999996,0.020914040458731145,21095.63999999997,4113.000000000007,0.021162711215734254,21346.47000000004,4423.000000000002,0.021968474658949896,22159.230000000007,576.9999999999999,0.02040441560270354,20581.589999999997,698.9999999999994,0.020553867887590532,20732.339999999982,3335.9999999999977,0.021761918217449328,21950.879999999986,2932.000000000001,0.021335619826063523,21520.880000000005,437.00000000000017,0.020678456070952082,20858.010000000006,4312.000000000008,0.02137440306576359,21560.00000000004,1085.0000000000005,0.020416024798431756,20593.30000000001,1244.0000000000002,0.020423301612833546,20600.640000000003,1136.9999999999986,0.021935550543652368,22126.019999999975,159.99999999999994,0.020513082036842604,20691.19999999999,595.9999999999998,0.021082220131090915,21265.27999999999,1384.9999999999989,0.020417660594584722,20594.949999999983,0.0,0.0,,757.9999999999994,0.02131934117586221,21504.459999999985,820.9999999999993,0.02228547212556758,22478.97999999998,97.99999999999987,0.02052817101711443,20706.419999999973,470.00000000000006,0.020408787639694267,20586.0,873.9999999999989,0.020414180810041076,20591.439999999973,14.000000000000002,0.020811451255148376,20992.160000000003,912.0000000000018,0.020424729216748923,20602.08000000004,407.00000000000006,0.021599161457184667,21786.710000000003,716.0,0.02042199297591115,20599.32,875.0000000000002,0.02042018864318482,20597.500000000004,1349.0000000000005,0.020421903750666447,20599.230000000007,3906.999999999996,0.020412644153048876,20589.889999999978,550.0,0.0214125716426667,21598.5,1110.0000000000005,0.020424253348777108,20601.600000000006,835.0000000000001,0.02041384373689443,20591.100000000002,4026.0000000000005,0.02167299039022304,21861.18
2025-04-22 00:00:00,753.7900000000227,1009008.59,232.99999999999972,0.0207850856849494,20972.329999999976,45.000000000000064,0.020756909512534512,20943.90000000003,74.00000000000007,0.022206411543037534,22406.460000000025,139.00000000000014,0.02091732440057822,21105.760000000024,108.99999999999996,0.020552104516771256,20737.249999999993,304.9999999999996,0.021830438529765114,22027.09999999997,2963.0000000000014,0.020408993743056252,20592.85000000001,184.99999999999994,0.02239232670952781,22594.049999999992,390.0000000000004,0.02043520759322775,20619.30000000002,355.0000000000001,0.022369383396428775,22570.900000000005,3744.999999999996,0.020413602227112835,20597.499999999978,2227.0,0.020415832138753153,20599.75,1636.9999999999984,0.020409598296878707,20593.45999999998,1183.000000000001,0.021103883763764604,21294.000000000015,326.9999999999998,0.020423552588387767,20607.539999999986,2732.0,0.02041536633498829,20599.28,3587.999999999994,0.02041124347613331,20595.119999999966,2709.9999999999964,0.02041211561935263,20595.99999999997,3915.0000000000073,0.020409043296648288,20592.900000000038,4078.0000000000027,0.020410034368488393,20593.900000000012,573.9999999999999,0.020428309733220403,20612.339999999993,688.9999999999993,0.020410341600758806,20594.20999999998,3082.9999999999977,0.02041056954728204,20594.439999999984,2783.0000000000005,0.020410331690040428,20594.200000000004,429.00000000000017,0.02041665472838047,20600.58000000001,4015.000000000008,0.020413057137600825,20596.95000000004,1078.0000000000007,0.020416654728380473,20600.580000000013,1239.0000000000002,0.02042060910502259,20604.570000000003,1060.9999999999986,0.02041014338639077,20594.009999999973,160.99999999999994,0.02050698101589006,20691.719999999994,581.9999999999997,0.020418854907865543,20602.79999999999,1432.9999999999989,0.0210190480142493,21208.399999999983,0.0,0.0,,725.9999999999994,0.02042712044701224,20611.139999999985,756.9999999999993,0.020429072858537296,20613.109999999982,96.99999999999987,0.02060631614642644,20791.94999999997,497.00000000000006,0.021416626393636555,21609.56,901.9999999999989,0.020971991923279837,21160.919999999973,14.000000000000004,0.020774213626863183,20961.360000000004,942.0000000000019,0.020987095858123514,21176.160000000044,386.0000000000001,0.020409241511016283,20593.100000000006,714.0000000000001,0.020414989727689046,20598.900000000005,990.0000000000002,0.022694256745623947,22898.700000000004,1399.0000000000005,0.02106107937098931,21250.810000000005,4135.999999999995,0.021438152474004192,21631.279999999977,529.0,0.02044680313375727,20631.0,1235.0000000000005,0.022374239648445423,22575.80000000001,874.0000000000003,0.021230483280623023,21421.74000000001,3772.0000000000005,0.020411243476133347,20595.120000000003
2025-04-23 00:00:00,474.9400000000278,1006720.7499999999,228.99999999999972,0.020488333035749956,20626.029999999973,45.000000000000064,0.02051129868933369,20649.15000000003,69.00000000000006,0.020537135049615317,20675.160000000014,139.00000000000014,0.020536837052380238,20674.860000000022,113.99999999999997,0.021258347957961523,21401.219999999994,279.99999999999955,0.020448172941702022,20585.599999999966,3214.000000000001,0.021996626174636817,22144.460000000006,166.99999999999991,0.020437047711592306,20574.39999999999,377.00000000000045,0.020424313296413154,20561.580000000024,326.00000000000017,0.02041708189684181,20554.30000000001,3799.999999999996,0.020684981411180785,20823.999999999978,2341.0,0.021370166453805583,21513.789999999997,1620.9999999999982,0.02041706203035944,20554.279999999977,1253.000000000001,0.021519741199334586,21664.370000000014,408.9999999999997,0.025050581305689767,25218.93999999998,2729.0,0.02041218480894528,20549.37,3638.999999999994,0.020676120960057658,20815.079999999965,3148.9999999999964,0.02342855255541318,23586.009999999973,4293.000000000006,0.02221721366128595,22366.53000000003,4165.000000000003,0.02081009058370955,20949.950000000015,573.9999999999999,0.02042912098513912,20566.419999999995,688.9999999999993,0.020408817440188833,20545.97999999998,3230.9999999999973,0.021310616672994952,21453.839999999982,2946.000000000001,0.02150854643653665,21653.100000000006,427.00000000000017,0.02042279351051422,20560.050000000007,4089.0000000000077,0.020755298825419106,20894.79000000004,1078.0000000000007,0.02040951276707072,20546.68000000001,1233.0000000000005,0.02041689316525959,20554.11000000001,1084.9999999999986,0.020833036370810847,20973.04999999997,160.99999999999994,0.020488015172032557,20625.709999999995,581.9999999999997,0.02040744665290746,20544.599999999988,1378.9999999999986,0.020409929963199805,20547.09999999998,0.0,0.0,,738.9999999999993,0.020744719923573626,20884.13999999998,752.9999999999992,0.02041966453954583,20556.89999999998,99.99999999999989,0.020975032053327573,21115.999999999975,482.0,0.020420061869192624,20557.3,868.999999999999,0.020423280239331487,20560.539999999975,14.000000000000004,0.020865925332322798,21006.160000000007,921.0000000000018,0.020419485741204838,20556.72000000004,379.0000000000001,0.020449841726218523,20587.280000000006,713.0000000000001,0.020432726751683627,20570.050000000003,876.0000000000002,0.020422465713555625,20559.720000000005,1342.0000000000005,0.020422187582802884,20559.440000000006,3973.9999999999955,0.02040842011054205,20545.579999999976,527.9999999999999,0.020444040713375577,20581.439999999995,1097.0000000000005,0.02040964189920592,20546.81000000001,837.0000000000002,0.020419485741204804,20556.720000000005,3770.0,0.02040933396872966,20546.5
2025-04-24 00:00:00,624.0600000000268,1005734.46,235.99999999999972,0.020907705598553292,21027.599999999973,45.000000000000064,0.02073410112645442,20853.00000000003,91.00000000000006,0.025481298512929563,25627.420000000016,139.00000000000014,0.020460231620183345,20577.56000000002,109.99999999999997,0.02045818336581606,20575.499999999996,308.9999999999995,0.022118074784869123,22244.90999999996,3014.000000000001,0.020408309366271495,20525.340000000004,180.99999999999991,0.02179052311680758,21915.47999999999,375.00000000000045,0.020410457050462433,20527.500000000025,364.00000000000017,0.022334364480262523,22462.44000000001,3665.9999999999955,0.020412545076759103,20529.599999999973,2254.0,0.020416860331105686,20533.94,1636.9999999999982,0.02057370093493662,20691.67999999998,1196.0000000000007,0.02041823246267212,20535.320000000014,334.9999999999997,0.02043839683090901,20555.599999999984,2725.9999999999995,0.0204097411557321,20526.78,3544.999999999994,0.02040851816890113,20525.549999999967,2736.999999999996,0.020410457050462377,20527.49999999997,3910.0000000000064,0.02041045705046244,20527.500000000033,4025.0000000000023,0.020410457050462415,20527.50000000001,567.9999999999999,0.020421772164394163,20538.879999999994,685.9999999999993,0.020428553278367314,20545.69999999998,3031.999999999997,0.020409601953978965,20526.639999999978,2752.0000000000014,0.020412863252194827,20529.92000000001,422.00000000000017,0.020421632962641063,20538.74000000001,3933.0000000000077,0.02041320131359528,20530.26000000004,1062.000000000001,0.020411411576769494,20528.460000000017,1232.0000000000005,0.02042034037493357,20537.44000000001,1050.9999999999986,0.020408995432054673,20526.029999999973,160.99999999999994,0.020423263611748965,20540.379999999994,574.9999999999998,0.020410457050462398,20527.499999999993,1473.9999999999986,0.021558911285589222,21682.539999999983,0.0,0.0,,719.9999999999993,0.020417317708294472,20534.39999999998,748.9999999999991,0.020435374164269937,20552.559999999976,97.99999999999987,0.02047240183059848,20589.799999999974,502.0,0.02110354257922116,21224.56,880.999999999999,0.02063801214487567,20756.359999999975,14.000000000000004,0.0208898678881899,21009.660000000007,911.0000000000018,0.02042591838804056,20543.050000000043,397.00000000000006,0.021205239402853914,21326.840000000004,747.0000000000001,0.02120524934583628,21326.850000000002,979.0000000000001,0.022359410852840822,22487.63,1330.0000000000005,0.02041811314688373,20535.200000000008,3995.999999999996,0.020501793286470445,20619.35999999998,524.0,0.020423681217008313,20540.800000000003,1212.0000000000002,0.022149544324055484,22276.56,855.0000000000003,0.020768553560350324,20887.65000000001,3753.0,0.02041185901097592,20528.91
2025-04-25 00:00:00,339.4300000000294,1005907.6699999998,232.99999999999966,0.020480865803518503,20601.85999999997,45.000000000000064,0.020670137647921534,20792.25000000003,73.00000000000006,0.020605887218257336,20727.620000000017,143.00000000000014,0.020890436196793313,21013.85000000002,109.99999999999997,0.020466689552133543,20587.599999999995,281.9999999999995,0.020456688634256027,20577.53999999996,2984.0000000000014,0.020409348305297254,20529.92000000001,169.99999999999991,0.020489753299127333,20610.79999999999,369.00000000000045,0.020425254337706786,20545.920000000024,333.00000000000017,0.02043536460955707,20556.09000000001,3888.9999999999955,0.02145718801408481,21583.949999999975,2244.0,0.02041201256572584,20532.600000000002,1605.9999999999982,0.020420104759714158,20540.739999999976,1202.0000000000007,0.02049323274371694,20614.30000000001,332.99999999999966,0.02042543328057135,20546.09999999998,2825.9999999999995,0.021042428277736464,21166.739999999998,4101.999999999994,0.023080965273880424,23217.319999999963,2912.999999999996,0.02151647774989127,21643.589999999967,3911.0000000000064,0.02041216168477971,20532.750000000033,4026.0000000000027,0.020412012565725852,20532.600000000013,603.0,0.02146661233828747,21593.43,714.9999999999992,0.021139216484948344,21264.099999999977,3124.999999999997,0.020938800476588453,21062.499999999978,2851.0000000000014,0.02103018063278115,21154.42000000001,421.00000000000017,0.020415770365882595,20536.38000000001,4137.000000000008,0.021303804155305864,21429.66000000004,1253.0000000000007,0.023455423100611227,23593.990000000013,1224.0000000000005,0.020418096623122488,20538.72000000001,1128.9999999999986,0.021684177037838846,21812.279999999973,160.99999999999994,0.020440553952630655,20561.30999999999,602.9999999999998,0.021244812657607026,21370.31999999999,1378.9999999999984,0.02041271839591399,20533.309999999976,0.0,0.0,,718.9999999999993,0.020428336131486084,20549.01999999998,773.9999999999991,0.020983019246686902,21106.979999999974,103.99999999999989,0.021458430672866805,21585.19999999998,484.0,0.02042032346765981,20540.96,862.9999999999991,0.020418772629499864,20539.39999999998,14.000000000000004,0.020854955803249822,20978.160000000007,976.0000000000017,0.021636975886663676,21764.80000000004,372.00000000000006,0.020458179824794462,20579.040000000005,709.0000000000001,0.020419100691418335,20539.730000000003,889.0000000000002,0.020424130974167842,20544.790000000005,1314.0000000000007,0.020417201908799455,20537.82000000001,3986.9999999999955,0.020412459922887337,20533.049999999977,532.9999999999999,0.02070200936036207,20824.309999999994,1115.0000000000002,0.020417679089771736,20538.300000000007,834.0000000000002,0.020420780766091592,20541.420000000006,3846.0000000000005,0.020837598345382936,20960.700000000004
2025-04-28 00:00:00,198.6000000000313,1006431.8399999999,232.99999999999966,0.02042621187342401,20557.58999999997,44.000000000000064,0.020811901181504784,20945.76000000003,73.00000000000006,0.02047837635979404,20610.090000000015,139.00000000000014,0.02048748775674667,20619.26000000002,115.99999999999997,0.021416214335985236,21553.959999999995,318.9999999999995,0.02281804796636796,22964.80999999996,2973.000000000001,0.020412142366243113,20543.430000000008,168.99999999999991,0.02042914302075339,20560.53999999999,365.00000000000045,0.020458066986434,20589.650000000023,333.00000000000017,0.020461117366875052,20592.720000000012,3667.9999999999955,0.020409529173878258,20540.799999999974,2231.0,0.020416196292041004,20547.510000000002,1598.9999999999982,0.02041583859270587,20547.149999999976,1197.0000000000005,0.02040925096328432,20540.520000000008,332.99999999999966,0.02043133889722724,20562.749999999978,2721.0,0.020412261599354806,20543.55,3616.999999999994,0.020413265144711607,20544.559999999965,2742.9999999999955,0.020413771885436346,20545.069999999967,4178.000000000006,0.021669783420206614,21809.160000000033,3996.0000000000027,0.020408177865279,20539.440000000013,576.0000000000001,0.02043178602139615,20563.200000000004,698.9999999999991,0.020412321215910637,20543.609999999975,3011.999999999997,0.020410562527513023,20541.83999999998,2757.000000000002,0.020408386523224478,20539.650000000012,433.0000000000002,0.020935128602449633,21069.78000000001,3920.0000000000086,0.02040952917387833,20540.800000000047,1105.0000000000005,0.02042165120690142,20553.00000000001,1224.0000000000005,0.020407462466608777,20538.72000000001,1054.9999999999986,0.020409578854341467,20540.849999999973,183.99999999999991,0.02303035245784751,23178.47999999999,590.9999999999998,0.020411874091741767,20543.159999999993,1373.9999999999986,0.020410025978510358,20541.299999999977,0.0,0.0,,713.9999999999993,0.02041759728110349,20548.91999999998,763.9999999999991,0.020420260153931512,20551.599999999973,99.9999999999999,0.02045940835894061,20590.999999999978,530.0,0.02215987125367576,22302.399999999998,886.999999999999,0.02092280784757364,21057.379999999976,14.000000000000004,0.020844094121664523,20978.160000000007,913.0000000000017,0.02042936161479156,20560.76000000004,429.0,0.023214031066425726,23363.34,778.0000000000001,0.02220136437654835,22344.160000000003,879.0000000000003,0.02042841768599055,20559.81000000001,1536.0000000000005,0.023503230978860937,23654.40000000001,3965.9999999999955,0.020412589490411966,20543.879999999976,522.9999999999999,0.020443331761046034,20574.819999999996,1143.0000000000002,0.02087408124925778,21008.340000000004,859.0000000000001,0.02096221439099145,21097.04,3749.000000000001,0.02041322540034108,20544.520000000008
2025-04-29 00:00:00,604.0400000000373,1005403.8599999999,233.99999999999966,0.0204813218043543,20591.99999999997,44.000000000000064,0.02066294036308955,20774.600000000028,73.00000000000006,0.02036789474828555,20477.960000000014,137.0000000000001,0.02041774536254518,20528.080000000016,109.99999999999997,0.02048350997976077,20594.199999999993,278.9999999999995,0.020457331444898138,20567.87999999996,3033.000000000001,0.020754883515167737,20867.040000000005,160.99999999999991,0.020463607529813937,20574.18999999999,350.00000000000045,0.0204589427376975,20569.50000000003,332.00000000000017,0.02044364540235604,20554.12000000001,3683.999999999996,0.02048287341964251,20593.559999999976,2303.9999999999995,0.020968290294807505,21081.599999999995,1593.999999999998,0.020420371173032876,20530.719999999976,1202.0000000000007,0.020479591156532872,20590.26000000001,353.99999999999966,0.021484978185780972,21601.07999999998,2887.0,0.021449977325529668,21565.89,3606.9999999999936,0.020413518205509944,20523.829999999965,2790.999999999996,0.020708951724135984,20820.859999999968,3916.000000000006,0.020409549651022863,20519.840000000033,4120.000000000003,0.020940042939560647,21053.200000000015,584.0000000000001,0.020643803774534952,20755.360000000004,729.9999999999991,0.021165126618869334,21279.49999999997,3045.999999999997,0.020601472526672,20712.799999999977,2834.000000000002,0.020887069202220904,20999.940000000013,424.0000000000003,0.020432386245264684,20542.800000000014,3989.000000000009,0.02071066247945383,20822.580000000045,1166.0000000000005,0.02135068389333617,21466.06000000001,1230.0000000000005,0.0204917653687942,20602.500000000007,1071.9999999999986,0.020685021042190922,20796.799999999974,163.99999999999994,0.020473006737809815,20583.639999999992,585.9999999999998,0.02041724804995278,20527.579999999994,1416.9999999999984,0.02094344455769245,21056.619999999977,0.0,0.0,,748.9999999999993,0.021246665991515076,21361.47999999998,757.9999999999991,0.0204238523611795,20534.219999999976,117.99999999999989,0.023401561239281478,23528.019999999975,486.0,0.020432803987842266,20543.22,861.9999999999987,0.02042247977842454,20532.83999999997,14.000000000000004,0.020781857750178136,20894.160000000007,1142.0000000000016,0.02456869421607357,24701.460000000032,382.00000000000006,0.02042974054227324,20540.140000000003,702.0,0.02043710076864038,20547.54,911.0000000000003,0.021030663240143133,21144.31000000001,1324.0000000000007,0.020411698041421896,20522.00000000001,3982.9999999999955,0.020481431213124623,20592.109999999975,542.9999999999999,0.021057776722679382,21171.569999999996,1108.0000000000002,0.020409867931081953,20520.160000000003,839.9999999999999,0.02041925719282598,20529.6,4076.0000000000005,0.021892098166402515,22010.400000000005
2025-04-30 00:00:00,167.8000000000393,1003957.7299999999,230.99999999999963,0.020489458256374965,20570.549999999967,44.000000000000064,0.020651506911550977,20733.24000000003,71.00000000000004,0.020670780631371816,20752.590000000015,145.00000000000009,0.02142450758360117,21509.300000000014,109.99999999999997,0.020594094135815852,20675.599999999995,268.9999999999995,0.020425033233221843,20505.869999999963,3009.0000000000005,0.02041051070944989,20491.29,156.99999999999994,0.020479667007494422,20560.719999999994,396.00000000000045,0.022676293353506054,22766.040000000026,326.00000000000017,0.020450542275320706,20531.48000000001,4386.999999999995,0.02368380589091134,23777.539999999975,2263.9999999999995,0.020408428948497658,20489.199999999997,1669.9999999999975,0.021241830569898566,21325.89999999997,1246.0000000000007,0.021048854317800823,21132.160000000014,329.99999999999966,0.02041221396841078,20492.999999999978,2724.9999999999995,0.02041121791053892,20491.999999999996,3747.9999999999936,0.021092720706478316,21176.199999999964,2761.9999999999955,0.02041324986859752,20494.039999999964,3911.000000000006,0.020412851445448837,20493.640000000032,4098.000000000003,0.02040922579479518,20490.000000000015,576.0000000000001,0.02043623888428052,20517.120000000003,712.9999999999991,0.02043214508642707,20513.009999999973,3680.999999999997,0.023978838232561823,24073.73999999998,2803.000000000002,0.020409156070744144,20489.93000000001,434.0000000000002,0.02081904384560096,20901.44000000001,4487.000000000009,0.02257002393915533,22659.350000000046,1139.0000000000005,0.02042117848925772,20502.000000000007,1220.0000000000002,0.020415202142026443,20496.000000000004,1064.9999999999984,0.020420431445853773,20501.24999999997,158.99999999999994,0.020430143010104613,20510.999999999993,584.9999999999997,0.02042924655801992,20510.099999999988,1393.9999999999986,0.020411018698964525,20491.799999999977,0.0,0.0,,717.9999999999994,0.02042524240537496,20506.079999999984,730.9999999999991,0.02043099961987441,20511.859999999975,102.99999999999989,0.02057008914110356,20651.499999999978,485.00000000000006,0.020415301747813627,20496.100000000002,914.9999999999987,0.021481531896766184,21566.54999999997,14.000000000000004,0.02085362697491259,20936.160000000007,950.0000000000015,0.020410719881603017,20491.500000000033,382.00000000000006,0.02043633849006771,20517.220000000005,729.0000000000001,0.02107944325504621,21162.870000000003,881.0000000000001,0.02041127767401124,20492.060000000005,1269.0000000000007,0.02041355864653785,20494.35000000001,3978.999999999995,0.02041106850185812,20491.849999999977,542.9999999999999,0.020406626083749557,20487.389999999996,1228.0000000000002,0.022285958194674195,22374.160000000003,835.9999999999998,0.02040958437562904,20490.359999999997,3774.0,0.020412034677993865,20492.82
2025-05-06 00:00:00,393.02000000004045,1013969.3699999999,230.99999999999963,0.020480796180263286,20766.89999999997,44.000000000000064,0.020553046883457663,20840.16000000003,68.00000000000004,0.02066551576405115,20954.20000000001,139.00000000000009,0.020528480066414646,20815.250000000015,109.99999999999997,0.020458014427003842,20743.799999999996,264.9999999999995,0.020471476372111677,20757.44999999996,3091.0000000000005,0.020881646553090657,21173.350000000002,153.99999999999991,0.020439789024396263,20725.31999999999,353.00000000000045,0.020421701693020596,20706.980000000025,320.0000000000002,0.020437698231456455,20723.200000000015,3846.9999999999955,0.020411721115402112,20696.859999999975,2314.9999999999995,0.02079909968089075,21089.649999999994,1595.9999999999975,0.020414936202658638,20700.11999999997,1199.0000000000007,0.02040963032246232,20694.740000000013,345.99999999999966,0.021245178244388173,21541.959999999977,2984.9999999999995,0.022049630552449528,22357.649999999998,3688.999999999994,0.02041017274515893,20695.289999999968,2755.999999999996,0.020412411471561483,20697.55999999997,4070.000000000006,0.02111326104456196,21408.20000000003,4378.000000000003,0.021588423326830884,21890.000000000015,574.0000000000001,0.02044158395041066,20727.140000000003,705.9999999999991,0.020428664427999413,20714.03999999997,3178.999999999997,0.020410172745158942,20695.28999999998,3156.000000000002,0.022565770403892987,22881.000000000015,429.0000000000003,0.020414078188574884,20699.250000000015,4131.000000000009,0.020411178692705527,20696.310000000045,1194.0000000000007,0.021243008553601585,21539.760000000013,1280.0,0.021258235838031284,21555.2,1187.9999999999984,0.022389907103406853,22702.679999999968,169.99999999999994,0.0215859577691188,21887.499999999993,614.9999999999997,0.021295169892557985,21592.649999999987,1376.9999999999984,0.02041117869270546,20696.309999999976,0.0,0.0,,818.9999999999993,0.022809919790772362,23128.55999999998,785.9999999999991,0.021704797650840258,22007.999999999975,102.99999999999989,0.020391365470931316,20676.21999999998,484.0000000000001,0.020439355086238953,20724.880000000005,865.9999999999987,0.020412253675867912,20697.39999999997,14.000000000000004,0.020691907093801077,20980.960000000006,962.0000000000013,0.020625751249271,20913.880000000026,381.00000000000006,0.02041455157565559,20699.730000000003,706.0000000000001,0.020428664427999444,20714.040000000005,844.0000000000001,0.02042641583936604,20711.760000000002,1278.0000000000007,0.020531803638210503,20818.62000000001,3897.999999999994,0.020413220174491042,20698.37999999997,539.9999999999999,0.02042901946830997,20714.399999999994,1089.0000000000002,0.020416681817518816,20701.890000000007,829.9999999999999,0.020415015100505453,20700.199999999997,4126.0,0.02201413638362666,22321.66
2025-05-07 00:00:00,451.0100000000348,1023032.6499999999,230.99999999999963,0.020434831674238325,20905.499999999967,44.000000000000064,0.02076965969756687,21248.040000000034,68.00000000000004,0.020385390436952346,20854.920000000013,139.00000000000009,0.020453951298621813,20925.060000000012,112.99999999999996,0.02087948023946254,21360.389999999992,277.9999999999995,0.021258304903562914,21747.939999999962,2966.000000000001,0.020410531374536293,20880.640000000007,189.99999999999991,0.024353768181298995,24914.699999999986,464.0000000000005,0.025657519337237214,26248.48000000003,337.0000000000002,0.021329475652609932,21820.750000000015,3789.999999999996,0.020412740492690998,20882.899999999976,2281.9999999999995,0.020410199029327166,20880.299999999996,1580.9999999999973,0.020414802987959346,20885.009999999966,1190.0000000000007,0.02041430447014571,20884.500000000015,336.99999999999966,0.020456531861422,20927.69999999998,2736.9999999999995,0.02041314126191378,20883.309999999998,3630.999999999994,0.02040819518321333,20878.249999999967,2732.9999999999964,0.020410023081863488,20880.11999999997,3932.000000000006,0.020408850098772538,20878.92000000003,4102.000000000003,0.02040910424510891,20879.180000000015,567.0000000000001,0.02044016874730245,20910.960000000006,690.9999999999991,0.02041188030509092,20882.01999999997,3144.999999999997,0.020412642744100082,20882.799999999977,2853.000000000002,0.02041377662775476,20883.960000000014,431.0000000000002,0.020487645237911044,20959.530000000013,4102.000000000009,0.02040910424510894,20879.180000000044,1152.0000000000007,0.02041553610239127,20885.760000000013,1233.0,0.02041676773463682,20887.02,1075.9999999999984,0.020425467359228438,20895.91999999997,162.99999999999994,0.020508983755308293,20981.359999999993,587.9999999999997,0.020427031336683135,20897.519999999986,1415.9999999999984,0.020900212715596105,21381.599999999977,0.0,0.0,,734.9999999999992,0.02041122538953178,20881.349999999977,748.9999999999992,0.020411978053681844,20882.119999999977,109.9999999999999,0.021576730713335473,22073.69999999998,458.00000000000017,0.020419074601382477,20889.38000000001,902.9999999999987,0.02114876783258088,21635.879999999972,14.000000000000004,0.020574279814041134,21048.160000000007,949.0000000000014,0.02042650349429222,20896.98000000003,385.00000000000006,0.020585364504251163,21059.500000000004,701.0000000000001,0.020433189497910946,20903.820000000003,976.0,0.023077894923490473,23609.440000000002,1275.0000000000007,0.02041430447014571,20884.50000000001,4132.999999999994,0.021452130584493044,21946.229999999963,536.0,0.020438604769847765,20909.36,1149.0,0.02136195750937177,21853.98,842.0,0.020658382701666464,21134.2,3810.000000000001,0.020408732800463413,20878.800000000007
2025-05-08 00:00:00,716.8200000000288,1024114.19,238.99999999999963,0.020998849747409485,21505.21999999997,46.00000000000007,0.02115404728451232,21664.160000000033,71.00000000000004,0.02116659471342743,21677.010000000013,169.0000000000001,0.024050111052557548,24630.06000000002,110.99999999999996,0.020568477817888644,21064.469999999994,270.9999999999995,0.02043916606604187,20932.03999999996,3344.0000000000005,0.022595605281086874,23140.480000000003,159.99999999999994,0.02042584723877324,20918.399999999994,365.00000000000045,0.02042203906968619,20914.500000000025,323.0000000000002,0.02044702651761911,20940.090000000015,3907.9999999999955,0.020949734130722257,21454.919999999976,2272.0,0.020410223980980087,20902.399999999998,1697.9999999999973,0.021686878491547868,22209.839999999964,1335.0000000000007,0.022499541774731208,23042.100000000013,337.9999999999996,0.02045266065496073,20945.859999999975,2877.999999999999,0.021301569896224167,21815.239999999994,3615.9999999999945,0.020408349190044882,20900.47999999997,3003.9999999999964,0.022116830546015553,22650.159999999974,3929.000000000006,0.020410106806546674,20902.28000000003,4187.000000000004,0.020769129270633402,21269.960000000017,562.0000000000001,0.020414129795428386,20906.400000000005,680.9999999999991,0.020421072380610188,20913.509999999973,3162.9999999999973,0.020507791225898336,21002.31999999998,2923.000000000002,0.02083546952903759,21337.900000000012,423.00000000000017,0.020408300367364317,20900.430000000008,4243.000000000009,0.02100547986743553,21512.010000000046,1143.0000000000007,0.020413221693569166,20905.470000000012,1233.0,0.020419285470500124,20911.68,1049.9999999999984,0.020413250987177483,20905.499999999967,169.99999999999994,0.021148032330261916,21657.999999999993,614.9999999999995,0.02120432488099788,21715.649999999987,1368.9999999999984,0.020412401472534987,20904.629999999976,0.0,0.0,,745.9999999999992,0.020665683774970425,21164.01999999998,760.9999999999993,0.02068738057423067,21186.23999999998,104.9999999999999,0.020571143536249586,21067.19999999998,434.00000000000017,0.020451664672276448,20944.840000000007,864.9999999999986,0.02043165713776505,20924.34999999997,14.000000000000004,0.02086956728917115,21372.820000000007,936.0000000000013,0.020417879377298765,20910.240000000027,382.0000000000001,0.020410848911291822,20903.040000000005,700.0000000000001,0.020430338925388782,20923.000000000004,863.0000000000001,0.020409696696029572,20901.86,1271.0000000000007,0.020415643298527103,20907.95000000001,3950.999999999994,0.020408651890664622,20900.789999999968,525.9999999999999,0.02043672493201173,20929.539999999994,1116.0,0.020421394610302197,20913.839999999997,827.0000000000001,0.02042236129937815,20914.83,3934.0000000000005,0.02097387206401271,21479.640000000003
2025-05-09 00:00:00,361.51000000002387,1021151.3199999997,263.9999999999996,0.022189776927478262,22659.119999999966,45.000000000000064,0.02065859347858458,21095.550000000032,70.00000000000004,0.020515666571336376,20949.60000000001,146.0000000000001,0.02053419467743529,20968.52000000002,135.99999999999997,0.024159396865882716,24670.399999999994,288.9999999999995,0.02153735648111385,21992.899999999958,3047.0000000000005,0.020409786083418084,20841.480000000003,160.99999999999994,0.020515392371034682,20949.319999999992,364.0000000000004,0.0204536973031578,20886.320000000025,338.00000000000017,0.021200481824770117,21648.90000000001,3761.9999999999955,0.020409786083418056,20841.479999999974,2268.0000000000005,0.020411196256398128,20842.920000000002,1564.9999999999973,0.020414016602358177,20845.799999999963,1216.000000000001,0.020422438468766818,20854.400000000012,345.9999999999996,0.020811136982127176,21251.319999999978,2731.999999999999,0.02041338985881152,20845.159999999993,3593.9999999999945,0.02041342903028316,20845.199999999968,2763.999999999997,0.020408885139569694,20840.559999999976,3998.000000000006,0.020711347658053297,21149.42000000003,4055.000000000003,0.020410980813303968,20842.700000000015,575.0,0.020806171998093297,21246.25,677.9999999999991,0.020416660676695765,20848.49999999997,3110.9999999999973,0.02041196010009563,20843.699999999983,2836.0000000000023,0.02041284145820819,20844.600000000017,426.0000000000001,0.020525067724536664,20959.200000000008,4055.000000000009,0.020410980813303996,20842.700000000044,1133.000000000001,0.020415387603866603,20847.200000000015,1232.0,0.020413664059113202,20845.440000000002,1017.9999999999985,0.0204167977768466,20848.63999999997,163.99999999999994,0.02040943354017306,20841.11999999999,585.9999999999995,0.02042948933366701,20861.599999999984,1551.9999999999986,0.022676208262650027,23155.83999999998,0.0,0.0,,728.9999999999991,0.020424681035519768,20856.689999999973,749.9999999999992,0.020432818908758775,20864.999999999978,104.9999999999999,0.020536231593961982,20970.59999999998,574.0000000000001,0.02573342411191322,26277.720000000005,862.9999999999987,0.020426659194838992,20858.70999999997,14.000000000000004,0.021108213423256417,21554.680000000004,935.0000000000011,0.02042777558178158,20859.850000000024,400.00000000000017,0.02121526905532474,21664.000000000007,697.0000000000002,0.02042910741181827,20861.210000000006,856.0,0.02041186217141648,20843.600000000002,1267.0000000000007,0.02042284976921933,20854.82000000001,4022.9999999999945,0.020722668213365256,21160.97999999997,514.9999999999998,0.02041034427688934,20842.049999999992,1094.0,0.020409022239720558,20840.7,874.0000000000001,0.021380298465461522,21832.520000000004,3817.0000000000005,0.020409139754135563,20840.820000000003
2025-05-12 00:00:00,773.0400000000263,1033198.4099999999,244.99999999999957,0.020468866188053818,21148.39999999996,52.000000000000064,0.022762868944020184,23518.560000000027,74.00000000000004,0.02128470174475009,21991.320000000014,150.0000000000001,0.02082465457917228,21516.000000000015,115.99999999999996,0.02055713577801576,21239.59999999999,270.9999999999995,0.020448308665128475,21127.15999999996,3000.0000000000005,0.020412342678692283,21090.000000000004,160.99999999999994,0.020460058586423878,21139.299999999996,369.00000000000045,0.020617888871896375,21302.370000000024,327.00000000000017,0.020461268421812628,21140.550000000014,4032.999999999995,0.021546839198097464,22262.15999999997,2356.0000000000005,0.02102434516909488,21722.320000000007,1543.999999999997,0.02041334926173567,21091.03999999996,1259.0000000000007,0.020971180162772433,21667.390000000014,344.9999999999996,0.020458945537866226,21138.149999999976,2811.9999999999986,0.02087502244607596,21568.03999999999,3758.9999999999945,0.021138040659586355,21839.789999999968,2932.9999999999964,0.02137584590359559,22085.489999999972,3957.0000000000064,0.020413126652024213,21090.810000000034,4314.000000000003,0.02141971937413262,22130.820000000014,567.0,0.020436616815931806,21115.08,681.9999999999992,0.02050227700214906,21182.919999999973,3301.999999999997,0.021380578779636318,22090.37999999998,2835.0000000000023,0.020414665562638663,21092.40000000002,422.00000000000006,0.020442443383163943,21121.100000000002,4239.000000000008,0.021129387916886216,21830.850000000042,1220.0000000000007,0.02162043590446487,22338.20000000001,1227.0000000000002,0.020414404238194683,21092.130000000005,1029.9999999999986,0.02059604408411737,21279.79999999997,167.99999999999991,0.020782145802953757,21472.07999999999,636.9999999999995,0.021775914269941618,22498.839999999986,1370.9999999999986,0.020421721322625715,21099.68999999998,0.0,0.0,,766.9999999999991,0.02123135284344851,21936.199999999975,749.9999999999992,0.020426860703357048,21104.999999999978,104.9999999999999,0.020575234915431187,21258.29999999998,425.0000000000001,0.02043145807783426,21109.750000000007,846.9999999999989,0.0204208308837796,21098.76999999997,14.000000000000004,0.021042579808073853,21741.160000000007,968.0000000000011,0.020967744230268443,21663.840000000026,372.00000000000017,0.020432667913222995,21111.00000000001,643.0000000000003,0.020418953219256325,21096.830000000013,872.0000000000001,0.020702858030917804,21390.160000000003,1369.0000000000007,0.021677191702221082,22396.84000000001,3970.9999999999936,0.020408480884131414,21086.009999999966,523.9999999999998,0.02068717856427982,21373.959999999992,1091.0,0.02041140384643062,21089.03,820.0000000000002,0.020420666346166762,21098.600000000006,3994.000000000001,0.021145193206404574,21847.180000000004
2025-05-13 00:00:00,273.96000000002823,1033525.7699999999,256.9999999999996,0.021265691323787663,21978.639999999967,47.000000000000064,0.020655837154404028,21348.34000000003,71.00000000000004,0.020409844255746053,21094.100000000013,149.0000000000001,0.020458696448372077,21144.590000000015,115.99999999999997,0.02050011776677808,21187.399999999994,269.9999999999995,0.020434323567955118,21119.39999999996,2975.0000000000005,0.020408538047387056,21092.750000000004,163.99999999999994,0.020728384934223743,21423.319999999992,363.00000000000045,0.02043426551425034,21119.340000000026,343.0000000000001,0.021259827899598488,21972.58000000001,3793.999999999995,0.020410366739089605,21094.63999999997,2288.000000000001,0.020411063383547767,21095.36000000001,1498.999999999997,0.02042128083560022,21105.91999999996,1223.000000000001,0.020424241574547308,21108.980000000018,344.9999999999996,0.020432436822547712,21117.449999999975,2728.9999999999986,0.020410879546815745,21095.16999999999,3661.999999999994,0.02040889604523356,21093.119999999966,2816.9999999999964,0.020414904603684895,21099.329999999973,3878.0000000000064,0.02041199224282529,21096.320000000036,4065.0000000000023,0.02041298883142509,21097.350000000013,567.0,0.020441115851421877,21126.42,681.9999999999992,0.0204099990656256,21094.259999999977,3120.9999999999973,0.020413579044090968,21097.95999999998,2809.0000000000027,0.020411285922749677,21095.59000000002,426.0,0.020571968902139713,21261.66,4010.000000000008,0.020408392913124986,21092.600000000042,1151.000000000001,0.02042458989677637,21109.34000000002,1242.0000000000002,0.020621372604961757,21312.720000000005,1007.9999999999987,0.020413075911982315,21097.439999999973,165.99999999999991,0.02042062289361202,21105.23999999999,589.9999999999995,0.02044254784280801,21127.899999999983,1349.9999999999986,0.020416036650929354,21100.499999999978,0.0,0.0,,732.999999999999,0.020425615512228566,21110.399999999972,763.9999999999992,0.020735041759045815,21430.19999999998,104.9999999999999,0.02050268180540867,21190.04999999998,571.0,0.026192970495549427,27071.109999999997,879.999999999999,0.021090523945039102,21797.599999999973,14.000000000000002,0.020843563484633777,21542.360000000004,942.0000000000011,0.020425441351114088,21110.220000000027,394.00000000000017,0.02143596284009446,22154.62000000001,863.0000000000005,0.02616908139600623,27046.420000000013,890.0000000000001,0.020770454519000534,21466.800000000003,1276.0000000000005,0.02042042938126256,21105.040000000008,4200.9999999999945,0.02142111076727189,22139.269999999968,507.9999999999999,0.0204227128269864,21107.399999999994,1124.9999999999998,0.0209537590920447,21656.249999999996,867.0000000000001,0.021408116413004396,22125.840000000004,3835.0000000000005,0.02040829615695021,21092.500000000004
2025-05-14 00:00:00,219.33000000003085,1048491.94,248.9999999999996,0.020437868125147408,21428.939999999966,47.000000000000064,0.02053268048965644,21528.35000000003,77.00000000000003,0.021855389751493953,22915.20000000001,149.0000000000001,0.020457992266492787,21450.04000000002,114.99999999999996,0.02055428294470246,21550.999999999993,280.9999999999995,0.021102632415085577,22125.93999999996,2982.0000000000005,0.020448969784164488,21440.580000000005,162.99999999999997,0.020478927095996555,21471.989999999994,361.0000000000005,0.02043444415986644,21425.35000000003,333.00000000000017,0.020469256063141518,21461.850000000013,4114.999999999995,0.021860492318138348,22920.549999999977,2374.0000000000005,0.021057100353103344,22078.200000000004,1447.999999999997,0.02041163997884424,21401.439999999955,1268.000000000001,0.021042794091483446,22063.200000000015,372.99999999999966,0.021800301106749548,22857.43999999998,2722.9999999999986,0.02041291800488232,21402.77999999999,3657.9999999999945,0.020409598952186477,21399.299999999967,2815.9999999999964,0.0204117925789682,21401.599999999973,3962.000000000007,0.020783183130620955,21791.000000000036,4190.000000000003,0.020940170508130004,21955.600000000017,545.0,0.02041751508361619,21407.600000000002,635.9999999999992,0.02041160182881327,21401.399999999972,3419.999999999997,0.02204995490952461,23119.19999999998,2953.0000000000027,0.021292180844041605,22324.68000000002,411.0,0.020438440375612234,21429.54,4349.000000000008,0.02185923336711586,22919.23000000004,1151.000000000001,0.02040749116297453,21397.09000000002,1213.0000000000002,0.02041927952254931,21409.45,1004.9999999999986,0.02042605115304937,21416.54999999997,164.99999999999994,0.020435922473567125,21426.899999999994,614.9999999999997,0.021139504420033966,22164.599999999988,1537.9999999999986,0.022780470777867858,23885.139999999978,0.0,0.0,,740.9999999999991,0.020594092502036757,21592.739999999972,757.9999999999992,0.020423142213186665,21413.499999999978,103.99999999999989,0.020542265684941725,21538.399999999976,456.00000000000006,0.020432088395452998,21422.88,859.9999999999989,0.020431821345236068,21422.599999999973,14.000000000000002,0.021142766247683322,22168.020000000004,1014.000000000001,0.02172113979245279,22774.440000000024,372.00000000000017,0.020422016787272596,21412.32000000001,681.0000000000005,0.020413919443195733,21403.830000000013,877.0,0.02040912207679918,21398.8,1369.0000000000005,0.02166131100635834,22711.710000000006,3984.9999999999945,0.02040974201480268,21399.44999999997,534.0,0.021288861791345766,22321.199999999997,1168.9999999999995,0.021083414336976206,22105.78999999999,808.0000000000002,0.020421711587024702,21412.000000000007,3821.9999999999995,0.020413318580207684,21403.199999999997
2025-05-15 00:00:00,528.0400000000227,1040020.5599999998,267.9999999999996,0.021753954556436816,22624.55999999997,47.000000000000064,0.02048797958378826,21307.92000000003,74.00000000000004,0.02057230483981972,21395.620000000014,153.00000000000014,0.020867904765267353,21703.05000000002,124.99999999999994,0.021923845428594213,22801.24999999999,273.9999999999995,0.0204363075283819,21254.179999999957,3173.000000000001,0.02153936264490772,22401.380000000005,190.99999999999997,0.023400710462877772,24337.219999999998,356.00000000000045,0.02043878824857081,21256.760000000028,363.00000000000017,0.021988988371537593,22869.00000000001,3817.9999999999955,0.02041121187065761,21228.079999999973,2268.0000000000005,0.020411596478438855,21228.480000000003,1594.999999999997,0.0221915324443201,23079.649999999958,1250.000000000001,0.020420269383905273,21237.500000000015,351.9999999999996,0.02045282643258512,21271.359999999975,2717.9999999999986,0.020410731110931106,21227.579999999987,3621.999999999994,0.020408173469186004,21224.919999999966,2774.9999999999964,0.020411856088691147,21228.749999999975,3846.0000000000064,0.02041298106645126,21229.920000000035,4059.0000000000023,0.02041168301518964,21228.570000000014,579.0000000000001,0.021506084456638055,22366.770000000004,697.9999999999992,0.022120793458160076,23006.079999999973,3121.999999999997,0.020412673380226235,21229.599999999977,2823.0000000000027,0.020412058007776332,21228.96000000002,411.0,0.020431038401779292,21248.7,4013.0000000000077,0.020411875319080272,21228.77000000004,1131.0000000000007,0.020422846256039417,21240.180000000015,1233.0000000000005,0.0206997638585145,21528.180000000008,997.9999999999986,0.020410615728596725,21227.45999999997,168.99999999999994,0.02083046319776601,21664.109999999993,576.9999999999997,0.020427615392526462,21245.13999999999,1406.9999999999986,0.020414625264715904,21231.62999999998,0.0,0.0,,721.999999999999,0.02041692329620866,21234.01999999997,748.9999999999992,0.020431451855144077,21249.12999999998,103.99999999999989,0.020589592959585318,21413.599999999977,457.00000000000006,0.020441557424595535,21259.640000000003,855.9999999999987,0.020411904164663798,21228.79999999997,14.000000000000002,0.021274867873765885,22126.300000000003,954.000000000001,0.020409692669921858,21226.500000000022,390.0000000000002,0.021262079665040484,22113.000000000015,687.0000000000005,0.020563353093711934,21386.310000000012,861.9999999999999,0.02041407719862769,21231.059999999998,1277.0000000000002,0.020419317479646756,21236.510000000002,4317.9999999999945,0.021880202060620774,22755.859999999968,507.0,0.02043072110035979,21248.37,1145.9999999999995,0.02041823096266481,21235.379999999994,871.0,0.021782944367945964,22654.710000000003,3839.9999999999995,0.020491902583156626,21311.999999999996
2025-05-16 00:00:00,256.0200000000186,1032660.9199999998,248.99999999999955,0.020423257616837064,21090.299999999963,48.00000000000008,0.02079226548052195,21471.360000000033,73.00000000000004,0.020468625848647413,21137.150000000012,153.00000000000014,0.020505472406179587,21175.20000000002,117.99999999999994,0.0205716509539259,21243.53999999999,273.9999999999995,0.02043336742132158,21100.73999999996,2981.0000000000014,0.020409090333349707,21075.67000000001,164.99999999999994,0.020472789848578758,21141.449999999993,354.00000000000045,0.020458525727883682,21126.720000000027,338.0000000000001,0.02045686012791112,21125.000000000007,3817.999999999995,0.020408790138005783,21075.35999999997,2370.0000000000005,0.021229136859367167,21922.500000000004,1457.9999999999968,0.020415878621609852,21082.679999999957,1246.000000000001,0.02041553000766217,21082.320000000018,342.9999999999996,0.020450575393130964,21118.509999999977,2974.999999999998,0.022125365216686996,22847.999999999985,3602.9999999999945,0.02041091087285454,21077.549999999967,2935.999999999997,0.02146571015779311,22166.799999999974,3846.000000000007,0.02040948736590133,21076.080000000038,4053.000000000003,0.02040902254730432,21075.600000000017,553.0000000000001,0.020418987095977267,21085.890000000007,651.9999999999991,0.02042509752378349,21092.19999999997,3398.9999999999964,0.02202011285563124,22739.309999999976,2993.0000000000027,0.02150566518969269,22208.06000000002,445.0,0.02190825619700996,22623.800000000003,4252.000000000008,0.0214934443340802,22195.440000000042,1115.000000000001,0.02041778631460172,21084.650000000016,1215.0000000000005,0.020413525477462648,21080.25000000001,1014.9999999999985,0.020719482635209993,21396.199999999968,162.99999999999994,0.020439303542153994,21106.869999999995,623.9999999999997,0.021886448457834537,22601.279999999988,1391.9999999999986,0.02042180505872149,21088.79999999998,0.0,0.0,,728.999999999999,0.02058530500021244,21257.63999999997,744.9999999999993,0.020409458314738962,21076.04999999998,109.99999999999989,0.021453314995206738,22153.999999999978,451.0000000000001,0.020439235756108606,21106.800000000003,910.9999999999986,0.021578293095472205,22283.05999999997,14.000000000000002,0.021184088190342294,21875.980000000003,958.0000000000013,0.020483625932121097,21152.640000000025,376.0000000000002,0.020426453244691414,21093.600000000013,678.0000000000005,0.020432031067855284,21099.360000000015,948.9999999999999,0.022239439447364777,22965.799999999996,1255.0000000000005,0.020417156872751623,21084.000000000007,4045.999999999995,0.020412954137937145,21079.659999999974,544.0,0.02173553735334538,22445.44,1131.9999999999995,0.020422153672669238,21089.15999999999,821.9999999999999,0.020409487365901292,21076.079999999998,4244.999999999999,0.022321315306480273,23050.349999999995
2025-05-19 00:00:00,349.4500000000153,1029580.6599999998,247.99999999999952,0.020476763811783295,21082.47999999996,47.00000000000008,0.020540517923093114,21148.120000000035,86.00000000000004,0.023722279320981043,24424.00000000001,151.0000000000001,0.020504765503268116,21111.310000000016,117.99999999999994,0.02045898958513847,21064.17999999999,277.99999999999943,0.02068298369163224,21294.799999999956,3637.000000000002,0.02451559259087094,25240.780000000013,164.99999999999994,0.02044910206452401,21053.999999999993,354.00000000000045,0.020413145678163793,21016.980000000025,335.00000000000006,0.020433561757074968,21038.000000000004,3849.9999999999945,0.020566625639607462,21174.99999999997,2253.0000000000005,0.02041655483311041,21020.490000000005,1432.9999999999968,0.020418128289239577,21022.109999999953,1242.000000000001,0.020410872908199363,21014.640000000018,396.99999999999966,0.02335927716435542,24050.25999999998,2725.999999999998,0.020413611887387228,21017.459999999985,3617.9999999999945,0.020486923287778125,21092.93999999997,2801.999999999997,0.020411222565116925,21014.999999999975,3978.0000000000064,0.02105721372038985,21680.100000000035,4100.000000000004,0.020627815600188157,21238.00000000002,630.0000000000001,0.023019663170440678,23700.600000000002,646.9999999999992,0.020410795206662072,21014.559999999972,3159.9999999999964,0.020410251295901363,21013.999999999978,2836.0000000000027,0.020410989460505232,21014.76000000002,415.0,0.020456143766336872,21061.25,4049.000000000008,0.020410552389358252,21014.310000000045,1105.000000000001,0.02042399475530166,21028.15000000002,1288.0000000000005,0.021542129588953244,22179.360000000008,995.9999999999985,0.02041180532664626,21015.59999999997,162.99999999999994,0.020437126315096085,21041.669999999995,584.9999999999997,0.02042083813035104,21024.899999999987,1397.9999999999986,0.020489720543118962,21095.819999999978,0.0,0.0,,711.999999999999,0.020421284914190183,21025.35999999997,744.9999999999993,0.020434338772447398,21038.79999999998,106.99999999999989,0.02042142089188037,21025.499999999978,445.00000000000006,0.02043943793582914,21044.050000000003,857.9999999999986,0.020417050180410314,21020.999999999967,14.000000000000002,0.020769504353354895,21383.880000000005,942.000000000001,0.02042136261572748,21025.440000000024,376.0000000000002,0.02045834854745622,21063.520000000015,674.0000000000006,0.020411533371265948,21015.320000000018,885.9999999999998,0.02042072157804518,21024.779999999995,1417.0000000000005,0.02283262585759916,23508.030000000006,4002.999999999995,0.0204119510170286,21015.749999999975,515.0,0.020423314866850745,21027.45,1175.9999999999995,0.021142355179826315,21767.759999999995,831.0,0.02061396530117417,21223.739999999998,3855.9999999999986,0.020411416818960058,21015.199999999993
2025-05-20 00:00:00,617.1000000000095,1033739.5599999997,247.99999999999955,0.020401579678347576,21089.919999999962,47.00000000000007,0.020490160984068403,21181.490000000034,75.00000000000004,0.020653412935072366,21350.250000000015,161.0000000000001,0.02162833934690477,22358.070000000018,123.99999999999993,0.021339610917086305,22059.599999999988,272.99999999999943,0.02047223577280912,21162.959999999955,3010.000000000002,0.020411427419881285,21100.100000000013,161.99999999999994,0.020534050181846574,21226.859999999993,346.00000000000045,0.020410440711004646,21099.080000000027,337.00000000000006,0.02051849500661463,21210.780000000002,3835.9999999999945,0.020409395960429313,21097.99999999997,2235.0000000000005,0.020409782905086854,21098.4,1429.999999999997,0.020417908742894543,21106.799999999956,1264.000000000001,0.02073775719679338,21437.440000000017,348.99999999999966,0.020462494441056297,21152.889999999978,2762.999999999998,0.020660900314195183,21357.989999999987,3918.9999999999945,0.021950412732584187,22691.00999999997,2779.999999999997,0.020411524156045628,21100.199999999975,3843.0000000000064,0.02040946367574444,21098.070000000036,4065.0000000000036,0.020408767175360904,21097.35000000002,560.0000000000001,0.020417521798237078,21106.4,638.9999999999992,0.02041729930505898,21106.169999999973,3249.999999999996,0.02093854277957591,21644.999999999975,2832.000000000003,0.020409782905086875,21098.400000000023,412.99999999999994,0.020427475949551552,21116.69,4143.000000000008,0.020840452308896883,21543.600000000042,1299.000000000001,0.023636698202785255,24434.190000000017,1226.0000000000007,0.020422668162181985,21111.720000000012,1152.9999999999986,0.02331119068327033,24097.69999999997,162.99999999999994,0.02052835242176472,21220.969999999994,613.9999999999995,0.02132910536963487,22048.73999999998,1396.9999999999984,0.02041971770916843,21108.669999999976,0.0,0.0,,709.9999999999989,0.020426228053031046,21115.399999999965,729.9999999999993,0.02040842859878554,21096.999999999978,120.99999999999989,0.0228131929090534,23582.89999999998,459.00000000000006,0.020993218059682274,21701.520000000004,841.9999999999986,0.02042812408185285,21117.359999999964,14.000000000000002,0.02078101760950312,21482.160000000003,969.0000000000011,0.02094092248921965,21647.460000000025,378.0000000000002,0.020506364291601666,21198.240000000013,694.0000000000005,0.020959515180013058,21666.680000000015,903.9999999999998,0.020786744390434278,21488.079999999994,1262.0000000000005,0.020411949795168922,21100.640000000007,3980.999999999995,0.020410653530566227,21099.299999999974,525.9999999999999,0.020806149665008468,21508.139999999996,1152.9999999999995,0.02042238762730527,21111.42999999999,827.0,0.02041620618640154,21105.04,4114.999999999999,0.021654970812957957,22385.599999999995
2025-05-21 00:00:00,564.4600000000137,1038336.8899999998,284.99999999999955,0.02307531421714196,23959.94999999996,51.00000000000007,0.021920920097522528,22761.300000000032,75.00000000000004,0.020499127214867633,21285.000000000015,153.00000000000014,0.020446427555896644,21230.280000000017,120.99999999999994,0.020527200954980996,21314.14999999999,304.9999999999994,0.02250334185853684,23366.049999999952,2931.0000000000014,0.020408723030152592,21191.130000000012,168.99999999999994,0.02117673966105548,21988.589999999997,344.00000000000045,0.020441149885371053,21224.80000000003,349.00000000000006,0.02104748488710635,21854.38,3924.999999999994,0.02082825931379552,21626.749999999967,2411.0,0.021826634706198302,22663.4,1409.999999999997,0.020409849832071326,21192.299999999956,1178.0000000000007,0.020409772785786335,21192.220000000012,354.99999999999966,0.020718709127246732,21512.999999999978,2716.9999999999986,0.020410138755640277,21192.599999999988,3659.9999999999945,0.02040898306136458,21191.39999999997,2770.999999999997,0.020415483841665284,21198.149999999976,3932.0000000000073,0.02082753700487329,21626.00000000004,4060.000000000003,0.020410716602778142,21193.200000000015,560.0000000000001,0.020408019982801548,21190.400000000005,686.9999999999992,0.021761174256266655,22595.429999999975,3176.999999999996,0.0204082029677285,21190.58999999997,2815.000000000003,0.02041432814738965,21196.950000000026,412.9999999999999,0.020404649207830805,21186.899999999994,4068.000000000008,0.020411756727626282,21194.280000000042,1074.000000000001,0.020417997476714925,21200.760000000017,1307.0000000000005,0.021600041581880055,22428.120000000006,1004.9999999999986,0.020412883529545,21195.44999999997,159.99999999999994,0.020523589410369497,21310.39999999999,574.9999999999995,0.020411968604910097,21194.49999999998,1428.9999999999984,0.020822500103988395,21620.76999999998,0.0,0.0,,709.9999999999989,0.020417843384144787,21200.599999999966,805.9999999999992,0.02227812593656379,23132.199999999975,109.99999999999987,0.020441920348221457,21225.599999999977,443.0000000000001,0.02041490599452747,21197.550000000007,892.9999999999986,0.02150072892045661,22324.999999999967,14.000000000000004,0.020621187791950657,21411.740000000005,955.0000000000011,0.020409031215292788,21191.450000000026,386.0000000000002,0.020791883836468548,21588.980000000014,672.0000000000006,0.0204188064627079,21201.600000000017,894.9999999999997,0.02041972138734279,21202.549999999992,1276.0000000000005,0.020608455893346922,21398.520000000008,4206.9999999999945,0.02143334231339886,22255.02999999997,518.9999999999999,0.02043836658832376,21221.909999999996,1174.9999999999995,0.02075386149479867,21549.499999999993,872.0,0.02138982079313392,22209.84,3866.9999999999995,0.02040875192250947,21191.16
2025-05-22 00:00:00,469.9500000000153,1039162.9699999999,253.99999999999957,0.020485468222563752,21287.739999999965,48.00000000000007,0.020465394374089403,21266.88000000003,79.00000000000004,0.02136998780855328,22206.900000000012,176.0000000000001,0.023130462395133288,24036.320000000014,120.99999999999994,0.020411909019429356,21211.299999999992,273.9999999999994,0.020463719949528184,21265.139999999952,3497.0000000000014,0.023892979943271088,24828.700000000008,160.99999999999994,0.020533189322556402,21337.32999999999,340.00000000000045,0.020429519346710393,21229.600000000028,342.0,0.020444377458908113,21245.04,3841.9999999999945,0.020408579416566368,21207.839999999967,2259.0,0.02041259226163535,21212.010000000002,1402.999999999997,0.02041389138413964,21213.359999999953,1173.0000000000005,0.020408579416566406,21207.840000000007,353.99999999999966,0.02041908787415701,21218.75999999998,2708.9999999999986,0.020412072612633603,21211.46999999999,3625.9999999999945,0.020412678869802272,21212.099999999966,2855.9999999999964,0.020970031293551558,21791.279999999973,3842.0000000000077,0.020408579416566437,21207.84000000004,4025.0000000000023,0.020412342060264155,21211.75000000001,563.0,0.02050645626835607,21309.55,637.9999999999992,0.020432444778127515,21232.639999999974,3298.999999999996,0.021111558661486927,21938.349999999973,2787.000000000003,0.02040976306151482,21209.070000000025,416.9999999999999,0.02058188235864486,21387.929999999993,4048.000000000008,0.020412120728281965,21211.520000000044,1132.0000000000011,0.021394603774228048,22232.48000000002,1233.0000000000005,0.020420213780327462,21219.930000000008,996.9999999999987,0.02041658586044495,21216.159999999974,162.99999999999994,0.020752182884268864,21564.899999999994,570.9999999999997,0.020418702948970545,21218.359999999986,1412.9999999999984,0.02040982080029274,21209.129999999976,0.0,0.0,,704.999999999999,0.020413977992306608,21213.449999999968,734.9999999999992,0.020412678869802282,21212.099999999977,128.9999999999999,0.023513049161095475,24433.889999999978,442.0000000000001,0.020412178467059897,21211.580000000005,849.9999999999987,0.020424611550582842,21224.499999999967,14.000000000000004,0.020591726820288845,21398.160000000007,943.0000000000011,0.020417875359819673,21217.500000000025,383.0000000000002,0.020429605954877337,21229.690000000013,787.0000000000006,0.02350026964490471,24420.61000000002,1039.9999999999995,0.023338783906050844,24252.79999999999,1244.0000000000007,0.02041085047516658,21210.20000000001,4031.9999999999945,0.020409041326790132,21208.31999999997,511.9999999999999,0.020447225905287986,21247.999999999996,1152.9999999999995,0.020415662039997437,21215.19999999999,835.0000000000001,0.020425766326142288,21225.700000000004,3822.0,0.020412678869802303,21212.1
2025-05-23 00:00:00,384.0900000000038,1030937.6499999997,253.99999999999957,0.020424707546571774,21056.599999999966,48.00000000000007,0.02053323011338274,21168.480000000032,76.00000000000004,0.0205278757643588,21162.96000000001,155.00000000000014,0.02045341927322183,21086.20000000002,120.99999999999993,0.020449180413577864,21081.829999999987,292.99999999999943,0.02159975435953858,22267.999999999956,3015.0000000000014,0.020413164656465903,21044.70000000001,169.99999999999994,0.02136588958604819,22026.89999999999,346.00000000000045,0.020707556853705008,21348.20000000003,341.0,0.02045131439326132,21084.03,3920.9999999999945,0.020766202495369118,21408.65999999997,2246.0,0.020413475053510755,21045.019999999997,1419.9999999999968,0.02061948169222451,21257.399999999954,1164.0000000000002,0.020424862745094245,21056.760000000006,353.99999999999966,0.020458385625939633,21091.319999999978,2847.999999999998,0.021299134821586924,21958.079999999987,4035.999999999995,0.02235398037892978,23045.559999999972,2750.999999999997,0.02041360115231021,21045.149999999976,4020.0000000000077,0.02121253404606966,21868.800000000043,4016.0000000000027,0.02041233046440783,21043.840000000015,568.0,0.02056163144298785,21197.76,712.9999999999992,0.022428698767573363,23122.589999999975,3182.9999999999964,0.02040824680328629,21039.629999999976,2888.000000000003,0.021038013307594333,21688.880000000023,415.9999999999999,0.020450198903881334,21082.879999999994,4198.000000000008,0.02105234977110405,21703.660000000044,1071.0000000000014,0.020413601152310255,21045.150000000027,1250.0000000000005,0.02064867841425717,21287.50000000001,992.9999999999989,0.020410225584447304,21041.669999999976,144.99999999999991,0.020472819088525863,21106.199999999986,612.9999999999997,0.02167927420246995,22349.97999999999,1410.9999999999984,0.020420361987943676,21052.119999999977,0.0,0.0,,752.9999999999991,0.021583410015144928,22251.149999999972,728.9999999999992,0.020435862440371617,21068.099999999977,111.9999999999999,0.020467581138393757,21100.79999999998,440.00000000000006,0.02043072148931607,21062.800000000003,900.9999999999986,0.02144701961364974,22110.539999999964,14.000000000000004,0.0206555265490595,21294.560000000005,1076.0000000000011,0.022825939085646965,23532.120000000024,381.0000000000002,0.020455504753367014,21088.350000000013,683.0000000000005,0.020411738770041057,21043.230000000014,907.9999999999997,0.02041582243116254,21047.43999999999,1312.000000000001,0.021354695892617775,22015.360000000015,4075.999999999995,0.020598685090218578,21235.959999999974,515.9999999999999,0.02054114523802676,21176.639999999996,1155.9999999999995,0.020452682080240252,21085.43999999999,857.0,0.020865180353050454,21510.7,4040.9999999999995,0.0214017404447301,22063.859999999997
2025-05-26 00:00:00,58234.700000000004,986060.2999999997,239.99999999999957,0.02044986498290213,20164.799999999963,47.00000000000007,0.02077740073299781,20487.770000000033,71.00000000000006,0.020521777420711512,20235.710000000017,0.0,0.0,,115.99999999999993,0.02049168798297629,20206.039999999986,267.99999999999943,0.020454813970301782,20169.67999999996,2811.0000000000014,0.020411287220467162,20126.76000000001,156.99999999999994,0.020411936267994965,20127.39999999999,329.0000000000004,0.02045947899940808,20174.280000000024,0.0,0.0,,3726.999999999995,0.02041031364917539,20125.799999999974,2098.9999999999995,0.020413974682887043,20129.409999999996,1347.9999999999968,0.02041015138729341,20125.639999999952,1115.0000000000005,0.020421570567236112,20136.900000000005,336.99999999999966,0.02045458071884649,20169.44999999998,2606.9999999999977,0.020410557041998335,20126.039999999983,3511.999999999995,0.020408244810180453,20123.759999999973,2654.999999999997,0.02040940092608939,20124.899999999976,3713.0000000000073,0.020408954705914077,20124.46000000004,3878.0000000000023,0.0204113480686729,20126.820000000014,532.9999999999999,0.020443029701124774,20158.059999999994,615.9999999999992,0.02042171254638279,20137.03999999997,3058.999999999997,0.02041276786013998,20128.21999999998,2694.000000000003,0.020408670747620636,20124.180000000022,395.99999999999983,0.020421266326207433,20136.59999999999,3923.000000000008,0.020409492198398056,20124.99000000004,1028.0000000000014,0.02041278814287527,20128.240000000023,1188.0000000000005,0.020421266326207447,20136.600000000006,958.9999999999987,0.020423700254436752,20138.999999999975,144.99999999999991,0.02049727587653614,20211.549999999985,553.9999999999997,0.02044505797464921,20160.059999999987,1342.9999999999986,0.020416165218293432,20131.56999999998,0.0,0.0,,684.9999999999991,0.02042370025443675,20138.99999999997,692.9999999999992,0.02043733025252105,20152.439999999977,108.99999999999989,0.020419116356271503,20134.479999999978,418.00000000000006,0.020428182738925812,20143.420000000002,828.9999999999985,0.02042107364022258,20136.409999999963,14.000000000000004,0.021281822217160566,20985.160000000007,930.0000000000011,0.02042856811089548,20143.800000000025,369.0000000000002,0.02046215632046034,20176.920000000013,654.0000000000006,0.020434592083263085,20149.740000000016,860.9999999999994,0.020414755568193946,20130.179999999986,1231.000000000001,0.02042386251631875,20139.160000000014,3847.999999999994,0.020409542905236097,20125.03999999997,493.99999999999994,0.020435119434379423,20150.26,1118.9999999999998,0.020415394474354153,20130.809999999994,804.0,0.02042491721855145,20140.2,3692.999999999999,0.020411378492775748,20126.849999999995
2025-05-27 00:00:00,521.7800000000061,978904.7499999998,250.99999999999952,0.021281948013838904,20832.99999999996,72.00000000000007,0.030234851756516697,29597.04000000003,86.00000000000006,0.024388072486112695,23873.600000000017,0.0,0.0,,115.99999999999991,0.02048031741596922,20048.279999999988,265.99999999999943,0.02044785256175329,20016.499999999956,3954.000000000001,0.027991712166071332,27401.220000000005,175.99999999999994,0.022698837655042537,22219.999999999993,324.00000000000034,0.020471246053306035,20039.400000000023,0.0,0.0,,3665.9999999999955,0.020410259527293112,19979.699999999975,2267.0,0.021931132727673462,21468.49,1805.9999999999966,0.026769775098138975,26205.05999999995,1663.0000000000007,0.0295257940060052,28902.94000000001,333.99999999999966,0.020430915265249237,19999.91999999998,2594.9999999999977,0.02041209831702215,19981.49999999998,3486.9999999999945,0.020411086982671172,19980.50999999997,2608.999999999997,0.020415612448504292,19984.939999999977,3938.000000000008,0.02156254732648917,21107.680000000044,3828.0000000000027,0.020412772539922828,19982.160000000014,527.9999999999999,0.020420863214730547,19990.079999999994,612.9999999999991,0.020420709982253104,19989.92999999997,3031.999999999997,0.020411464956115483,19980.87999999998,2675.000000000003,0.020412864479409286,19982.250000000022,392.99999999999983,0.020414703269138287,19984.049999999992,3872.0000000000086,0.02041007564832028,19979.520000000044,1149.0000000000014,0.022641845388941092,22164.210000000025,1183.0000000000005,0.020423539675336146,19992.700000000004,945.9999999999987,0.020429403371472026,19998.439999999973,144.99999999999991,0.020426400014914622,19995.49999999999,550.9999999999997,0.02042106752470043,19990.279999999988,1986.9999999999986,0.029310594314717536,28692.27999999998,0.0,0.0,,681.9999999999991,0.02042715596180321,19996.239999999972,690.9999999999992,0.020421425067147732,19990.629999999976,108.99999999999987,0.02057728292768013,20143.19999999998,457.0,0.022179961840005383,21712.07,882.9999999999985,0.021648684409795713,21191.999999999964,14.000000000000005,0.02134299583284279,20892.760000000006,928.0000000000011,0.02041040254427209,19979.840000000026,369.0000000000002,0.020438331717156363,20007.18000000001,653.0000000000005,0.020425746223010997,19994.860000000015,860.9999999999994,0.02041445809717441,19983.809999999987,1253.000000000001,0.0207488317939003,20311.130000000016,3805.9999999999936,0.020412098317022134,19981.499999999967,490.99999999999994,0.020429393155973554,19998.429999999997,1231.9999999999998,0.022326666613886593,21855.679999999993,802.0,0.0204329175029542,20001.88,3665.9999999999986,0.020410259527293133,19979.699999999993
2025-05-28 00:00:00,387.1100000000006,977554.1599999997,243.99999999999952,0.020469904194361947,20010.439999999962,49.00000000000007,0.020470088327382327,20010.620000000028,73.00000000000006,0.020513543720176098,20053.100000000013,0.0,0.0,,142.99999999999991,0.024960345931114437,24400.089999999986,263.99999999999943,0.020446376086210877,19987.439999999955,2863.000000000001,0.020413303749840326,19955.110000000004,158.9999999999999,0.020466354518914834,20006.969999999987,368.00000000000034,0.023076368474561067,22558.40000000002,0.0,0.0,,4115.999999999995,0.022820955516162894,22308.719999999976,2109.0,0.020409242593781206,19951.140000000003,1358.9999999999966,0.020408199173332715,19950.119999999948,1142.000000000001,0.020420515626469248,19962.160000000018,332.9999999999997,0.02041492002857416,19956.689999999984,2534.9999999999977,0.020408536750536655,19950.449999999983,3509.9999999999945,0.020538197085673466,20077.199999999968,2676.999999999997,0.020921889381556088,20452.279999999973,3723.000000000008,0.02041347765324844,19955.280000000046,4312.000000000002,0.02289313566012549,22379.28000000001,527.9999999999999,0.02042747176279215,19968.959999999995,602.9999999999991,0.020429926869729626,19971.359999999968,3031.999999999997,0.020408649276271288,19950.55999999998,3091.000000000003,0.023461840722973373,22935.220000000023,397.99999999999983,0.020658210896468385,20194.519999999993,3926.000000000009,0.020683150691108567,20218.90000000005,1017.0000000000013,0.020411697700718733,19953.540000000026,1319.0000000000005,0.022668002353956548,22159.200000000008,1177.9999999999989,0.025209610892556567,24643.759999999977,270.99999999999994,0.03707573603901394,36243.53999999999,545.9999999999998,0.020425691810262457,19967.21999999999,1390.9999999999986,0.020419175547265828,19960.84999999998,0.0,0.0,,674.9999999999991,0.020431860266442916,19973.249999999975,681.9999999999992,0.020427471762792134,19968.959999999977,108.99999999999987,0.02056111141709016,20099.599999999977,424.0,0.020433282182544244,19974.64,835.9999999999986,0.02043062248336192,19972.039999999968,14.000000000000004,0.02127366528725121,20796.160000000007,977.0000000000014,0.021447834665242523,20966.42000000003,369.0000000000002,0.02045147043310625,19992.420000000013,778.0000000000005,0.02416242594681406,23620.080000000013,1054.9999999999993,0.02482215409936979,24264.999999999985,1240.000000000001,0.02040971315594424,19951.600000000013,5637.999999999994,0.029760069764318713,29092.07999999997,490.99999999999994,0.020427481992404396,19968.969999999998,1118.9999999999998,0.020409887059352292,19951.769999999993,826.0,0.020997404379108783,20526.100000000002,3588.999999999999,0.020413027550309847,19954.839999999993
2025-05-29 00:00:00,253.6999999999898,984016.1999999997,240.99999999999955,0.020435679819092376,20109.03999999996,49.00000000000007,0.020433261159724846,20106.66000000003,71.00000000000004,0.020592547155219618,20263.400000000012,0.0,0.0,,113.99999999999993,0.0204374074329264,20110.739999999987,259.9999999999995,0.02044031388914122,20113.59999999996,2902.0000000000005,0.02067346045725671,20343.020000000004,157.99999999999986,0.02047704092676522,20149.739999999983,313.00000000000034,0.020468717893059103,20141.55000000002,0.0,0.0,,3718.9999999999955,0.020408810342756534,20082.599999999977,2671.9999999999995,0.025551937051442857,25143.519999999997,1357.9999999999966,0.020411066403175023,20084.81999999995,1534.0000000000011,0.027000449789342927,26568.88000000002,332.9999999999997,0.020416218757374104,20089.88999999998,3128.999999999998,0.024929833472253804,24531.359999999986,3498.9999999999945,0.020410497306853258,20084.25999999997,2584.999999999997,0.02041170663653706,20085.449999999975,4097.000000000008,0.022358259955476398,22000.890000000043,3892.0000000000023,0.02040893229196838,20082.720000000012,597.9999999999999,0.022977650164702577,22610.379999999997,598.9999999999992,0.02044114720875528,20114.419999999973,3583.999999999997,0.023929362138550143,23546.87999999998,2722.000000000003,0.020414663904923545,20088.360000000022,393.9999999999998,0.020408383520515206,20082.17999999999,3907.0000000000095,0.02040818027182891,20081.980000000047,1105.0000000000011,0.02208840667460559,21735.350000000024,1188.0000000000005,0.0204153956001944,20089.08000000001,954.9999999999989,0.020409877398359887,20083.649999999976,150.0,0.020543869094838078,20215.5,622.9999999999998,0.023140523499511487,22770.64999999999,1382.9999999999986,0.0204214015988761,20094.98999999998,0.0,0.0,,881.9999999999992,0.026307188845061683,25886.69999999998,1073.9999999999993,0.03133539874648404,30834.539999999983,108.99999999999987,0.020401716963602816,20075.619999999977,423.99999999999994,0.020441289482835752,20114.559999999998,830.9999999999985,0.020419968695637298,20093.579999999965,14.000000000000004,0.021176643230060656,20838.160000000007,930.0000000000013,0.020414298057288116,20088.00000000003,367.0000000000003,0.020438281402277745,20111.600000000013,659.0000000000005,0.020425984856753395,20099.500000000015,861.9999999999993,0.020410842829620073,20084.599999999984,1335.000000000001,0.021896895599889537,21546.900000000016,3839.9999999999936,0.020409420088815584,20083.199999999968,610.0,0.02508149764201037,24680.600000000002,1110.9999999999998,0.020413159864644505,20086.879999999994,799.9999999999999,0.020430557952196317,20103.999999999996,4986.999999999999,0.027874032968156423,27428.499999999996
2025-05-30 00:00:00,744.0400000000009,979442.2399999999,301.9999999999995,0.02531152832452883,24791.17999999996,60.00000000000007,0.024756743184774256,24247.80000000003,74.00000000000004,0.021222139653686994,20785.86000000001,0.0,0.0,,123.99999999999991,0.022118751995012988,21664.039999999986,322.9999999999995,0.025102817701633907,24586.759999999962,2877.0000000000005,0.020414833242233872,19995.150000000005,236.99999999999986,0.02999999264887737,29383.259999999984,398.00000000000034,0.025665301100348727,25137.68000000002,0.0,0.0,,3694.999999999996,0.020409524098123417,19989.94999999998,2126.9999999999995,0.020413454906743657,19993.799999999996,1350.9999999999966,0.020414475895995616,19994.799999999952,1161.0000000000011,0.020423899626791697,20004.03000000002,433.9999999999997,0.026271952494105202,25731.859999999982,2556.999999999998,0.02041543562589254,19995.739999999987,3688.999999999994,0.02146864729869111,21027.299999999967,2575.9999999999964,0.020409330110165533,19989.759999999973,3695.000000000008,0.020409524098123487,19989.950000000044,3837.0000000000023,0.020410361309310097,19990.77000000001,531.9999999999999,0.020423052205712507,20003.199999999997,606.9999999999991,0.020668344873506758,20243.44999999997,3028.9999999999964,0.020411004532538825,19991.399999999976,2687.000000000003,0.020410882013828634,19991.280000000024,393.9999999999998,0.020407145193166255,19987.619999999988,3874.00000000001,0.020409411789305772,19989.84000000005,1015.0000000000009,0.02041519058847209,19995.50000000002,1319.0000000000002,0.022556970791866204,22093.250000000004,950.999999999999,0.02040959556737106,19990.01999999998,147.99999999999997,0.020506650805666705,20085.079999999998,550.9999999999999,0.020432363627690794,20012.319999999996,1554.9999999999989,0.0228302385651654,22360.899999999983,0.0,0.0,,683.9999999999991,0.020433915531353822,20013.839999999975,698.9999999999994,0.020411004532538832,19991.399999999983,147.9999999999999,0.02730492815992904,26743.599999999977,418.0,0.02043818326642723,20018.02,1029.9999999999986,0.025049562902249314,24534.59999999997,14.000000000000004,0.021018248100061532,20586.160000000007,925.000000000001,0.02040880940564706,19989.250000000022,420.0000000000002,0.023216070403498237,22738.800000000014,658.0000000000003,0.020436488424268914,20016.36000000001,860.9999999999994,0.02042962737649541,20009.639999999985,1240.0000000000007,0.02040834996048365,19988.800000000014,4117.9999999999945,0.021821011109343185,21372.419999999973,494.99999999999994,0.020427850855196935,20007.899999999998,1100.9999999999995,0.020413822462874376,19994.159999999993,827.9999999999998,0.021092208561476783,20658.599999999995,3601.999999999999,0.02041069823576324,19991.099999999995
2025-06-03 00:00:00,185.01000000000204,982193.7599999998,243.99999999999952,0.02048748507626435,20122.67999999996,51.00000000000007,0.0207127155847539,20343.900000000027,73.00000000000003,0.020686437673967727,20318.090000000007,0.0,0.0,,112.99999999999991,0.02054767686571333,20181.799999999985,248.99999999999946,0.020412958029788302,20049.479999999956,2872.0000000000005,0.02040998509296171,20046.560000000005,161.99999999999983,0.020448877622680058,20084.75999999998,313.0000000000003,0.020433402061116768,20069.56000000002,0.0,0.0,,3849.999999999996,0.021206100922490066,20828.499999999978,2490.9999999999995,0.02363700620537439,23216.119999999995,1643.9999999999966,0.024487754839737485,24051.71999999995,1142.0000000000011,0.02041707127115125,20053.52000000002,336.9999999999998,0.020456187789260637,20091.939999999984,2602.999999999998,0.0207509870557516,20381.489999999987,3504.9999999999936,0.020412062076224115,20048.599999999962,3097.9999999999964,0.024223977965406724,23792.63999999997,3745.000000000008,0.020665881648443837,20297.900000000045,3790.0000000000023,0.020412571140749274,20049.100000000013,526.9999999999999,0.020442707760635746,20078.699999999997,599.9999999999991,0.020415523714994867,20051.99999999997,3018.9999999999964,0.020409577841341592,20046.159999999974,2659.0000000000036,0.020412326789777235,20048.860000000026,390.9999999999997,0.020421937928011263,20058.299999999985,3855.0000000000105,0.02040941494069364,20046.000000000055,1385.0000000000007,0.027200997489538137,26716.650000000012,1151.0,0.020425633736463576,20061.93,907.9999999999991,0.02042134741316213,20057.71999999998,166.99999999999997,0.02283299987570681,22426.429999999997,656.0,0.02399738316398997,23570.079999999998,1396.9999999999989,0.020410382163291274,20046.949999999983,0.0,0.0,,717.9999999999991,0.02135299658185568,20972.779999999973,694.9999999999994,0.020428403047480153,20064.649999999983,112.99999999999987,0.020421123424771082,20057.499999999978,407.99999999999994,0.020454131168579207,20089.92,852.9999999999985,0.02041759051696681,20054.029999999966,14.000000000000004,0.02077406804132009,20404.160000000007,1192.000000000001,0.02581348103860895,25353.84000000002,371.0000000000002,0.02045007901495935,20085.940000000013,657.0000000000003,0.02042853540425671,20064.78000000001,848.9999999999994,0.020416928733084188,20053.379999999986,2490.0,0.03845809405264397,37773.3,3884.9999999999945,0.020410025818123685,20046.599999999973,489.99999999999994,0.020434257289518927,20070.399999999998,1534.9999999999995,0.02774019863453419,27246.249999999993,801.9999999999998,0.02042981824685997,20066.039999999994,4051.9999999999986,0.022772533191414288,22367.03999999999
2025-06-04 00:00:00,291.2800000000134,985188.4899999996,241.99999999999952,0.020432191610358714,20129.55999999996,50.00000000000007,0.020641227751249953,20335.50000000003,71.00000000000003,0.02060623952275368,20301.03000000001,0.0,0.0,,112.99999999999993,0.020544860405342327,20240.559999999987,325.99999999999943,0.026505181764760532,26112.59999999995,2820.0000000000005,0.020408886425378366,20106.600000000002,157.99999999999983,0.020451071246274898,20148.159999999978,311.0000000000003,0.020446310735928334,20143.470000000016,0.0,0.0,,3730.9999999999964,0.020412428894698097,20110.08999999998,2157.999999999999,0.020414936029145042,20112.55999999999,1382.9999999999966,0.020411139801277983,20108.81999999995,1181.0000000000014,0.02108610708596487,20773.790000000023,333.9999999999998,0.02045655243089573,20153.559999999987,2538.9999999999977,0.02041120070332936,20108.879999999983,6311.999999999994,0.03600675440290617,35473.439999999966,2638.9999999999964,0.020411505213586062,20109.17999999997,3703.000000000008,0.020409586798968846,20107.290000000045,4763.000000000002,0.025478383329468272,25101.01000000001,525.9999999999999,0.02044333668575442,20140.539999999994,591.999999999999,0.020436617159422937,20133.919999999966,3897.9999999999964,0.026153147607317243,25765.779999999977,3088.0000000000036,0.023602224585469973,23252.64000000003,452.99999999999966,0.023546895071825284,23198.129999999983,4300.00000000001,0.022696164466964146,22360.000000000055,1059.0000000000007,0.020423502917700575,20121.000000000015,1142.0,0.02042455855325716,20122.04,1135.999999999999,0.025367734452520847,24991.999999999978,150.99999999999997,0.02048608992579684,20182.659999999996,558.0,0.020418326243336445,20115.899999999998,1388.999999999999,0.02041509843461528,20112.719999999987,0.0,0.0,,694.999999999999,0.020422741642058748,20120.24999999997,730.9999999999994,0.02143609087434628,21118.589999999986,170.99999999999986,0.030475569197930832,30024.17999999998,425.99999999999994,0.02128295266624563,20967.719999999998,851.9999999999985,0.020426791628473016,20124.239999999965,14.000000000000004,0.02072456205817022,20417.600000000006,945.0000000000009,0.020411931527945508,20109.60000000002,370.0000000000003,0.02043811941002277,20135.400000000016,656.0000000000003,0.020428659291380897,20126.08000000001,835.9999999999992,0.020425045769667884,20122.519999999982,1315.0,0.020421980366416997,20119.5,4036.9999999999945,0.021185072919396346,20871.28999999997,489.99999999999994,0.020416905195471787,20114.499999999996,1140.9999999999995,0.020418255190943205,20115.82999999999,794.9999999999999,0.020432029204888503,20129.399999999998,3635.9999999999986,0.020409373641789096,20107.079999999994
2025-06-05 00:00:00,235.05000000002474,988319.2199999999,239.99999999999952,0.020492973919904102,20253.59999999996,49.00000000000008,0.02057583176415413,20335.49000000003,70.00000000000001,0.020595167622056373,20354.600000000002,0.0,0.0,,112.99999999999994,0.020546094408646624,20306.099999999988,241.9999999999994,0.02047030917804063,20231.19999999995,3735.0000000000005,0.026642960560860095,26331.750000000004,152.9999999999998,0.02043159698948279,20192.939999999973,389.0000000000003,0.025241409349501493,24946.570000000018,0.0,0.0,,4445.999999999995,0.02411220941347269,23830.559999999976,2502.9999999999995,0.023502365966332213,23227.839999999993,1930.9999999999964,0.027998271651541853,27671.22999999995,1161.0000000000016,0.02041666254350495,20178.180000000026,375.9999999999998,0.022845655070838338,22578.799999999985,2709.9999999999977,0.021716869980531177,21463.199999999983,3588.9999999999936,0.02040856799283937,20170.179999999964,2622.9999999999964,0.02040926614783428,20170.869999999974,4576.000000000007,0.02495614726586016,24664.64000000004,3857.0000000000027,0.020410520803187476,20172.110000000015,516.9999999999999,0.02043792085719025,20199.189999999995,590.999999999999,0.020433145072297564,20194.469999999965,3046.9999999999964,0.020409539338919244,20171.139999999978,2683.000000000004,0.020414618669461912,20176.16000000003,392.9999999999997,0.020454848586269513,20215.919999999984,3879.000000000011,0.02040919532051604,20170.800000000057,1242.0000000000007,0.02375123292654373,23473.80000000001,1121.0,0.020416480416114952,20178.0,920.9999999999991,0.02040828468356609,20169.89999999998,150.99999999999997,0.02043800180269691,20199.269999999997,587.0,0.021417391842283515,21167.22,1433.9999999999993,0.021038748998527007,20792.99999999999,0.0,0.0,,780.9999999999989,0.02280605248170725,22539.659999999967,707.9999999999995,0.02041648041611494,20177.999999999985,112.99999999999987,0.0204980734868234,20258.639999999978,407.99999999999994,0.02041818027175471,20179.679999999997,999.9999999999985,0.023767624391641366,23489.999999999964,14.000000000000004,0.020716140681752614,20474.160000000007,937.0000000000008,0.020412038531437266,20173.61000000002,408.00000000000034,0.022399726274674715,22138.080000000016,774.0000000000003,0.023886007195124685,23607.00000000001,949.9999999999992,0.023050244838909426,22780.99999999998,1330.0,0.0206298730080348,20388.9,3871.999999999994,0.020411542740208954,20173.11999999997,488.0,0.020422227547087474,20183.68,1281.9999999999995,0.022803927662157573,22537.55999999999,787.9999999999999,0.0204191920905879,20180.679999999997,4482.999999999998,0.024902551222266017,24611.66999999999
2025-06-06 00:00:00,715.5400000000373,990578.5999999997,239.99999999999955,0.020487420180488422,20294.39999999996,67.00000000000007,0.027622371410002233,27362.130000000026,97.00000000000001,0.02799312442243353,27729.390000000003,0.0,0.0,,112.99999999999996,0.020500372206708282,20307.229999999992,241.9999999999994,0.0204333911513937,20240.87999999995,2755.0,0.020414028730279463,20221.7,167.99999999999977,0.022349604564443428,22139.03999999997,318.0000000000002,0.020433209439412504,20240.700000000015,0.0,0.0,,3785.999999999995,0.020409526311188208,20217.239999999972,2171.9999999999995,0.020413645116096796,20221.319999999996,1409.9999999999961,0.020411706854963303,20219.399999999943,1147.0000000000016,0.020425516965539167,20233.080000000027,335.9999999999997,0.020456892567636727,20264.159999999985,2514.9999999999977,0.02041291826817174,20220.59999999998,3578.9999999999936,0.020413675401426978,20221.349999999966,2608.999999999996,0.020412060183815778,20219.749999999967,3730.0000000000077,0.020408880224143798,20216.600000000042,3894.0000000000023,0.020598627913019744,20404.560000000012,513.9999999999999,0.02041307978993288,20220.76,792.9999999999991,0.027138381547915508,26882.699999999968,3127.999999999996,0.02093588535023872,20738.639999999974,2747.000000000004,0.020881644323832597,20684.910000000033,561.9999999999997,0.028855176156642185,28583.31999999998,3858.0000000000105,0.020408193756659053,20215.920000000056,1072.0000000000007,0.020410212778673012,20217.920000000013,1119.0,0.020412645700199874,20220.33,935.999999999999,0.02073115651801885,20535.83999999998,194.99999999999997,0.026152139769625556,25905.749999999996,556.9999999999999,0.020411404001661256,20219.099999999995,1397.9999999999995,0.020421458731290986,20229.059999999994,0.0,0.0,,695.9999999999989,0.020411101148359125,20218.799999999967,1062.9999999999995,0.030240245448468196,29955.339999999986,133.99999999999986,0.024080209283745865,23853.339999999975,405.99999999999994,0.02043569283648971,20243.159999999996,856.9999999999985,0.02042621352813393,20233.769999999964,14.000000000000002,0.020561336576421105,20367.620000000003,928.0000000000008,0.02041344321389542,20221.120000000017,369.0000000000003,0.02044332473970266,20250.720000000016,663.0000000000005,0.020420519886054495,20228.130000000016,841.9999999999991,0.02042569867752038,20233.25999999998,1327.0000000000002,0.020415825659871926,20223.480000000003,3850.9999999999936,0.020410041161801774,20217.749999999967,488.0,0.020424911258934936,20232.48,1135.9999999999995,0.020413120170373153,20220.799999999992,1074.9999999999998,0.02757555028949748,27315.749999999993,3662.9999999999986,0.02041207027892587,20219.75999999999
2025-06-09 00:00:00,1629.5600000000195,993732.2999999996,243.99999999999952,0.020730854778495143,20600.919999999962,50.00000000000007,0.02065898431599741,20529.50000000003,70.0,0.020606958232111415,20477.800000000003,0.0,0.0,,125.99999999999996,0.02263285595124562,22490.999999999993,248.9999999999994,0.02097024520587683,20838.80999999995,3671.0,0.026782615398533396,26614.75,156.99999999999977,0.020440776655845823,20312.65999999997,315.0000000000003,0.020429797843946527,20301.75000000002,0.0,0.0,,4350.9999999999945,0.023293315513644854,23147.31999999997,2460.9999999999995,0.022982125065271603,22838.079999999994,1543.9999999999964,0.022249533400494233,22110.079999999947,1447.0000000000014,0.025438531081258032,25279.090000000022,335.99999999999966,0.0204088767165966,20280.95999999998,2485.999999999998,0.02041370699130942,20285.759999999984,4219.999999999994,0.023865984833138634,23716.399999999965,2923.999999999996,0.02274507933374006,22602.51999999997,4892.000000000007,0.026386502682865447,26221.12000000004,3893.000000000002,0.020410456618950613,20282.53000000001,617.9999999999999,0.024309987709969783,24157.62,594.9999999999992,0.02043543316444477,20307.349999999973,3068.9999999999955,0.020414039072695914,20286.08999999997,2701.000000000004,0.02041244910726967,20284.51000000003,396.9999999999996,0.020442618198080093,20314.48999999998,4445.00000000001,0.02334924606959043,23202.900000000052,1072.0000000000007,0.020420952403378677,20292.960000000014,1123.0,0.02047710434691517,20348.760000000002,914.9999999999991,0.020422703377962037,20294.69999999998,152.0,0.02046434437121547,20336.079999999998,606.0,0.022112152337203896,21973.559999999998,1452.9999999999993,0.021172140625800327,21039.43999999999,0.0,0.0,,746.999999999999,0.021829702023371863,21692.87999999997,716.9999999999997,0.02043351111763198,20305.43999999999,116.99999999999987,0.020517014491729796,20388.419999999976,373.0,0.0204604700883729,20332.23,853.9999999999984,0.0204190202934935,20291.039999999964,16.0,0.02309756863090795,22952.8,1051.0000000000007,0.022971699722349796,22827.720000000012,368.0000000000003,0.020430612952804315,20302.560000000016,662.0000000000003,0.02043159913389151,20303.54000000001,819.999999999999,0.02041475355083052,20286.799999999974,1301.0000000000002,0.020423609054470715,20295.600000000002,4589.999999999993,0.024110920013367756,23959.79999999996,488.0,0.020423931072784902,20295.920000000002,1417.9999999999995,0.025185555506246498,25027.69999999999,784.9999999999998,0.020428137437013973,20300.099999999995,3755.9999999999977,0.020901685494171818,20770.67999999999
2025-06-10 00:00:00,440.60000000002765,986171.8499999995,243.99999999999952,0.020367727997914323,20086.079999999958,50.00000000000007,0.02043000923216378,20147.50000000003,73.0,0.020605952197885195,20321.010000000002,203.0,0.02920755647202869,28803.67,117.99999999999996,0.020460936904658146,20177.999999999993,246.99999999999943,0.020440321836402,20157.669999999955,2776.0,0.02040820775811032,20126.0,159.99999999999977,0.02045728642528174,20174.399999999972,312.0000000000003,0.02042199845797669,20139.600000000017,424.0,0.029244882623652265,28840.48,3768.9999999999945,0.020408674208252826,20126.45999999997,2193.0,0.020414028244671558,20131.739999999998,1397.9999999999966,0.02041348067276505,20131.19999999995,1133.0000000000014,0.02041572166149341,20133.410000000025,335.99999999999966,0.02039498491059138,20112.95999999998,2439.999999999998,0.020412263846306292,20129.999999999985,3626.999999999993,0.02041211174299892,20129.849999999962,2644.999999999997,0.020410692112130334,20128.449999999975,3728.000000000007,0.02041348067276514,20131.200000000037,3841.000000000002,0.020409059536631486,20126.84000000001,519.9999999999999,0.020443090116595806,20160.399999999998,594.9999999999992,0.020392997427375336,20110.99999999997,3035.999999999995,0.020410925337201596,20128.679999999968,2670.000000000004,0.02041408908599453,20131.800000000032,395.9999999999996,0.020431002973771747,20148.47999999998,3834.0000000000095,0.020410742813232862,20128.50000000005,1073.0000000000007,0.020411736554840843,20129.480000000014,1113.9999999999998,0.020423539771491146,20141.119999999995,906.9999999999991,0.020408542385386468,20126.32999999998,152.0,0.02046864347223053,20185.600000000002,552.9999999999999,0.020417060170598057,20134.729999999992,1407.9999999999993,0.02041672554332188,20134.39999999999,0.0,0.0,,691.999999999999,0.020412547772479993,20130.27999999997,716.9999999999997,0.02040840042229962,20126.18999999999,116.99999999999986,0.020550921221286107,20266.739999999976,385.0,0.02059352028756449,20308.75,850.9999999999984,0.020416989189054595,20134.659999999963,15.0,0.02165114528466819,21351.75,932.0000000000007,0.02041348067276512,20131.200000000015,368.0000000000002,0.020385737029504563,20103.840000000015,674.0000000000003,0.020517194847936508,20233.48000000001,815.999999999999,0.02041299394218156,20130.719999999976,1299.0000000000002,0.020416826945526795,20134.500000000004,3915.9999999999927,0.020410479167500033,20128.23999999996,484.0,0.020446172743624758,20163.44,1149.9999999999995,0.020418854989624778,20136.499999999993,795.9999999999998,0.02048576016441759,20202.479999999992,3646.9999999999973,0.020413724038056844,20131.439999999984
2025-06-11 00:00:00,792.5900000000256,993425.0799999996,247.99999999999955,0.020697766156658706,20561.67999999996,53.000000000000064,0.021436875743060597,21295.930000000026,73.0,0.020498123522309307,20363.35,150.0,0.02044593035641903,20311.5,129.99999999999997,0.02219130606205352,22045.399999999998,251.99999999999946,0.02076017649967118,20623.679999999957,2710.9999999999995,0.02041249049198557,20278.28,161.99999999999977,0.020613955105703567,20478.41999999997,322.00000000000034,0.020971284518003137,20833.400000000023,292.00000000000006,0.020425375207962344,20291.08,4095.9999999999945,0.0219349404788532,21790.719999999972,2333.0,0.021535202231858296,21393.61,1451.9999999999968,0.021091031847112175,20952.359999999953,1117.0000000000014,0.020418973114711407,20284.720000000027,346.9999999999996,0.02098573955873953,20847.759999999977,2419.9999999999977,0.02041381922832066,20279.599999999984,3777.9999999999923,0.02114470474210291,21005.679999999957,2876.9999999999973,0.02195199259515371,21807.659999999978,3720.0000000000064,0.020408182165080876,20274.000000000036,4060.0000000000023,0.02141520324814028,21274.400000000012,506.9999999999999,0.020409118320226023,20274.929999999997,586.9999999999993,0.02043280405201767,20298.459999999974,3134.999999999995,0.020985729492555165,20847.749999999967,2789.000000000004,0.021196314069300563,21056.95000000003,390.9999999999996,0.020431143131598797,20296.80999999998,4050.0000000000095,0.021403224488755666,21262.50000000005,1070.0000000000007,0.020421469528431897,20287.200000000015,1113.9999999999998,0.020408987459829383,20274.799999999996,906.9999999999991,0.020414745317281484,20280.51999999998,152.0,0.02039110991641162,20257.04,575.9999999999999,0.021139953503086516,21000.959999999995,1377.9999999999995,0.020418409408387392,20284.159999999993,0.0,0.0,,701.999999999999,0.020662333187722596,20526.47999999997,779.9999999999998,0.02195314014017041,21808.799999999996,116.99999999999986,0.020433850935190786,20299.499999999975,381.0,0.020422526477789353,20288.25,847.9999999999983,0.02042694553272197,20292.63999999996,15.000000000000002,0.021568410574051552,21426.600000000002,953.0000000000008,0.02080737683812052,20670.570000000018,371.0000000000003,0.020547518288948394,20412.420000000016,668.0000000000003,0.02041470505254409,20280.48000000001,794.9999999999991,0.020422677470554682,20288.399999999976,1272.0000000000002,0.020422677470554707,20288.4,4136.999999999993,0.021404915607727525,21264.17999999996,479.99999999999994,0.020438380718151388,20303.999999999996,1164.9999999999998,0.02063970440528842,20503.999999999996,785.9999999999999,0.02042092595447661,20286.659999999996,3594.999999999997,0.020409994078265055,20275.79999999998
2025-06-12 00:00:00,330.59000000002925,991694.0199999998,246.9999999999996,0.02049088689674661,20320.689999999966,50.000000000000064,0.020414562951584635,20245.000000000025,85.0,0.023482495134940926,23287.45,149.0,0.020433722086980022,20264.0,122.99999999999999,0.02054932225970265,20378.64,249.99999999999946,0.02043977234026274,20269.999999999956,2667.0000000000005,0.020412072263983207,20242.530000000002,161.99999999999977,0.020416337692547526,20246.759999999973,301.00000000000034,0.020445177233195406,20275.360000000022,293.0000000000001,0.02047201010650444,20301.97000000001,3804.9999999999945,0.020412142850271476,20242.599999999973,2221.9999999999995,0.020411961342673018,20242.419999999995,1412.9999999999968,0.02041788050713461,20248.289999999954,1068.0000000000011,0.020418878798926336,20249.28000000002,337.9999999999996,0.02040895638354256,20239.439999999977,2406.999999999998,0.020412415111669212,20242.869999999984,3640.9999999999927,0.020413514241015555,20243.95999999996,2720.9999999999977,0.020413796586168775,20244.239999999983,3724.000000000006,0.020428236524003687,20258.560000000034,3855.0000000000023,0.020408260604415078,20238.75000000001,503.0,0.020445752007257244,20275.93,578.9999999999993,0.02042305347369139,20253.419999999973,3047.999999999995,0.020408230353148617,20238.719999999965,2678.000000000004,0.020415248646956687,20245.68000000003,387.9999999999996,0.020446709964026994,20276.87999999998,3848.0000000000095,0.020410005094111647,20240.48000000005,1360.0000000000005,0.025439298302918092,25228.00000000001,1256.9999999999998,0.022815505129293815,22625.999999999996,947.9999999999993,0.02126010601536146,21083.519999999982,151.00000000000003,0.020453718174079552,20283.830000000005,565.9999999999999,0.020421097225129987,20251.479999999996,1373.9999999999995,0.02042238794583031,20252.759999999995,0.0,0.0,,691.999999999999,0.020410529449396073,20240.99999999997,729.9999999999998,0.020412445362935638,20242.899999999994,141.99999999999986,0.024377983039566963,24175.499999999975,381.0,0.02041591417481776,20246.34,904.9999999999983,0.021673771916059317,21493.74999999996,15.000000000000002,0.021288421200724807,21111.600000000002,928.0000000000007,0.02040919839367391,20239.680000000015,375.0000000000003,0.020608675244406557,20437.500000000015,685.0000000000005,0.020887894433406,20714.400000000012,844.9999999999991,0.021591639727745846,21412.299999999977,1261.0,0.020421278732728476,20251.66,3968.999999999992,0.020411436987388475,20241.899999999958,480.0,0.02043533548785542,20265.6,1157.9999999999998,0.020423053473691413,20253.419999999995,782.9999999999998,0.020425866841467896,20256.209999999995,3575.999999999996,0.020409682413936495,20240.159999999978
2025-06-13 00:00:00,376.0000000000291,989152.3799999998,243.9999999999996,0.020422293276997395,20200.75999999997,50.00000000000006,0.020470556821589037,20248.500000000025,75.00000000000001,0.02046069989742127,20238.750000000007,148.0,0.020493869710953943,20271.56,117.99999999999999,0.02045773776533804,20235.82,298.9999999999995,0.02381958581548372,23561.199999999957,2636.000000000001,0.02041319457776567,20191.760000000006,168.99999999999977,0.02116702180911699,20937.40999999997,298.00000000000034,0.020462125360300936,20240.160000000025,309.0000000000001,0.021373633049338682,21141.78000000001,4241.9999999999945,0.022428960844233098,22185.659999999974,2179.999999999999,0.02040818018352238,20186.799999999992,1382.9999999999968,0.02041323501642887,20191.799999999952,1067.0000000000011,0.020419816408873245,20198.31000000002,365.9999999999996,0.021867813733612997,21630.599999999977,2369.999999999998,0.020413841596377685,20192.399999999983,3617.9999999999927,0.020409838168715687,20188.43999999996,2695.9999999999977,0.02041448861498972,20193.039999999983,3711.000000000006,0.02040923158876698,20187.840000000033,4130.000000000003,0.02166976538033505,21434.700000000015,535.0,0.021531920086973865,21298.350000000002,582.9999999999994,0.020528576193690178,20305.889999999978,3057.999999999995,0.020465967033309843,20243.959999999966,2700.0000000000045,0.02055396156454685,20331.000000000036,392.9999999999996,0.02063230136493225,20408.48999999998,3942.0000000000095,0.020842754278162942,20616.66000000005,1085.0000000000005,0.02042425455216517,20202.700000000008,1137.0,0.0204260641823457,20204.489999999998,922.9999999999993,0.0204167127414686,20195.239999999983,180.00000000000003,0.023740326035509324,23482.800000000007,560.9999999999998,0.020428824121112663,20207.219999999994,1579.9999999999993,0.023033458201859654,22783.59999999999,0.0,0.0,,680.9999999999989,0.020433737418697785,20212.079999999965,757.9999999999999,0.02108892464071107,20860.159999999996,120.99999999999984,0.020489765186633813,20267.499999999975,368.99999999999994,0.020428035567179245,20206.439999999995,869.9999999999982,0.020422940295609423,20201.399999999958,15.0,0.020857099893951635,20630.850000000002,926.0000000000008,0.020408180183522404,20186.800000000017,372.0000000000003,0.020462489308270198,20240.520000000015,662.0000000000005,0.020425811440700388,20204.240000000013,805.9999999999991,0.0204280153478476,20206.419999999976,1259.9999999999998,0.02041930081591676,20197.8,3958.999999999992,0.020412325146505702,20190.899999999958,479.00000000000006,0.020420948691444292,20199.430000000004,1154.9999999999998,0.02041080869663378,20189.399999999998,794.9999999999998,0.020679675258932297,20455.349999999995,3541.9999999999964,0.020410808696633764,20189.39999999998
2025-06-16 00:00:00,377.12000000002445,993008.8099999997,245.99999999999957,0.020551841831091076,20408.159999999963,55.000000000000064,0.02215655065537639,22001.650000000023,74.00000000000001,0.020500724459836375,20357.400000000005,147.00000000000003,0.02046731085900437,20324.22,118.0,0.02054227494718804,20398.66,255.99999999999946,0.020454038066389325,20311.039999999957,2884.000000000001,0.022072714541173117,21918.400000000005,161.99999999999977,0.020438247672747212,20295.35999999997,298.00000000000034,0.02043967767013067,20296.780000000024,295.00000000000006,0.020424038332550153,20281.250000000004,3845.999999999995,0.020411118004078917,20268.419999999973,2306.9999999999995,0.02144352576287818,21293.609999999997,1477.9999999999968,0.021626535216741894,21475.339999999953,1250.0000000000011,0.023413689552260898,23250.000000000022,342.9999999999996,0.020431289023508242,20288.449999999975,2370.9999999999986,0.020414773560770316,20272.04999999999,3676.9999999999923,0.02069914163198609,20554.429999999957,2677.9999999999973,0.020415186447338758,20272.45999999998,3716.000000000006,0.020432205430282173,20289.360000000033,3824.000000000003,0.02040988941477772,20267.200000000015,507.00000000000006,0.020432990921802605,20290.140000000003,572.9999999999994,0.020432779443316302,20289.92999999998,3038.9999999999955,0.020412840043181463,20270.12999999997,2667.0000000000045,0.02041190349559944,20269.200000000033,391.99999999999955,0.020436716971322728,20293.83999999998,3853.0000000000095,0.020409466457805198,20266.78000000005,1117.0000000000005,0.020933721625289524,20787.370000000006,1126.0000000000002,0.020410695047106388,20268.000000000004,907.9999999999994,0.020427532762775782,20284.719999999987,155.00000000000003,0.020416737289571493,20274.000000000007,601.9999999999998,0.021703332118473348,21551.59999999999,1384.9999999999993,0.020419154186557514,20276.39999999999,0.0,0.0,,724.9999999999989,0.021552678873010173,21401.999999999967,734.9999999999999,0.020414018280462187,20271.299999999996,120.99999999999984,0.020546665643379317,20403.019999999975,399.99999999999994,0.02189305853187748,21739.999999999996,897.9999999999983,0.020980277103483064,20833.59999999996,15.0,0.020705707535464874,20560.95,931.0000000000007,0.02050431959410312,20360.970000000016,391.0000000000003,0.021313839098768946,21164.830000000016,660.0000000000005,0.02042459220477613,20281.800000000014,796.9999999999991,0.02041842911746169,20275.67999999998,1390.9999999999998,0.022244596198496974,22089.079999999998,4077.9999999999923,0.020944225056774637,20797.79999999996,474.00000000000006,0.02041571010835242,20272.980000000003,1178.9999999999998,0.020777761276861182,20632.499999999996,776.9999999999998,0.020430302123905626,20287.469999999994,3751.9999999999964,0.02146140073017075,21311.35999999998
2025-06-17 00:00:00,590.3900000000212,993676.6799999997,245.99999999999955,0.020399391882679557,20270.399999999965,53.000000000000064,0.02046871020461105,20339.280000000024,77.00000000000001,0.02112222257243675,20988.660000000003,169.0,0.02306393061372841,22918.090000000004,125.00000000000001,0.02146950857294951,21333.75,254.99999999999946,0.020414336381528005,20285.249999999956,2679.000000000001,0.02040908316375102,20280.030000000006,170.99999999999977,0.02140432640524479,21268.97999999997,373.0000000000003,0.02483096413211592,24673.950000000023,329.0000000000001,0.022461390560156867,22319.360000000008,3927.9999999999945,0.020792759270550635,20661.27999999997,2178.9999999999995,0.020415584272340984,20286.489999999998,1374.9999999999968,0.020410310927292726,20281.249999999953,1088.0000000000011,0.02042032424470304,20291.20000000002,341.99999999999966,0.020419982081093,20290.85999999998,2328.9999999999986,0.020414678545138037,20285.58999999999,3621.9999999999927,0.02041227333623243,20283.199999999957,2675.9999999999973,0.020413158936164213,20284.07999999998,3701.0000000000064,0.02041054239091134,20281.480000000036,3820.0000000000036,0.020413279699791308,20284.20000000002,507.0,0.020414155236087462,20285.07,612.9999999999994,0.02165938924922741,21522.42999999998,3026.9999999999955,0.020409958700047158,20280.89999999997,2709.000000000005,0.02069215310557559,20561.310000000038,394.99999999999955,0.02054350314430241,20413.599999999977,3849.000000000009,0.020413309890698103,20284.230000000047,1069.0000000000005,0.020418734190280098,20289.62000000001,1112.0000000000002,0.02041195129989365,20282.88,959.9999999999995,0.02143795907538053,21302.39999999999,168.0,0.021902899039554807,21764.4,559.9999999999998,0.020434815879950004,20305.59999999999,1436.999999999999,0.021084785848048678,20951.45999999999,0.0,0.0,,682.9999999999987,0.020434805816314388,20305.589999999964,734.9999999999999,0.020407694382039845,20278.649999999998,118.99999999999984,0.020496455647927632,20366.849999999973,366.99999999999994,0.020450102542408467,20320.789999999997,856.9999999999983,0.020431525071112636,20302.32999999996,15.000000000000002,0.020762890400124925,20631.600000000002,924.0000000000007,0.020420163226533627,20291.040000000015,376.0000000000003,0.0204256378442936,20296.480000000014,658.0000000000005,0.020428475789529468,20299.300000000014,878.9999999999991,0.022247528240272263,22106.849999999977,1278.0,0.020423786135345356,20294.64,3945.9999999999923,0.020411508499927726,20282.43999999996,472.0000000000001,0.02041090468179248,20281.840000000004,1144.9999999999998,0.020418512790297143,20289.399999999994,776.9999999999998,0.020432209398332665,20303.009999999995,3539.999999999996,0.02041327969979127,20284.19999999998
2025-06-18 00:00:00,229.0100000000166,992885.4799999996,255.99999999999955,0.02114499650050273,20994.559999999965,52.000000000000064,0.020471404214713697,20325.760000000024,75.00000000000003,0.02062246896792167,20475.750000000007,151.0,0.020468715082831112,20323.09,119.00000000000001,0.020560729722827666,20414.450000000004,252.99999999999946,0.02047421420645608,20328.549999999956,2677.000000000001,0.02041009805078428,20264.890000000007,161.9999999999998,0.02042120708623917,20275.919999999973,311.0000000000003,0.020469480528610435,20323.850000000017,301.0000000000001,0.020411548369102965,20266.330000000005,3759.9999999999945,0.02041161887068786,20266.39999999997,2153.999999999999,0.020414378504155384,20269.139999999992,1373.9999999999968,0.020411719587237753,20266.499999999953,1123.0000000000011,0.020992229637601334,20842.88000000002,341.99999999999966,0.02044658765681616,20301.11999999998,2326.9999999999986,0.020413401553621268,20268.16999999999,3832.999999999993,0.021464187390473236,21311.47999999996,2655.999999999997,0.020410490845328894,20265.279999999977,3698.0000000000064,0.020410249125609174,20265.040000000037,3760.000000000003,0.02041161887068791,20266.400000000016,590.0,0.023341261874430884,23175.2,588.9999999999993,0.020412716681081876,20267.489999999976,2988.999999999995,0.020410631848498756,20265.419999999966,2660.000000000005,0.020414438934085375,20269.200000000037,396.99999999999955,0.020496039482821304,20350.219999999976,3781.000000000009,0.020411377150968163,20266.16000000005,1146.0000000000005,0.021710721361339693,21556.260000000006,1229.0000000000002,0.02230527129876047,22146.580000000005,909.9999999999994,0.020429244266921897,20283.899999999987,156.0,0.020494448161332772,20348.64,588.9999999999997,0.021344072833052202,21192.219999999987,1388.999999999999,0.020410722493393693,20265.509999999987,0.0,0.0,,680.9999999999989,0.020418638814216492,20273.369999999966,767.0,0.021197288533215338,21046.48,116.99999999999984,0.020486199475895226,20340.44999999997,370.9999999999999,0.020603524184883842,20456.939999999995,852.9999999999983,0.020429687419741466,20284.33999999996,15.000000000000002,0.020749220745981713,20601.600000000002,922.0000000000007,0.02042934498347183,20284.000000000015,376.00000000000034,0.020434340524347304,20288.960000000017,655.0000000000003,0.020410913854838546,20265.70000000001,819.9999999999992,0.020415647532684218,20270.39999999998,1412.0,0.02229880529625633,22140.16,4054.9999999999927,0.02091036722583552,20761.599999999962,481.00000000000017,0.020753692560797662,20606.040000000008,1284.9999999999998,0.02260980793071926,22448.949999999993,852.9999999999998,0.0221736851263048,22015.929999999993,3856.999999999996,0.022025893660968823,21869.189999999977
2025-06-19 00:00:00,287.7500000000182,986930.9699999997,246.99999999999957,0.02043461053816152,20167.549999999967,52.000000000000064,0.020530108605265503,20261.800000000025,75.00000000000003,0.02047255645448031,20205.000000000007,151.0,0.020511120448474737,20243.06,117.00000000000003,0.0204627989331412,20195.370000000006,248.99999999999946,0.020461309467266955,20193.899999999954,2763.000000000001,0.02099690923672201,20722.500000000007,160.9999999999998,0.020505689470865406,20237.699999999975,319.0000000000003,0.02087382058747232,20601.02000000002,299.0000000000001,0.02044369931972042,20176.520000000008,3709.9999999999945,0.02041206590163036,20145.29999999997,2225.9999999999986,0.02102104466333648,20746.31999999999,1496.999999999997,0.02203944415686941,21751.409999999956,1110.0000000000014,0.020413281792139956,20146.500000000022,338.9999999999997,0.020441034493020302,20173.88999999998,2294.9999999999986,0.020416929463668562,20150.099999999988,3622.999999999993,0.02041062709786072,20143.87999999996,2629.999999999997,0.02041257252267601,20145.799999999977,4022.0000000000064,0.022006402332272582,21718.800000000036,3730.000000000003,0.020408722202729157,20142.00000000002,519.0,0.020409117367144743,20142.39,659.9999999999994,0.022596717174657093,22301.39999999998,2948.999999999995,0.02040838783283898,20141.669999999966,2644.000000000005,0.02041407212097118,20147.28000000004,402.9999999999996,0.020682246905272397,20411.94999999998,3751.0000000000086,0.020409603723348605,20142.870000000046,1083.0000000000007,0.02042151945034212,20154.630000000012,1126.0000000000002,0.020422299646752403,20155.4,908.9999999999994,0.020428602012560203,20161.619999999988,154.0,0.020417740057341604,20150.899999999998,557.9999999999997,0.02043881549284039,20171.699999999986,1556.999999999999,0.022607265024827412,22311.809999999987,0.0,0.0,,676.9999999999989,0.02042803459698906,20161.05999999997,740.0,0.020417030787877703,20150.2,116.99999999999986,0.020509033169766655,20240.999999999975,437.99999999999983,0.02366785591904163,23358.53999999999,900.9999999999981,0.02143562279740797,21155.479999999956,15.000000000000002,0.02088960689925457,20616.600000000002,920.0000000000007,0.020414801655276885,20148.000000000015,387.00000000000034,0.020939458410145974,20665.800000000017,705.0000000000003,0.021801524781414058,21516.60000000001,954.9999999999993,0.023388008585848705,23082.349999999984,1300.0,0.020416828139459445,20150.0,3980.9999999999927,0.020410606833018895,20143.85999999996,473.00000000000006,0.020426210761224778,20159.260000000002,1175.9999999999998,0.020411640339952044,20144.879999999994,794.9999999999999,0.020412065901630385,20145.299999999996,3502.9999999999964,0.020408975513251937,20142.249999999978
2025-06-20 00:00:00,707.7400000000234,989416.6399999998,257.99999999999955,0.02119454954790327,20970.23999999996,56.00000000000007,0.02174590473837193,21515.760000000028,95.00000000000003,0.024994930346026942,24730.400000000005,153.0,0.020630065409047504,20411.73,124.00000000000003,0.02146966115306087,21242.440000000006,248.99999999999946,0.020477854506267414,20261.129999999957,2682.000000000001,0.02041148206280421,20195.460000000006,175.9999999999998,0.0220538841958429,21820.479999999978,312.0000000000003,0.020471699364182944,20255.04000000002,324.00000000000006,0.021884531879310228,21652.920000000002,3684.999999999994,0.020409804306505273,20193.79999999997,2192.9999999999986,0.020413574204694994,20197.529999999988,1369.9999999999968,0.020409804306505255,20193.799999999952,1110.0000000000014,0.020406873286465076,20190.900000000027,336.9999999999997,0.020412442224541513,20196.40999999998,2525.9999999999986,0.02218573966979168,21950.939999999988,3599.9999999999927,0.020412027838949593,20195.99999999996,2615.999999999997,0.020411542704598117,20195.519999999975,3719.000000000006,0.020410178264234607,20194.17000000003,3719.000000000003,0.020410178264234594,20194.170000000016,512.0,0.020445502109202453,20229.12,588.9999999999993,0.02041879950593916,20202.699999999975,2926.9999999999945,0.02041233104791928,20196.299999999963,2596.000000000005,0.020412917251927405,20196.88000000004,386.99999999999966,0.020413574204694987,20197.52999999998,3740.000000000009,0.020412027838949683,20196.00000000005,1076.0000000000007,0.020423428496209664,20207.280000000013,1122.0000000000005,0.020423367854415723,20207.22000000001,893.9999999999993,0.020420517690100698,20204.399999999987,154.99999999999997,0.02051592744589378,20298.8,557.9999999999997,0.020415666346585797,20199.599999999988,1417.9999999999989,0.020408308475588194,20192.319999999985,0.0,0.0,,743.999999999999,0.022152689892096393,21918.23999999997,736.0,0.020411866127499137,20195.84,112.99999999999987,0.020539294750490534,20321.919999999976,381.99999999999983,0.020435536641065587,20219.25999999999,861.999999999998,0.020412694898682884,20196.659999999953,15.000000000000002,0.020877453607410532,20656.5,908.0000000000007,0.02040992559009319,20193.920000000013,380.0000000000003,0.020428401123312442,20212.200000000015,661.0000000000005,0.0204362744495585,20219.990000000013,842.9999999999994,0.020422852399167243,20206.709999999985,1362.0,0.021254221073136598,21029.28,3974.9999999999927,0.020408995749252784,20192.999999999964,470.0,0.020416677043151414,20200.6,1175.9999999999998,0.020419789988573474,20203.679999999997,816.9999999999999,0.020899456471643738,20678.269999999997,4023.999999999996,0.023019463266758872,22775.83999999998
2025-06-23 00:00:00,282.29000000003,993195.6199999998,240.9999999999995,0.0204433543514821,20304.249999999956,54.000000000000064,0.020671456444803924,20530.800000000025,78.00000000000003,0.020545378562986428,20405.58000000001,152.0,0.020429490013256408,20290.480000000003,114.00000000000003,0.020468898161270597,20329.620000000006,317.99999999999943,0.024913098187041908,24743.579999999958,2668.000000000001,0.020415716291620388,20276.800000000007,164.9999999999998,0.020467267062655774,20327.999999999975,313.0000000000003,0.02045917198064166,20319.960000000017,305.0,0.020442951611083428,20303.85,3652.9999999999945,0.020413048136478866,20274.14999999997,2325.999999999999,0.02142870907948627,21282.899999999994,1433.9999999999968,0.021195341155451287,21051.11999999995,1109.0000000000014,0.020422572946908513,20283.610000000022,359.99999999999966,0.021552249696791842,21405.59999999998,2351.9999999999986,0.020413138753068598,20274.239999999987,3992.9999999999927,0.02223256884680982,22081.28999999996,2754.999999999997,0.02130335613038646,21158.399999999976,3761.000000000006,0.020600010298072034,20459.840000000033,3666.000000000003,0.020411870120812678,20272.980000000018,523.0,0.020768436332814277,20627.12,582.9999999999993,0.02043326570449433,20294.229999999978,2875.999999999995,0.020414709440623558,20275.799999999963,2566.000000000005,0.02041027929623778,20271.40000000004,385.99999999999966,0.020423267674096253,20284.29999999998,3672.00000000001,0.020408305868284092,20269.440000000053,1031.0000000000007,0.020408326005303987,20269.460000000014,1142.0000000000005,0.020708327328306193,20567.42000000001,874.9999999999994,0.02043026528852392,20291.24999999999,153.99999999999997,0.020471918714260944,20332.619999999995,553.9999999999997,0.020420891505743846,20281.939999999988,1419.999999999999,0.02043081905657215,20291.799999999985,0.0,0.0,,682.999999999999,0.020430949947201717,20291.92999999997,809.0,0.022065955143861796,21915.81,132.99999999999986,0.023315275997693168,23156.629999999976,388.99999999999983,0.020719080496951845,20578.09999999999,902.999999999998,0.021211319880770272,21066.98999999995,15.000000000000002,0.0206672276706174,20526.600000000002,943.0000000000006,0.021059033667506527,20915.740000000013,415.00000000000034,0.021949301387374245,21799.95000000002,654.0000000000003,0.020439236330905303,20300.16000000001,841.9999999999994,0.020414266426184994,20275.359999999986,1309.0,0.020415323619731633,20276.41,3966.9999999999923,0.020410249090707797,20271.369999999963,468.99999999999994,0.020418495200371506,20279.559999999998,1168.9999999999998,0.020421102944453182,20282.149999999998,789.9999999999999,0.020410279296237736,20271.399999999998,3606.999999999996,0.02041021888517791,20271.33999999998
2025-06-24 00:00:00,273.8600000000333,1004681.4499999996,240.9999999999995,0.020425528907695036,20521.149999999958,51.00000000000005,0.020636929247573974,20733.540000000023,77.00000000000004,0.020514552149838158,20610.59000000001,150.0,0.020461709529921157,20557.5,118.00000000000004,0.021007136142505684,21105.48000000001,260.9999999999994,0.02048395538705324,20579.849999999948,2780.0000000000014,0.02114023305596019,21239.200000000008,163.9999999999998,0.020500786592606027,20596.759999999977,309.0000000000003,0.020449675864922183,20545.410000000018,303.0,0.020456722874698248,20552.489999999998,3711.9999999999945,0.020690339211498304,20787.199999999968,2231.999999999999,0.020416501170594917,20512.07999999999,1404.999999999997,0.020417416883729625,20512.999999999956,1182.0000000000014,0.02155333912057402,21654.240000000027,338.99999999999966,0.02045779784229119,20553.56999999998,2802.9999999999986,0.023686582448596016,23797.46999999999,3654.9999999999927,0.020409006257655064,20504.54999999996,2652.999999999997,0.020412131626397583,20507.689999999977,3708.000000000006,0.0204096930425062,20505.240000000034,4158.000000000004,0.022721052528639825,22827.42000000002,504.00000000000006,0.020447316908259832,20543.04,575.9999999999993,0.02043298400702032,20528.639999999978,2863.9999999999945,0.020410688382869982,20506.23999999996,2554.000000000005,0.020413057292936028,20508.62000000004,378.99999999999966,0.020461172046124656,20556.95999999998,3668.0000000000105,0.020408578261298705,20504.120000000057,1162.0000000000007,0.022599680724671504,22705.480000000014,1129.0000000000005,0.020418342550268063,20513.93000000001,912.9999999999994,0.02116468856870005,21263.769999999986,157.99999999999994,0.02085003161947501,20947.639999999996,596.9999999999997,0.021754328200246947,21856.169999999987,1413.999999999999,0.02042153759283601,20517.139999999985,0.0,0.0,,744.9999999999989,0.021978906846543224,22081.799999999967,755.0000000000001,0.02043279489235121,20528.450000000004,116.99999999999986,0.0204715932597342,20567.429999999975,388.9999999999998,0.02042800730520106,20523.63999999999,872.9999999999978,0.020419905234639255,20515.49999999995,15.0,0.02068775132655232,20784.600000000002,931.0000000000006,0.02042362780760013,20519.240000000013,386.0000000000004,0.02045488149502514,20550.64000000002,713.0000000000003,0.02197162095507986,22074.48000000001,841.9999999999994,0.020407164877981963,20502.699999999986,1282.9999999999998,0.02041957677231923,20515.17,4013.999999999992,0.020615728497823827,20712.239999999958,468.99999999999994,0.020418471944515352,20514.059999999998,1159.9999999999998,0.020424782402422185,20520.399999999998,778.9999999999999,0.02042324957826185,20518.859999999997,4089.9999999999955,0.022715856851940466,22822.199999999975
2025-06-25 00:00:00,373.7300000000323,1017287.2399999996,234.9999999999995,0.020418667592842273,20771.649999999954,51.00000000000005,0.020511050546549687,20865.63000000002,75.00000000000004,0.020500109683868655,20854.50000000001,153.99999999999997,0.020875716479054632,21236.6,116.00000000000004,0.020583331016714623,20939.160000000007,257.99999999999943,0.020436351880320405,20789.639999999952,2704.000000000002,0.020413821370648486,20766.720000000012,162.9999999999998,0.020498232141395956,20852.589999999975,308.0000000000002,0.020424595122219384,20777.680000000015,310.0,0.020819291904221666,21179.199999999997,3668.999999999994,0.02041364442947301,20766.539999999968,2363.999999999999,0.02147216552131333,21843.359999999993,1642.999999999997,0.02341865607200574,23823.499999999956,1107.0000000000014,0.02042529305685583,20778.390000000025,347.99999999999966,0.020884366936520293,21245.39999999998,2451.999999999998,0.020415512141880393,20768.439999999988,3886.9999999999927,0.021550137599288047,21922.679999999957,3037.9999999999964,0.022995078558146448,23392.599999999973,3939.000000000007,0.02152866873666875,21900.840000000037,3775.000000000004,0.020409673083091093,20762.500000000022,498.0,0.02043328489994626,20786.52,561.9999999999993,0.020418539801993367,20771.519999999975,3036.9999999999945,0.0214948139917689,21866.39999999996,2545.0000000000045,0.020414293213783005,20767.200000000037,375.9999999999997,0.020450546494616396,20804.079999999984,3726.0000000000095,0.020694155172928407,21051.900000000056,1078.0000000000007,0.020409456821654442,20762.280000000013,1046.0000000000005,0.02042054513531499,20773.56000000001,883.9999999999992,0.02042097765818825,20773.99999999998,153.99999999999994,0.020423081292162866,20776.139999999992,562.9999999999997,0.020427200089524363,20780.329999999987,1449.9999999999989,0.020867262622894976,21227.999999999985,0.0,0.0,,693.9999999999987,0.020425263566659864,20778.359999999964,806.0,0.021621956056383843,21995.739999999998,129.99999999999983,0.02238895673163066,22775.999999999967,387.9999999999998,0.020458646468425174,20812.31999999999,895.999999999998,0.02088314800842283,21244.159999999953,15.0,0.02041163909615145,20764.5,949.0000000000005,0.02075642863661596,21115.25000000001,397.0000000000004,0.020921495093165647,21283.17000000002,659.0000000000003,0.020412219070004275,20765.09000000001,846.9999999999994,0.020515424925609007,20870.079999999987,1333.0,0.021109701523436,21474.63,3984.9999999999923,0.020409034128846405,20761.84999999996,466.99999999999994,0.020423759566668705,20776.829999999998,1274.9999999999998,0.022183999870085857,22567.499999999996,756.9999999999999,0.020433973004517388,20787.219999999998,3713.9999999999945,0.020408454154993604,20761.25999999997
2025-06-26 00:00:00,489.44000000003143,1015440.1699999997,251.99999999999946,0.021660124003169936,21994.559999999954,51.00000000000005,0.020527767775820834,20844.720000000023,75.00000000000004,0.020383771108838468,20698.500000000015,146.99999999999997,0.020507382527520063,20824.019999999997,116.00000000000004,0.02041171957969716,20726.88000000001,274.99999999999943,0.02155715387938608,21889.999999999953,2624.0000000000023,0.020414398221019783,20729.60000000002,175.9999999999998,0.021783341504010012,22119.679999999975,375.0000000000002,0.024126236802312066,24498.750000000015,293.0,0.02043474407753635,20750.26,3642.9999999999945,0.020413482362038105,20728.66999999997,2252.9999999999986,0.02041242863181195,20727.599999999988,1435.9999999999973,0.020420543339348063,20735.83999999996,1105.0000000000016,0.020414595179940574,20729.800000000032,340.9999999999997,0.020434340311748737,20749.849999999984,2432.999999999998,0.02041396491139403,20729.15999999998,3642.9999999999923,0.020413482362038094,20728.66999999996,2708.999999999996,0.020408735652047306,20723.84999999997,3728.000000000007,0.02041250741538031,20727.680000000037,3741.0000000000036,0.020410006037086387,20725.14000000002,515.0,0.021001877441976718,21326.149999999998,596.9999999999993,0.021494442159009707,21826.319999999978,2858.999999999995,0.02041257635100251,20727.749999999964,2543.0000000000045,0.020410311323413612,20725.450000000037,379.9999999999997,0.020593433880008893,20911.399999999983,3630.0000000000095,0.020412133193430847,20727.300000000054,1157.0000000000007,0.021682921998250296,22017.710000000014,1375.0000000000002,0.025714218101101922,26111.250000000004,877.9999999999993,0.02042302502174992,20738.359999999986,153.99999999999994,0.020472363231405354,20788.459999999995,562.9999999999997,0.020403368521456064,20718.399999999987,1432.999999999999,0.020420218357128803,20735.509999999987,0.0,0.0,,686.9999999999987,0.02041163094818277,20726.789999999964,754.0000000000001,0.02043456681450765,20750.08,117.99999999999982,0.020458024621972534,20773.89999999997,386.9999999999997,0.02043922489298409,20754.809999999987,881.9999999999982,0.020411837755049577,20726.999999999956,15.0,0.02062218988244281,20940.6,936.0000000000005,0.020417155645910696,20732.40000000001,390.00000000000045,0.020420996344865924,20736.300000000025,654.0000000000003,0.020410124212438846,20725.260000000013,893.9999999999995,0.021376266806541637,21706.31999999999,1299.0,0.020416801119853282,20732.04,4097.999999999993,0.020904865325546425,21227.63999999996,461.99999999999994,0.020414733051185085,20729.939999999995,1177.9999999999995,0.020417549563752243,20732.799999999992,832.9999999999999,0.022149015436330438,22490.999999999996,3687.9999999999945,0.020411404445423876,20726.55999999997
2025-06-27 00:00:00,870.9400000000351,1008149.8099999997,236.99999999999943,0.02042410740522776,20590.55999999995,57.00000000000005,0.022160545762539032,22341.15000000002,75.00000000000004,0.020357837492425875,20523.75000000001,150.99999999999997,0.020805846305719192,20975.409999999996,115.00000000000003,0.02047448682254874,20641.350000000006,257.9999999999995,0.020460352018515947,20627.09999999996,2479.0000000000027,0.02040936753239088,20575.700000000026,161.9999999999998,0.020423750315441695,20590.199999999975,315.0000000000002,0.02045945929405078,20626.200000000015,299.00000000000006,0.020719281790074446,20888.140000000003,4109.9999999999945,0.022381495067682434,22563.899999999972,2246.9999999999986,0.020416132400005116,20582.51999999999,1420.9999999999973,0.02040974446049836,20576.07999999996,1052.0000000000016,0.0204107760532138,20577.120000000028,340.9999999999997,0.020409605592248234,20575.939999999984,2505.9999999999977,0.02088023009199396,21050.399999999983,3722.999999999992,0.020754117882539665,20923.259999999955,2747.9999999999955,0.020634195229377643,20802.359999999968,3754.000000000007,0.020517327677718897,20684.540000000037,4176.000000000004,0.022202414539958137,22383.360000000022,509.0,0.020432707317576154,20599.23,573.9999999999994,0.02042863054251827,20595.11999999998,3160.999999999995,0.022042190336771454,22221.829999999965,2846.0000000000045,0.022245185961003205,22426.480000000036,378.99999999999983,0.020454688177742153,20621.38999999999,4094.000000000009,0.02237558324789057,22557.94000000005,1069.0000000000007,0.02042250050119042,20588.940000000013,1095.0000000000002,0.02040872278694375,20575.050000000003,950.9999999999993,0.02169618025321058,21872.999999999985,159.99999999999994,0.021015924210708328,21187.19999999999,560.9999999999997,0.02041669779216642,20583.089999999986,1412.9999999999993,0.020420982869599508,20587.40999999999,0.0,0.0,,756.9999999999989,0.021985780069729892,22164.959999999966,750.0000000000002,0.0204136327715025,20580.000000000007,121.99999999999983,0.020918438699105625,21088.919999999973,374.9999999999998,0.020424791827317802,20591.249999999985,871.9999999999981,0.020430138254948407,20596.639999999956,15.0,0.020519718195453524,20686.95,931.0000000000003,0.020418007121382108,20584.410000000007,386.0000000000004,0.020441942056210905,20608.540000000023,647.0000000000003,0.020421111818688952,20587.54000000001,843.9999999999995,0.02042712283008812,20593.599999999988,1290.0,0.02040916914917636,20575.5,3956.9999999999923,0.020410061873641548,20576.39999999996,525.0,0.022501864083077108,22685.25,1167.9999999999995,0.02041379147807408,20580.159999999993,761.9999999999999,0.020415239675539897,20581.62,3712.9999999999945,0.02051422298041199,20681.40999999997
2025-06-30 00:00:00,201.2100000000355,1015752.7599999998,235.9999999999994,0.020485418124780636,20808.119999999948,52.00000000000006,0.02061462279462576,20939.360000000022,75.00000000000004,0.020611561025933138,20936.25000000001,146.99999999999994,0.0204345002222785,20756.39999999999,114.00000000000001,0.020426230493333843,20748.000000000004,253.9999999999995,0.02045497764633193,20777.199999999957,2462.0000000000027,0.020408549025256923,20730.040000000023,171.99999999999983,0.021510313198656712,21849.159999999978,300.0000000000002,0.02043804439182624,20760.00000000002,295.00000000000006,0.02042559057383217,20747.350000000002,3762.999999999995,0.020412575595659694,20734.129999999972,2428.999999999998,0.021856755771945915,22201.059999999983,1512.999999999997,0.02156847695890087,21908.239999999958,1253.0000000000016,0.023783189129606738,24157.840000000033,343.9999999999997,0.020563744271785183,20887.679999999982,2488.9999999999977,0.020411827382088518,20733.36999999998,3708.999999999992,0.02041176831259603,20733.309999999954,2738.9999999999955,0.020412674044813794,20734.229999999967,3884.000000000007,0.02103070829952758,21362.000000000036,3875.000000000003,0.020409740260021566,20731.250000000015,532.9999999999999,0.021251726650489244,21586.499999999996,569.9999999999994,0.020443065298685465,20765.09999999998,2911.9999999999945,0.02041189629649637,20733.439999999962,2645.0000000000045,0.020415204188074312,20736.800000000036,388.9999999999999,0.020883201931934697,21212.169999999995,3763.000000000009,0.02041257559565977,20734.13000000005,1161.0000000000007,0.021945497839454573,22291.20000000001,1197.0000000000002,0.022072113296546705,22419.810000000005,909.9999999999991,0.020408312747287036,20729.79999999998,154.99999999999997,0.020449415269125137,20771.549999999996,555.9999999999997,0.020417173171156325,20738.799999999985,1380.9999999999993,0.020420933928843074,20742.619999999988,0.0,0.0,,709.9999999999989,0.02041047862867729,20731.999999999967,807.0000000000001,0.021768880056993407,22111.800000000003,119.99999999999983,0.020413235204992185,20734.79999999997,354.9999999999998,0.020438438188442622,20760.399999999987,939.9999999999981,0.02180294346431307,22146.399999999954,14.999999999999998,0.020461081493886372,20783.399999999998,933.0000000000003,0.020446491329248286,20768.58000000001,383.0000000000004,0.020459289719281716,20781.58000000002,638.0000000000003,0.02043855632742757,20760.52000000001,832.9999999999997,0.020420028196625323,20741.69999999999,1367.0,0.021478966987990275,21817.32,4013.9999999999923,0.02066764750902569,20993.21999999996,483.00000000000006,0.020418374250836403,20740.02,1229.9999999999995,0.021360709864081492,21697.199999999993,799.0,0.021277766451749544,21612.95,3904.999999999994,0.021336639045903234,21672.749999999967
2025-07-01 00:00:00,970.7100000000319,1015656.6399999997,236.99999999999943,0.020478495567163288,20799.11999999995,73.00000000000006,0.027085974645919737,27510.050000000025,77.00000000000003,0.020852371919707055,21178.85000000001,181.99999999999994,0.024443910493215502,24826.61999999999,114.00000000000001,0.02048316249869642,20803.860000000004,253.9999999999995,0.02045691347028457,20777.199999999957,2433.0000000000027,0.020409614020738376,20729.16000000002,163.99999999999983,0.020516618687197265,20837.83999999998,295.0000000000002,0.02043333266644131,20753.250000000015,326.00000000000006,0.02222749215719203,22575.500000000004,3741.999999999995,0.02041111058949999,20730.67999999997,2265.999999999998,0.020414280952271418,20733.899999999983,1411.999999999997,0.02040862943602669,20728.159999999956,1054.0000000000016,0.02042296498942796,20742.72000000003,343.9999999999997,0.02044375941853734,20763.839999999982,2461.9999999999977,0.020410480455284558,20730.03999999998,3797.9999999999914,0.02082875173247522,21154.859999999953,2758.999999999995,0.020536507298371986,20858.03999999996,3776.000000000007,0.020410677372226942,20730.240000000038,3839.0000000000027,0.020411031822723105,20730.600000000017,510.99999999999994,0.020436847633861777,20756.819999999996,572.9999999999994,0.020496188554431135,20817.08999999998,2882.9999999999945,0.020409230032700783,20728.76999999996,2611.0000000000045,0.02041176041540972,20731.340000000037,378.9999999999998,0.020430378912306424,20750.24999999999,3708.0000000000086,0.020408196218753668,20727.72000000005,1080.0000000000007,0.020426982095051355,20746.800000000014,1101.0000000000002,0.020423083139593328,20742.840000000004,901.9999999999991,0.020417313473183204,20736.979999999978,152.99999999999997,0.020517366971578112,20838.599999999995,549.9999999999997,0.020415363995454208,20734.99999999999,1480.9999999999993,0.021668405574545347,22007.65999999999,0.0,0.0,,704.999999999999,0.020428311284412,20748.14999999997,763.0000000000001,0.0204261648897407,20745.970000000005,128.99999999999983,0.0216960920966361,22035.77999999997,380.99999999999983,0.02168232760236766,22021.79999999999,880.9999999999983,0.020419046342275638,20738.739999999958,14.999999999999998,0.02039773992911621,20717.1,980.0000000000003,0.02128553996358456,21618.800000000007,390.0000000000004,0.02072767426598031,21052.20000000002,622.0000000000005,0.02041168164863277,20731.260000000013,837.9999999999995,0.020511538230085315,20832.67999999999,1306.9999999999998,0.020422344701059605,20742.089999999997,3955.9999999999927,0.02040988970445757,20729.439999999962,477.99999999999994,0.020444232019198934,20764.319999999996,1189.9999999999995,0.020410244154953787,20729.799999999996,773.0,0.02041227239945973,20731.86,3721.999999999994,0.02041195733235198,20731.539999999968
2025-07-02 00:00:00,515.6900000000242,1015518.3399999997,267.99999999999943,0.022722189340273223,23074.79999999995,57.00000000000006,0.020477532685426465,20795.31000000002,77.00000000000003,0.02051779783711244,20836.200000000008,152.99999999999997,0.020410177919583414,20726.909999999996,132.00000000000003,0.023199344681455986,23559.360000000004,294.9999999999995,0.023256793176182292,23617.69999999996,2399.0000000000027,0.020410621043042938,20727.360000000026,189.99999999999983,0.023201845867205105,23561.89999999998,309.0000000000002,0.02125382590333132,21583.650000000012,304.00000000000006,0.02041897145845737,20735.840000000004,3740.9999999999955,0.020408434967309385,20725.139999999974,2255.9999999999986,0.020415820358300956,20732.639999999985,1409.999999999997,0.020410266544275274,20726.999999999956,1039.0000000000016,0.020411300499014167,20728.050000000032,342.9999999999997,0.02041074905648675,20727.489999999983,2556.9999999999977,0.02110021961789483,21427.65999999998,3714.999999999992,0.020412925285032236,20729.699999999953,2745.9999999999945,0.020415485553909315,20732.29999999996,3728.0000000000077,0.02041093615305859,20727.68000000004,3838.0000000000027,0.02040849405043736,20725.200000000015,531.0,0.021108894990512928,21436.469999999998,589.9999999999994,0.020938666651751446,21263.59999999998,2874.9999999999945,0.02041198980217331,20728.74999999996,2607.0000000000045,0.020408937173896875,20725.650000000038,377.9999999999998,0.020420192509767964,20737.079999999987,3695.000000000008,0.02041218674593317,20728.950000000048,1058.0000000000007,0.020419916788504303,20736.800000000014,1128.0000000000002,0.02084901785230192,21172.560000000005,887.999999999999,0.020409203047972512,20725.919999999976,165.99999999999997,0.02191879666102338,22258.939999999995,541.9999999999997,0.020441383658319743,20758.599999999984,1331.9999999999993,0.020409203047972526,20725.91999999999,0.0,0.0,,722.999999999999,0.020867304080396987,21191.12999999997,759.0,0.020426484862892783,20743.469999999998,120.99999999999983,0.020496350661672914,20814.419999999973,366.99999999999983,0.020429478408041355,20746.50999999999,850.9999999999981,0.020413575199439492,20730.359999999953,14.999999999999998,0.020466986347090498,20784.6,941.0000000000005,0.020413447185995692,20730.23000000001,383.00000000000045,0.020445155131319472,20762.430000000026,668.0000000000005,0.021726874967122726,22064.040000000015,881.9999999999995,0.02134827028333136,21679.559999999987,1294.9999999999998,0.02041612562112862,20732.949999999997,4077.9999999999927,0.020961866626652916,21287.15999999996,472.99999999999994,0.020442732723074213,20759.969999999998,1158.9999999999995,0.020417661782454858,20734.50999999999,798.0,0.0209888676161181,21314.58,3700.999999999994,0.02040888793795686,20725.599999999966
2025-07-03 00:00:00,196.17000000002736,1016593.1999999997,240.99999999999943,0.020444598685098382,20783.83999999995,57.00000000000006,0.02053886451335699,20879.67000000002,77.00000000000003,0.02049913377347007,20839.280000000006,155.99999999999997,0.02075768360441522,21102.12,117.00000000000003,0.020453845254916135,20793.240000000005,252.99999999999952,0.02043226336749052,20771.29999999996,2396.000000000003,0.020410681480065015,20749.36000000003,166.99999999999983,0.020475132039049628,20814.87999999998,295.0000000000002,0.02042031168416238,20759.150000000016,303.00000000000006,0.02047335158252092,20813.070000000003,3964.999999999996,0.02149055295667921,21847.149999999976,2269.9999999999986,0.02052079435510683,20861.299999999985,1388.9999999999968,0.02041294393863736,20751.659999999953,1034.0000000000016,0.02041365218653837,20752.380000000034,342.9999999999997,0.020406038521603317,20744.63999999998,2490.9999999999977,0.020411340544083893,20750.02999999998,3990.999999999992,0.02174925033927038,22110.139999999956,2931.999999999995,0.021631071307579047,21989.999999999964,3699.000000000008,0.020412678345674604,20751.390000000047,3940.000000000003,0.020889968573466772,21236.600000000017,514.0,0.02042665640494153,20765.6,575.9999999999994,0.02043720142924425,20776.319999999978,3045.999999999995,0.021483342599576672,21839.819999999963,2753.0000000000045,0.021420790538437637,21776.230000000036,379.9999999999998,0.020502793054291524,20842.99999999999,3908.000000000008,0.021450704175475552,21806.640000000047,1194.0000000000007,0.022715044719952896,23091.960000000014,1101.0000000000002,0.02041509819266941,20753.850000000006,882.9999999999987,0.02042048874613757,20759.329999999973,153.99999999999997,0.020493074319206543,20833.119999999995,691.9999999999997,0.025294995087513858,25714.719999999987,1359.9999999999993,0.020789436718640253,21134.399999999987,0.0,0.0,,711.9999999999989,0.020416032686427544,20754.799999999967,775.0,0.020789289166994237,21134.25,120.99999999999983,0.020474679547335138,20814.419999999973,364.9999999999998,0.020425918646711384,20764.849999999988,845.9999999999981,0.020413652186538293,20752.379999999954,14.999999999999998,0.02053387726772125,20874.6,991.0000000000005,0.02136815394791153,21722.720000000012,381.0000000000004,0.02044806123039189,20787.360000000022,624.0000000000005,0.02041548182694909,20754.240000000013,842.9999999999995,0.020424187374064665,20763.08999999999,1281.9999999999998,0.020416799954986915,20755.579999999998,3974.999999999993,0.02041081919493458,20749.499999999964,498.99999999999994,0.021401284210832813,21756.399999999998,1188.9999999999995,0.020877229948026408,21223.649999999994,766.0,0.020419770661460265,20758.600000000002,3919.999999999994,0.0214780110667669,21834.39999999997
2025-07-04 00:00:00,578.8100000000231,1021268.9899999996,255.99999999999946,0.02150736017158414,21964.799999999952,57.00000000000006,0.020450968554327716,20885.94000000002,79.00000000000003,0.0208625741196744,21306.300000000007,153.99999999999994,0.020427899215856932,20862.379999999994,116.00000000000004,0.020518981977510172,20955.40000000001,275.99999999999955,0.022003918869601603,22471.919999999962,2750.000000000003,0.022995900423844293,23485.000000000025,181.9999999999998,0.02198750791405111,22455.159999999974,301.0000000000002,0.020769719053155646,21211.470000000016,309.0,0.020752916428021583,21194.31,3728.9999999999955,0.020410988881587388,20845.109999999975,2258.9999999999986,0.02041633517140278,20850.56999999999,1451.999999999997,0.021212667976925417,21663.839999999956,1169.0000000000016,0.02269849591731953,23181.27000000003,342.9999999999997,0.02041336827430743,20847.539999999983,2487.9999999999977,0.020415228704829265,20849.439999999984,3762.9999999999923,0.020412859103848796,20847.019999999957,2771.999999999995,0.0204113120089938,20845.439999999962,3689.0000000000077,0.020408775948440434,20842.850000000046,3797.0000000000027,0.020411400134650152,20845.530000000017,513.0,0.02041915519240431,20853.45,590.9999999999994,0.0208676266573021,21311.45999999998,2862.9999999999955,0.020408570321908993,20842.639999999967,2586.0000000000045,0.02040907949236767,20843.160000000036,374.99999999999983,0.020423120846937686,20857.49999999999,3683.000000000008,0.020411644928139894,20845.780000000046,1079.0000000000007,0.0204226998021354,20857.07000000001,1110.0,0.020552959313882634,20990.1,858.9999999999989,0.020413750152151373,20847.92999999997,158.99999999999997,0.02098216063527005,21428.429999999997,551.9999999999997,0.02043645719625737,20871.119999999988,1338.9999999999993,0.020414043904339048,20848.22999999999,0.0,0.0,,721.9999999999989,0.020657476342251395,21096.839999999967,764.0000000000001,0.020415346205704343,20849.56,120.99999999999983,0.02039041643671172,20824.09999999997,356.9999999999998,0.020428584637628127,20863.079999999987,846.999999999998,0.020427145251908568,20861.60999999995,14.999999999999998,0.020537096695749085,20973.899999999998,953.0000000000006,0.020417382887538783,20851.64000000001,415.0000000000004,0.021979860565432455,22447.350000000024,713.0000000000005,0.022906335381827295,23393.530000000017,925.9999999999995,0.022141982397800995,22612.91999999999,1228.9999999999998,0.02042177937861405,20856.129999999994,4054.9999999999936,0.020765978608632753,21207.64999999997,473.9999999999999,0.020449499793389402,20884.439999999995,1163.9999999999995,0.02042447210700092,20858.879999999994,792.0,0.021008451456065464,21455.28,3728.9999999999945,0.02041098888158738,20845.109999999968
2025-07-07 00:00:00,752.980000000025,1019681.9299999998,243.99999999999946,0.02045453526865967,20857.119999999955,61.00000000000006,0.02167611227552108,22102.74000000002,81.00000000000003,0.020852090612216708,21262.500000000007,153.99999999999994,0.020530676659142127,20934.75999999999,116.00000000000004,0.020505413879404546,20909.000000000007,259.99999999999955,0.020413816688896285,20815.599999999966,2472.0000000000027,0.020412482939655537,20814.240000000023,169.9999999999998,0.020433038369131424,20835.199999999975,300.00000000000017,0.02044461060519138,20847.00000000001,307.0,0.020464018618041025,20866.79,3702.9999999999955,0.020409168180512898,20810.859999999975,2237.9999999999986,0.02041165915335971,20813.39999999999,1401.9999999999975,0.020417837550578116,20819.69999999996,1063.0000000000016,0.020411796451075714,20813.54000000003,349.9999999999998,0.020783441754234078,21192.499999999985,2661.9999999999973,0.02169423557402845,22121.21999999998,3756.999999999992,0.020412031818588725,20813.779999999955,2919.999999999995,0.021391376426568593,21812.39999999996,3658.000000000008,0.0204122671861019,20814.020000000048,3730.0000000000027,0.020411659153359737,20813.400000000016,532.0,0.021088379981392832,21503.440000000002,567.9999999999995,0.020415385805650187,20817.199999999983,2898.999999999995,0.020640495217954847,21046.73999999996,2714.0000000000045,0.021319530493200015,21739.140000000036,374.99999999999983,0.020403421290401798,20804.99999999999,3645.0000000000086,0.020411217839272737,20812.950000000048,1198.0000000000005,0.022428386075253895,22869.820000000007,1104.0,0.02040871705944618,20810.4,847.9999999999989,0.0204248789620112,20826.879999999972,153.0,0.020436372742233457,20838.6,709.9999999999998,0.025567972946230397,26071.19999999999,1404.9999999999995,0.0213158136478892,21735.349999999995,0.0,0.0,,709.999999999999,0.020415385805650176,20817.19999999997,870.0000000000001,0.022942742547178423,23394.300000000003,120.99999999999983,0.020468431758911308,20871.28999999997,347.9999999999998,0.020463322322481475,20866.079999999987,912.9999999999981,0.02183825107109622,22268.069999999952,14.999999999999998,0.020399596568314204,20801.1,946.0000000000007,0.020419563579007448,20821.460000000017,384.00000000000045,0.02044872953667035,20851.200000000023,627.0000000000005,0.020414601247273276,20816.400000000016,852.9999999999995,0.020428193721153808,20830.25999999999,1206.9999999999998,0.02041886728344789,20820.749999999996,3971.999999999994,0.02041154146960315,20813.27999999997,470.9999999999999,0.02041174741617712,20813.489999999994,1153.9999999999995,0.020416327275702528,20818.159999999993,765.0,0.020421368063274402,20823.3,3876.999999999994,0.021140043150514567,21556.119999999966
2025-07-08 00:00:00,933.7000000000298,1028130.2599999998,241.9999999999994,0.02041675147271704,20991.079999999947,58.00000000000005,0.02049318147682962,21069.660000000018,78.00000000000004,0.020641586796599113,21222.24000000001,153.99999999999994,0.02049228664858089,21068.739999999994,114.00000000000004,0.020424260248891043,20998.800000000007,253.99999999999955,0.02043106872469639,21005.799999999963,2457.0000000000027,0.02040867856569072,20982.78000000002,168.99999999999983,0.02049276324188725,21069.229999999978,300.00000000000017,0.020440017007183522,21015.00000000001,305.0,0.020457329988517216,21032.8,4036.999999999995,0.021988653461089625,22607.19999999997,2468.9999999999986,0.022213381794637572,22838.24999999999,1550.9999999999975,0.022266400368373525,22892.759999999962,1120.0000000000016,0.02135138012570512,21952.000000000033,343.9999999999997,0.020439978101607467,21014.959999999985,2512.9999999999973,0.020409427498029268,20983.549999999977,3935.9999999999923,0.02124711318194249,21844.799999999956,2816.9999999999955,0.020412442680171644,20986.649999999965,3932.000000000008,0.021722694943343123,22333.760000000046,3727.000000000003,0.020408902272752893,20983.010000000017,520.0,0.020438266256262123,21013.199999999997,589.9999999999995,0.02108925380719753,21682.49999999998,2878.999999999995,0.020413668205816613,20987.909999999963,2623.0000000000045,0.020409865185759674,20984.000000000036,397.99999999999983,0.021484631723610582,22088.99999999999,3676.0000000000086,0.02055867901407751,21137.00000000005,1098.0000000000005,0.02040867856569071,20982.78000000001,1110.0,0.02050216866489272,21078.899999999998,889.9999999999989,0.021277654059126686,21876.19999999997,151.0,0.020469069746084513,21044.87,571.9999999999999,0.020440289346215723,21015.279999999995,1273.9999999999995,0.02040867856569069,20982.77999999999,0.0,0.0,,815.999999999999,0.02300066530480289,23647.67999999997,777.0000000000001,0.020412559396899774,20986.770000000004,119.99999999999983,0.0205304724714551,21107.99999999997,367.9999999999998,0.021418608961086306,22021.119999999988,863.999999999998,0.020420758747048216,20995.19999999995,14.999999999999998,0.020310899126731282,20882.25,1024.0000000000007,0.021851861455765363,22466.560000000016,380.0000000000004,0.020439044367782763,21014.000000000022,698.0000000000003,0.022383408888286216,23013.060000000012,842.9999999999995,0.020408182519596293,20982.26999999999,1208.9999999999998,0.02043750759752952,21012.419999999995,4043.9999999999936,0.0207287741924841,21311.879999999965,470.9999999999999,0.020436427967794664,21011.309999999994,1118.9999999999995,0.02041807426230213,20992.43999999999,765.0,0.020424697936621383,20999.25,3753.999999999995,0.02041070165564427,20984.85999999997
2025-07-09 00:00:00,480.1400000000285,1022063.3999999998,248.99999999999935,0.02091518980133713,21376.649999999943,60.00000000000005,0.02101924401167288,21483.00000000002,78.00000000000004,0.020533638128515334,20986.68000000001,154.99999999999994,0.02051878582091874,20971.499999999993,118.00000000000004,0.021019322284703684,21483.08000000001,287.9999999999996,0.022768059202589556,23270.39999999997,3531.0000000000027,0.027845493733559025,28459.860000000022,174.99999999999983,0.021039790682260986,21503.999999999978,306.00000000000017,0.020762997677052145,21221.10000000001,306.0,0.020466597277624857,20918.16,3678.999999999995,0.02040962429532256,20859.92999999997,2245.9999999999986,0.02041491750903123,20865.339999999986,1421.9999999999975,0.02041041680975952,20860.73999999996,1117.0000000000016,0.02041513275986601,20865.56000000003,342.9999999999997,0.02044784110261652,20898.989999999983,2495.999999999997,0.020416111172751102,20866.559999999972,3738.9999999999927,0.02041323463886875,20863.61999999996,2777.9999999999955,0.02041241277204523,20862.779999999966,3653.0000000000086,0.020408352358571937,20858.63000000005,3699.0000000000036,0.02041200183863352,20862.36000000002,591.0,0.022811647496623014,23314.95,579.9999999999997,0.020440610631395267,20891.59999999999,2826.9999999999955,0.0204128824102301,20863.259999999966,2588.000000000004,0.020408988326947274,20859.280000000035,379.9999999999998,0.020430239454812683,20880.99999999999,3578.000000000008,0.020409438396874455,20859.74000000005,1090.0000000000002,0.020412236657725943,20862.600000000006,1107.0,0.020416492753776338,20866.95,850.9999999999989,0.020416072036235695,20866.51999999997,150.0,0.020446872473860237,20898.0,571.9999999999999,0.020438497259563357,20889.44,1274.9999999999995,0.02042118913562505,20871.749999999993,0.0,0.0,,718.9999999999991,0.02042902622283508,20879.759999999973,767.0000000000002,0.02041954540197801,20870.070000000007,116.99999999999983,0.020408479552246932,20858.75999999997,351.99999999999983,0.020422999199462572,20873.599999999988,884.9999999999981,0.02084210235881645,21301.949999999953,14.999999999999998,0.020472115526297102,20923.8,951.0000000000006,0.0204145261438772,20864.940000000013,405.00000000000045,0.021572242974359546,22048.200000000023,642.0000000000002,0.02042714767009563,20877.84000000001,896.9999999999997,0.021545972588393244,22021.34999999999,1274.0,0.021364975988769394,21836.36,3920.9999999999936,0.020409418828616674,20859.71999999997,484.9999999999998,0.020936274599012154,21398.19999999999,1109.9999999999998,0.02041752008730574,20867.999999999996,770.0,0.020522014583439743,20974.8,3731.999999999995,0.020411532200448602,20861.879999999972
2025-07-10 00:00:00,632.6800000000258,1027373.8999999997,244.99999999999937,0.020429903854867204,20989.149999999947,60.00000000000005,0.02046032121314355,21020.400000000016,81.00000000000004,0.021058642817381307,21635.100000000013,155.99999999999991,0.020501902958601537,21063.11999999999,117.00000000000003,0.020564917991395357,21127.860000000008,260.9999999999996,0.0204811704872004,21041.81999999997,2599.0000000000027,0.020415089384692397,20973.930000000022,170.9999999999998,0.020435967859413193,20995.379999999976,301.00000000000017,0.020447073845267064,21006.790000000015,324.0,0.02141658455602192,22002.84,3671.9999999999945,0.02040846083397678,20967.11999999997,2418.9999999999986,0.021732467605026753,22327.369999999988,1476.9999999999975,0.02107589067621824,21652.819999999963,1178.0000000000016,0.021349929173789636,21934.36000000003,340.99999999999966,0.02044923469439898,21009.00999999998,2484.9999999999973,0.020414573506295986,20973.399999999976,3772.999999999993,0.02056583294553226,21128.79999999996,2870.9999999999955,0.02098672158208416,21561.209999999966,3591.000000000009,0.020412665729584972,20971.440000000053,3698.000000000003,0.02040898644592784,20967.660000000018,528.0000000000001,0.02043392381293705,20993.280000000002,573.9999999999997,0.020415118585356308,20973.95999999999,2755.999999999995,0.020414339900984412,20973.159999999963,2700.000000000004,0.021155881028318942,21735.000000000036,373.9999999999997,0.020451483145522767,21011.319999999985,3530.0000000000086,0.020409512057878887,20968.20000000005,1084.0000000000005,0.0204165202172257,20975.40000000001,1105.9999999999998,0.02041103049240399,20969.76,911.9999999999989,0.021642130484334846,22234.559999999972,162.00000000000003,0.021780833638074714,22377.060000000005,589.9999999999999,0.02094972434086558,21523.199999999993,1273.9999999999995,0.020411303031934138,20970.039999999994,0.0,0.0,,751.9999999999991,0.021197657444869858,21777.919999999973,796.0000000000002,0.02105881802136497,21635.280000000006,118.99999999999982,0.02068016327843249,21246.259999999966,404.9999999999999,0.022966614199562592,23595.299999999992,872.9999999999981,0.020419235878972555,20978.189999999955,15.0,0.02047754960487122,21038.1,1048.0000000000007,0.022156062169770927,22762.560000000012,372.00000000000045,0.020425397219065066,20984.520000000026,679.0000000000002,0.021400212717103302,21986.020000000008,776.9999999999997,0.020427587268860927,20986.769999999993,1232.0,0.020409940334283366,20968.64,4157.9999999999945,0.021450223720886792,22037.39999999997,463.99999999999983,0.02042753860108768,20986.71999999999,1222.0,0.022135485435244174,22741.42,759.0000000000001,0.020434566227543846,20993.940000000002,3697.999999999995,0.020408986445927795,20967.65999999997
2025-07-11 00:00:00,522.7000000000226,1033765.2699999998,239.99999999999937,0.02046731556381261,21158.399999999943,57.00000000000005,0.02044470888444533,21135.03000000002,79.00000000000004,0.020606563809209815,21302.35000000001,153.99999999999994,0.02045953816962723,21150.359999999993,115.00000000000001,0.02051002351820158,21202.550000000003,254.99999999999957,0.020431765907554595,21121.649999999965,2599.0000000000027,0.020414576318664703,21103.88000000002,171.9999999999998,0.020491615083954192,21183.519999999975,275.0000000000002,0.020430169800538973,21120.00000000002,307.0,0.02041389918235501,21103.179999999997,4303.999999999994,0.023231888995458295,24016.319999999963,2293.9999999999986,0.020415466269243104,21104.799999999985,1438.9999999999973,0.02042062217857248,21110.12999999996,1131.0000000000016,0.02042607796255337,21115.770000000033,340.99999999999966,0.0204514512274145,21141.999999999978,2586.9999999999973,0.021096094667602813,21808.409999999978,3976.999999999993,0.021312942734088916,22032.57999999996,2889.9999999999955,0.020519745260933336,21212.599999999966,3824.0000000000086,0.02149176476009883,22217.44000000005,4297.000000000003,0.02306940530126343,23848.350000000013,527.0000000000001,0.020422063511574547,21111.620000000006,564.9999999999997,0.020429879599263373,21119.69999999999,2999.9999999999945,0.02188117617841811,22619.99999999996,2674.000000000005,0.020408752946401498,21097.860000000037,371.9999999999998,0.02042506225808881,21114.719999999987,3621.0000000000086,0.020841239907392183,21544.95000000005,1136.0000000000005,0.021208683089150415,21924.80000000001,1083.9999999999998,0.020416124058801083,21105.479999999996,883.999999999999,0.020428970301933223,21118.759999999977,161.00000000000006,0.02050802112940011,21200.480000000007,588.9999999999999,0.02040886902691169,21097.979999999996,1414.9999999999995,0.02224271860090637,22993.749999999993,0.0,0.0,,716.9999999999991,0.02043289769252935,21122.819999999974,776.0000000000003,0.020425294419109296,21114.96000000001,118.99999999999982,0.02043143701277561,21121.30999999997,363.9999999999999,0.020443557752718854,21133.839999999993,879.9999999999982,0.020540833220291835,21234.399999999954,15.0,0.02035819988419615,21045.6,972.0000000000006,0.020412873804514654,21102.120000000014,410.00000000000045,0.022099020602617103,22845.200000000026,607.0000000000002,0.020416036998418426,21105.39000000001,710.9999999999997,0.020433855356738764,21123.80999999999,1309.0,0.02145018859068462,22174.460000000003,3980.9999999999936,0.020410145912524196,21099.299999999967,513.9999999999998,0.02219055008493369,22939.819999999992,1140.0,0.02042320496992514,21112.8,752.0,0.020433729602852693,21123.68,4021.9999999999955,0.021865350535523388,22603.639999999974
2025-07-14 00:00:00,1558.3700000000244,1035008.7899999997,247.99999999999937,0.020970797745592046,21704.959999999945,56.00000000000005,0.02046444455800228,21180.88000000002,84.00000000000004,0.021450252610898134,22201.20000000001,161.99999999999991,0.021288340942495758,22033.619999999988,134.00000000000003,0.023174682410185145,23986.000000000004,260.99999999999955,0.020806692859101198,21535.109999999964,2654.0000000000027,0.02077025838592156,21497.40000000002,171.9999999999998,0.020470318904248132,21186.959999999977,270.0000000000002,0.02041287011678425,21127.50000000002,311.0,0.020621979451981277,21343.93,3745.9999999999927,0.02041281214626203,21127.43999999996,2271.999999999999,0.020414899085059942,21129.599999999995,1430.9999999999973,0.020420957004625984,21135.86999999996,1120.0000000000016,0.020408715562695884,21123.20000000003,361.9999999999997,0.02145749892616853,22208.699999999983,2439.9999999999973,0.02041567202535544,21130.399999999976,3826.9999999999927,0.020410493325375492,21125.039999999957,2835.999999999995,0.02041354643954277,21128.199999999964,3605.000000000008,0.020410744530971622,21125.30000000005,3779.0000000000027,0.02041007786996671,21124.610000000015,554.0,0.021281983508565187,22027.039999999997,580.9999999999998,0.020893368451489185,21624.819999999992,2805.9999999999945,0.020414493291404767,21129.17999999996,2647.0000000000045,0.02040858029814418,21123.060000000038,377.9999999999997,0.02067843307881471,21402.359999999982,3515.0000000000086,0.020410599604666214,21125.150000000052,1088.0000000000005,0.020414280732823552,21128.96000000001,1201.9999999999998,0.02225132793316664,23030.319999999996,875.9999999999989,0.02042289901711847,21137.879999999972,172.00000000000006,0.021557150253767424,22311.840000000007,580.0,0.02042030966712853,21135.199999999997,1307.9999999999998,0.02042231931189686,21137.279999999995,0.0,0.0,,711.999999999999,0.020410493325375506,21125.03999999997,814.0000000000003,0.02124246693595715,21986.14000000001,118.99999999999982,0.020462077428347224,21178.429999999968,381.9999999999999,0.021247877518025718,21991.739999999994,873.9999999999981,0.020426937630162505,21142.059999999954,15.0,0.020284465410192323,20994.600000000002,980.0000000000006,0.02054668540544474,21266.00000000001,383.00000000000045,0.02044499544781647,21160.750000000025,730.0000000000002,0.02379003950294955,24622.900000000005,706.9999999999997,0.020410609266419848,21125.15999999999,1197.0,0.020424000457039602,21139.02,3970.999999999993,0.020411150324626683,21125.719999999965,474.99999999999966,0.020450067868505728,21165.999999999985,1179.0,0.02099399561621115,21728.97,794.0,0.02135726789334804,22104.96,3718.9999999999955,0.02040941120896179,21123.919999999973
2025-07-15 00:00:00,988.79000000003,1034748.3499999999,240.99999999999935,0.02047018485219131,21181.489999999943,62.00000000000006,0.022181625126534415,22952.40000000002,75.00000000000006,0.020457872679864646,21168.750000000015,154.9999999999999,0.0204634779074545,21174.54999999999,118.00000000000003,0.02052444925377268,21237.640000000003,248.99999999999952,0.020478312432196645,21189.899999999958,2608.0000000000023,0.02041539858459308,21124.800000000017,175.99999999999977,0.02079856421128865,21521.279999999973,265.0000000000002,0.020418926012300505,21128.45000000002,304.0,0.020462559809832033,21173.600000000002,3945.9999999999923,0.021317395674030275,22058.139999999956,2449.999999999999,0.02173571960757415,22490.999999999993,1427.9999999999973,0.02041087574577912,21120.11999999996,1118.0000000000014,0.020420617244762976,21130.200000000023,347.99999999999966,0.020457959657534112,21168.83999999998,2424.9999999999977,0.02041245100801561,21121.74999999998,3825.9999999999923,0.020410295894649134,21119.519999999957,2819.999999999995,0.020412499328943092,21121.799999999963,3635.000000000008,0.020550648860662647,21264.750000000047,3985.0000000000023,0.021335525686027933,22076.900000000012,533.0000000000001,0.020439211137664545,21149.440000000006,573.9999999999999,0.020436041284820607,21146.159999999996,2889.9999999999945,0.020919192574696995,21646.09999999996,2768.0000000000045,0.02118636864702422,21922.560000000034,376.9999999999997,0.020457679396154622,21168.549999999985,3692.000000000009,0.021265383027670507,22004.320000000054,1199.0000000000005,0.0221318545712105,22900.90000000001,1116.0,0.02041644231662704,21125.88,929.9999999999989,0.02145362203283531,22199.099999999973,163.00000000000006,0.020448479091558846,21159.030000000006,579.0,0.0204182108625735,21127.710000000003,1371.9999999999998,0.02124133853414698,21979.439999999995,0.0,0.0,,729.9999999999991,0.02084004289545374,21564.19999999997,786.0000000000003,0.02043337396962268,21143.40000000001,131.99999999999983,0.02224900382783889,23022.11999999997,364.99999999999983,0.020455553275344675,21166.34999999999,859.9999999999981,0.02042892844429272,21138.799999999952,15.999999999999998,0.021447378969002468,22192.639999999996,975.0000000000005,0.020418732728590502,21128.25000000001,388.0000000000004,0.020630871264496368,21347.760000000024,623.0000000000003,0.020440573787820025,21150.850000000013,839.9999999999997,0.023541955877484606,24359.99999999999,1166.0,0.020418413810468997,21127.920000000002,3961.999999999993,0.020408305072436184,21117.459999999963,490.99999999999966,0.02097815377043123,21707.109999999986,1136.0,0.020409058878905203,21118.24,763.9999999999999,0.020429972176326743,21139.879999999997,3752.9999999999955,0.020564913198460263,21279.509999999973
2025-07-16 00:00:00,354.0600000000304,1032538.5999999997,240.99999999999935,0.020334271280511886,20995.919999999944,55.00000000000007,0.02068774959115333,21360.900000000027,75.00000000000006,0.02040359556533772,21067.500000000015,153.9999999999999,0.020503233486864305,21170.379999999983,118.00000000000003,0.020375238271963886,21038.220000000005,248.99999999999955,0.020440146257001884,21105.23999999996,2599.0000000000023,0.020413658143143533,21077.890000000018,172.99999999999977,0.020467690021467456,21133.67999999997,268.0000000000002,0.020364643026420534,21027.280000000017,303.00000000000006,0.020430093364064074,21094.860000000004,3762.9999999999923,0.020408728545354103,21072.799999999956,2302.999999999999,0.020408389574975695,21072.449999999993,1420.999999999997,0.020409338692035303,21073.429999999957,1114.0000000000014,0.02041267997148003,21076.880000000026,346.9999999999997,0.0204663535096896,21132.29999999998,2405.9999999999977,0.020412370055705408,21076.55999999998,3817.9999999999923,0.02041120787155072,21075.359999999957,2823.999999999996,0.02040315006141172,21067.039999999968,3621.000000000008,0.02041010379660388,21074.22000000005,3811.0000000000027,0.020410694573549135,21074.830000000016,533.0000000000001,0.020379712680959346,21042.840000000004,573.9999999999999,0.020401949137785265,21065.8,2813.999999999994,0.020412660601744053,21076.859999999957,2681.0000000000045,0.020408592957202803,21072.660000000036,376.9999999999997,0.020402878885108982,21066.759999999984,3560.0000000000086,0.020411052913663526,21075.20000000005,1114.0000000000002,0.020412679971480014,21076.880000000005,1118.9999999999998,0.020395925149916918,21059.579999999994,887.999999999999,0.02042538651823765,21089.999999999975,163.00000000000006,0.020328063280152447,20989.51000000001,580.0,0.020390520993597724,21054.0,1325.0,0.0204164280153788,21080.75,2699.0,0.018689712907585254,19297.850000000002,716.999999999999,0.020415507952922997,21079.79999999997,780.0000000000005,0.020426548702392352,21091.20000000001,119.99999999999983,0.020409115940072338,21073.19999999997,364.99999999999983,0.02044630583302164,21111.59999999999,860.9999999999981,0.02039639002357874,21060.059999999954,15.999999999999998,0.0214937436721494,22193.119999999995,977.0000000000003,0.020400322079968742,21064.120000000006,385.0000000000004,0.020448049109253668,21113.400000000023,623.0000000000003,0.020375712830493716,21038.710000000014,725.9999999999997,0.02041864585014061,21083.03999999999,1179.0,0.020381949885457072,21045.15,3966.9999999999936,0.02040095159638581,21064.769999999964,477.99999999999955,0.020415507952923007,21079.79999999998,1144.0,0.020386259651697287,21049.6,765.0,0.020381949885457072,21045.15,3716.9999999999955,0.020411236926154604,21075.389999999974
2025-07-17 00:00:00,371.8600000000306,1035442.0199999997,237.99999999999935,0.020408694636518565,21132.019999999942,55.00000000000007,0.020708885273943232,21442.850000000028,75.00000000000006,0.020497767706974094,21224.25000000002,153.9999999999999,0.020511182267839576,21238.139999999985,118.00000000000003,0.020305569596258042,21025.240000000005,245.99999999999952,0.020448484406688425,21173.219999999958,2608.0000000000023,0.02037653445820175,21098.72000000002,172.99999999999977,0.020361845079456965,21083.509999999973,262.0000000000002,0.020412094150863248,21135.54000000002,303.00000000000006,0.020410848306117623,21134.250000000004,3788.9999999999923,0.02034574567487609,21066.839999999956,2303.999999999999,0.02040450318985509,21127.679999999993,1438.999999999997,0.020304169228133086,21023.789999999957,1119.0000000000014,0.020371155113059862,21093.150000000027,344.99999999999966,0.02045792964824818,21182.999999999978,2423.9999999999973,0.02034354371672108,21064.559999999976,3844.9999999999927,0.020349376974289655,21070.599999999962,2845.999999999996,0.020339526108859265,21060.399999999972,3628.0000000000077,0.020392218581200765,21114.960000000046,3818.0000000000027,0.020390847186209444,21113.540000000015,533.0000000000001,0.020389485448929347,21112.130000000005,574.9999999999999,0.02036352552120688,21085.249999999996,2831.9999999999936,0.02034887477330692,21070.079999999954,2693.0000000000045,0.020364433346060307,21086.190000000035,376.9999999999997,0.020338386498936937,21059.219999999983,3584.0000000000086,0.020352583334410222,21073.92000000005,1115.0000000000002,0.020384482754524497,21106.950000000004,1118.9999999999998,0.02039276907073947,21115.529999999995,888.9999999999991,0.020373878587619985,21095.96999999998,163.00000000000006,0.020478857908432204,21204.67000000001,582.9999999999999,0.02035406096422473,21075.449999999993,1304.0,0.020414315424440672,21137.84,3097.0000000000005,0.019411545612182137,20099.530000000002,720.999999999999,0.020346498976350193,21067.61999999997,766.0000000000005,0.020432742337422254,21156.920000000013,119.99999999999983,0.02040519854506192,21128.39999999997,332.99999999999983,0.02046673748086831,21192.119999999988,859.999999999998,0.020423548196353822,21147.39999999995,15.999999999999998,0.021515680810404048,22278.239999999998,972.0000000000003,0.02041736726118186,21141.000000000007,384.00000000000045,0.020452714484196836,21177.600000000024,623.0000000000003,0.020378746074067977,21101.01000000001,704.9999999999997,0.02042605920126749,21149.99999999999,1183.0000000000002,0.020370904012568476,21092.890000000003,3996.999999999994,0.020343186381406437,21064.189999999966,478.9999999999995,0.020349966094673252,21071.209999999977,1141.0,0.02041903804522054,21142.73,764.0,0.020423664088888346,21147.52,3737.999999999995,0.020360695811823416,21082.31999999997
2025-07-18 00:00:00,483.6800000000303,1047514.9699999997,239.99999999999935,0.02027885100295984,21242.399999999943,55.00000000000007,0.0204775593803686,21450.55000000003,74.00000000000006,0.020668840656282002,21650.920000000016,154.99999999999986,0.020254030355289325,21216.39999999998,118.00000000000001,0.020530016864579996,21505.500000000004,248.99999999999952,0.020314306343516945,21279.539999999957,2604.0000000000023,0.02040910212481262,21378.840000000022,170.99999999999974,0.020420128220220067,21390.38999999997,260.0000000000002,0.020414982709029948,21385.00000000002,306.00000000000006,0.020284807958400833,21248.640000000003,3819.999999999992,0.02034873067255541,21315.599999999955,2315.999999999999,0.02036282116330996,21330.359999999993,1447.9999999999973,0.0203615610381205,21329.03999999996,1111.0000000000014,0.02041665332954624,21386.750000000025,341.9999999999997,0.020411966045697644,21381.839999999982,2449.9999999999977,0.020324769201150398,21290.499999999978,3869.999999999993,0.02035646325894509,21323.69999999996,2865.9999999999955,0.02035583319635038,21323.039999999968,3647.0000000000073,0.020367202962264155,21334.95000000004,3832.0000000000027,0.02037607157060488,21344.240000000016,534.0000000000001,0.020386018922478988,21354.660000000007,575.9999999999999,0.020394782520387275,21363.839999999997,2855.999999999994,0.0203393370120524,21305.759999999955,2705.000000000005,0.02037436276447681,21342.450000000037,378.9999999999998,0.02030470266214906,21269.479999999985,3581.0000000000086,0.02040884437193299,21378.57000000005,1118.0000000000005,0.020385197931825274,21353.80000000001,1112.9999999999998,0.02042153154145377,21391.859999999993,893.9999999999991,0.020363279390651558,21330.83999999998,164.00000000000006,0.02033570937893137,21301.960000000006,584.9999999999999,0.020339279733634738,21305.699999999997,1322.9999999999998,0.02029623500273223,21260.609999999997,3194.000000000001,0.020185181697212413,21144.280000000006,726.9999999999991,0.020327948153332814,21293.829999999973,772.0000000000006,0.020333341870999725,21299.480000000014,118.99999999999983,0.020573357533973928,21550.89999999997,326.99999999999983,0.02044696315891313,21418.49999999999,866.9999999999981,0.02033592894619917,21302.18999999995,15.999999999999998,0.021583118759629757,22608.639999999996,983.0000000000005,0.02030722291252794,21272.12000000001,358.0000000000004,0.02040998039388404,21379.760000000024,626.0000000000005,0.020366372425207457,21334.080000000013,648.9999999999997,0.020420748736411847,21391.03999999999,1197.0000000000002,0.02030585777690605,21270.690000000002,4000.999999999993,0.020396214480829778,21365.339999999964,482.9999999999995,0.02030645920029189,21271.319999999978,1142.0000000000002,0.020386725356297302,21355.400000000005,767.9999999999999,0.0203599572424249,21327.359999999997,3730.999999999995,0.020408901650350617,21378.629999999972
2025-07-21 00:00:00,940.8800000000301,1056526.4399999997,240.99999999999935,0.020305994424521877,21453.81999999994,55.00000000000007,0.02028155585013096,21428.00000000003,74.00000000000006,0.020267718051618304,21413.380000000016,156.99999999999986,0.020295810107695923,21443.059999999983,118.00000000000001,0.02051685521471664,21676.600000000002,255.99999999999957,0.02028322168634035,21429.759999999962,2499.0000000000023,0.020412522757120993,21566.37000000002,171.99999999999974,0.020265048927691744,21410.55999999997,261.0000000000002,0.020358231640658253,21509.010000000017,310.0,0.020342415661646865,21492.3,3879.9999999999923,0.02034516050540104,21495.199999999957,2325.999999999999,0.020386389951585118,21538.75999999999,1432.999999999997,0.020412787776517893,21566.649999999958,1102.0000000000014,0.02041230506261635,21566.14000000003,339.9999999999997,0.020444542779260676,21600.199999999983,2470.9999999999977,0.0203709147117984,21522.40999999998,3881.9999999999927,0.020392390747930516,21545.09999999996,2901.9999999999955,0.020353319316836,21503.819999999967,3669.0000000000073,0.020384752510311098,21537.030000000042,3882.0000000000036,0.020355647701537905,21506.28000000002,538.0000000000001,0.020358449335162884,21509.24,585.9999999999998,0.020333386072193326,21482.75999999999,2906.999999999994,0.020333357677257902,21482.729999999956,2743.000000000005,0.020354549764036237,21505.12000000004,381.9999999999998,0.020334256850211903,21483.67999999999,3622.000000000008,0.020363598283446704,21514.68000000005,1106.0000000000005,0.02042358731694402,21578.060000000012,1112.9999999999998,0.020415901754432194,21569.939999999995,914.9999999999991,0.02030876766321152,21456.749999999978,166.00000000000009,0.020306013354478868,21453.84000000001,584.9999999999999,0.020370668622358378,21522.149999999994,1321.9999999999998,0.020408216191920386,21561.819999999996,2864.000000000001,0.020412096833090154,21565.92000000001,733.999999999999,0.020355571981710157,21506.19999999997,777.0000000000007,0.020378732784008723,21530.67000000002,118.99999999999983,0.020306647508035836,21454.50999999997,330.9999999999998,0.02031690754468955,21465.349999999984,867.9999999999981,0.02039933804212222,21552.43999999995,15.999999999999998,0.021489892860608394,22704.639999999996,947.0000000000006,0.0204184762285741,21572.660000000014,359.00000000000034,0.02036717604530562,21518.46000000002,620.0000000000005,0.020415769244733734,21569.800000000014,615.9999999999997,0.02043564569950563,21590.799999999985,1221.0000000000005,0.020328303378758805,21477.390000000007,4011.9999999999927,0.020391766059351973,21544.439999999962,489.9999999999995,0.020332288134691626,21481.59999999998,1123.0000000000005,0.020418637133207962,21572.83000000001,761.9999999999999,0.020432484396699056,21587.459999999995,3698.9999999999945,0.020411386959705406,21565.16999999997
2025-07-22 00:00:00,777.7400000000307,1068302.5999999996,243.99999999999932,0.020345845830572674,21735.51999999994,55.00000000000007,0.0204698556382808,21868.00000000003,75.00000000000006,0.020233031352727235,21615.000000000015,159.99999999999986,0.020256432961971625,21639.99999999998,117.00000000000001,0.020534912111980268,21937.500000000004,260.9999999999996,0.02030727997853789,21694.319999999967,2407.0000000000023,0.020413148858759708,21807.42000000002,173.99999999999974,0.020282848698486716,21668.21999999997,263.0000000000002,0.02029302371818624,21679.090000000022,315.00000000000006,0.020286387021804506,21672.000000000004,3969.9999999999923,0.02032748024763767,21715.899999999958,2336.999999999999,0.02038826826781101,21780.839999999993,1395.999999999997,0.02041137033645707,21805.519999999953,1089.0000000000016,0.020418063196701045,21812.670000000035,334.99999999999966,0.02043924633338905,21835.29999999998,2477.9999999999977,0.020388998398019425,21781.619999999977,3902.999999999993,0.020386302532634452,21778.73999999996,2938.999999999996,0.020358089552529383,21748.59999999997,3646.0000000000077,0.0204090863393949,21803.08000000005,3964.000000000004,0.02033386420663961,21722.720000000023,543.0000000000001,0.020366897918249017,21758.010000000006,599.9999999999997,0.02032570172533512,21713.999999999985,2977.9999999999945,0.02032160176339547,21709.61999999996,2799.0000000000045,0.020331542767002574,21720.240000000034,388.99999999999983,0.020300193971258703,21686.74999999999,3711.000000000008,0.020321349026015713,21709.350000000046,1036.0000000000007,0.0204232021900911,21818.160000000014,1123.9999999999998,0.02035883840402523,21749.399999999998,931.9999999999991,0.020318475308400433,21706.279999999977,168.00000000000006,0.020280096669239613,21665.28000000001,566.9999999999999,0.02043381716004436,21829.499999999996,1315.9999999999998,0.020411931975078974,21806.119999999995,2832.0000000000005,0.020412194073102522,21806.400000000005,744.9999999999989,0.020328275902351988,21716.749999999967,781.0000000000007,0.020389438348273257,21782.09000000002,114.99999999999983,0.020536971453593744,21939.699999999968,331.9999999999998,0.02037740992112159,21769.239999999983,851.9999999999982,0.0204087119136469,21802.679999999953,15.999999999999998,0.02158219965017403,23056.319999999996,929.0000000000008,0.020426993250788703,21822.210000000017,346.0000000000003,0.020420525045993548,21815.300000000017,627.0000000000006,0.02036585888679858,21756.900000000023,630.9999999999997,0.02030086793760494,21687.469999999987,1243.0000000000005,0.02032683436322257,21715.210000000006,4045.999999999993,0.020375762447830764,21767.479999999963,494.99999999999955,0.020355047343327617,21745.34999999998,1043.0000000000005,0.020414749528832016,21809.13000000001,766.9999999999999,0.020361384499111023,21752.119999999995,3670.999999999994,0.02041157627061843,21805.739999999965
2025-07-23 00:00:00,451.14000000003216,1069469.16,243.99999999999932,0.02039437958173562,21811.159999999938,55.00000000000007,0.020504097565562374,21928.50000000003,75.00000000000006,0.020518123215446455,21943.500000000015,160.99999999999986,0.02033521004009128,21747.879999999983,110.00000000000001,0.020417699562276306,21836.100000000002,260.9999999999996,0.02033393838116844,21746.519999999964,2420.000000000002,0.020365243631709797,21780.000000000015,174.99999999999974,0.020337893614435762,21750.74999999997,261.0000000000002,0.020429116441281977,21848.310000000016,317.0000000000001,0.02032771099261994,21739.860000000008,3953.9999999999923,0.020408330428153685,21826.079999999954,2321.9999999999995,0.020409003659348158,21826.799999999996,1400.999999999997,0.020370433122166853,21785.549999999956,1091.0000000000016,0.020392444042051698,21809.09000000003,338.9999999999997,0.020334246945465907,21746.849999999984,2496.999999999998,0.020359483764824028,21773.839999999986,3919.999999999993,0.02037945629025896,21795.19999999996,2946.999999999996,0.02039123783616161,21807.79999999997,3691.0000000000086,0.02032783254825231,21739.99000000005,3947.0000000000045,0.020409106514114005,21826.910000000025,535.0000000000001,0.02041512819313089,21833.350000000006,587.9999999999997,0.020425273413213704,21844.199999999986,2973.999999999995,0.02041121036159656,21829.159999999963,2799.0000000000045,0.02041405289330647,21832.200000000033,382.9999999999998,0.020430836921001064,21850.149999999987,3638.0000000000077,0.020410125711338937,21828.000000000047,1038.0000000000007,0.020372368661850913,21787.620000000014,1116.0,0.02042145843644524,21840.12,936.999999999999,0.020352629897247326,21766.509999999977,168.00000000000006,0.02035379870140436,21767.760000000006,574.0,0.020309290639105484,21720.160000000003,1328.9999999999995,0.02033012340439999,21742.43999999999,2886.000000000001,0.020292983483506912,21702.720000000005,750.9999999999989,0.020343242062258224,21756.469999999965,783.0000000000008,0.020360783475046655,21775.23000000002,114.99999999999983,0.020399512969593227,21816.64999999997,342.99999999999983,0.020198936825817394,21602.13999999999,830.9999999999982,0.020420111974056326,21838.679999999953,15.999999999999998,0.021716044621613962,23224.639999999996,960.000000000001,0.020196935833100626,21600.000000000022,351.00000000000034,0.02029261881660994,21702.33000000002,629.0000000000006,0.02034972191250473,21763.40000000002,623.9999999999997,0.020415511560894373,21833.75999999999,1233.0000000000007,0.020418008126573763,21836.430000000015,4047.999999999993,0.020401448509277227,21818.71999999996,494.99999999999955,0.020416156740789032,21834.44999999998,1089.0000000000007,0.020141225951760985,21540.420000000016,747.9999999999999,0.020429836424642675,21849.079999999998,3677.9999999999936,0.020393799854873766,21810.53999999996
2025-07-24 00:00:00,565.4700000000321,1075976.1599999997,239.99999999999932,0.020465137443193858,22019.999999999938,55.00000000000007,0.020540092635509724,22100.650000000027,75.00000000000006,0.020569693663101258,22132.50000000002,160.99999999999986,0.020441168510648033,21994.209999999985,110.00000000000001,0.020346361577379197,21892.200000000004,261.9999999999996,0.020327364873957778,21871.75999999997,2359.000000000002,0.020411502425853028,21962.29000000002,174.99999999999974,0.020358025404577713,21904.749999999967,254.00000000000023,0.02045500710722069,22009.10000000002,318.00000000000017,0.020401511498172986,21951.54000000001,4022.9999999999923,0.02037717081017851,21925.34999999996,2333.9999999999995,0.020390414598033476,21939.599999999995,1391.999999999997,0.020414727404369216,21965.75999999995,1102.0000000000016,0.020381306589543804,21929.80000000003,311.9999999999997,0.0204689293487692,22024.07999999998,2556.999999999998,0.020366148261128755,21913.489999999983,3920.9999999999927,0.020407143593218612,21957.59999999996,2979.9999999999955,0.02038409475540794,21932.799999999967,3725.0000000000086,0.020391018700637434,21940.25000000005,4002.000000000005,0.020382384680344624,21930.96000000003,533.0000000000001,0.020423863294517612,21975.590000000004,587.9999999999997,0.020432906245803805,21985.31999999999,3027.9999999999955,0.020374726518104243,21922.71999999997,2861.0000000000045,0.020367793278988675,21915.260000000035,380.9999999999998,0.020427859665589607,21979.889999999985,3686.0000000000073,0.020383072427924472,21931.700000000044,1033.0000000000007,0.020410842559931832,21961.580000000016,1106.0,0.020424448809349093,21976.22,961.999999999999,0.020349075392153654,21895.119999999977,169.00000000000006,0.02027887866957946,21819.59000000001,579.0000000000001,0.020362309886122393,21909.360000000008,1300.9999999999995,0.020410191987896828,21960.87999999999,3076.000000000001,0.02029747573589364,21839.600000000006,762.9999999999987,0.020373118675789222,21920.989999999965,790.0000000000007,0.020381864222716633,21930.40000000002,114.99999999999983,0.020356306035628127,21902.89999999997,344.99999999999983,0.02036058122328658,21907.49999999999,836.9999999999981,0.020373155851334066,21921.02999999995,14.999999999999996,0.02045872466170626,22013.099999999995,983.0000000000011,0.020363899140665005,21911.070000000025,351.00000000000034,0.02039172503598967,21941.01000000002,629.0000000000006,0.020396186101372383,21945.81000000002,575.9999999999997,0.020417404043598878,21968.63999999999,1252.0000000000007,0.020374540640380006,21922.520000000015,4050.999999999993,0.020406046914645367,21956.419999999962,499.99999999999955,0.020386139410375027,21934.999999999978,1095.0000000000005,0.02039431803024336,21943.800000000007,745.9999999999999,0.020432255673768832,21984.619999999995,3723.9999999999936,0.020385544601657316,21934.35999999996
2025-07-25 00:00:00,885.1700000000328,1072744.8099999996,234.99999999999932,0.020475932202365953,21965.449999999935,49.000000000000064,0.02059448789130011,22092.63000000003,72.00000000000006,0.020506424076756916,21998.160000000014,154.99999999999983,0.020430767686491987,21916.999999999978,110.00000000000001,0.02049583441937138,21986.800000000003,259.9999999999996,0.020455936766545602,21943.999999999967,2375.000000000002,0.02039045054899872,21873.75000000002,173.99999999999972,0.020447025047830317,21934.439999999966,248.00000000000023,0.020466600998983186,21955.44000000002,312.0000000000002,0.020443333582755834,21930.480000000018,4036.9999999999914,0.02039678010653807,21880.539999999954,2351.9999999999995,0.02039031072077618,21873.6,1379.9999999999973,0.020415479800829764,21900.599999999955,1114.0000000000016,0.020384922673268434,21867.82000000003,320.9999999999997,0.020287956461891424,21763.79999999998,2586.9999999999977,0.02037777279015686,21860.14999999998,3954.9999999999927,0.02038802685980832,21871.14999999996,3033.9999999999955,0.020363463702052286,21844.799999999967,3769.000000000009,0.020377819399564432,21860.20000000005,3996.0000000000045,0.020413130686691493,21898.080000000027,531.0000000000001,0.020423366112579947,21909.060000000005,583.9999999999997,0.020409476509142932,21894.15999999999,3046.999999999996,0.020393908967035673,21877.45999999997,2885.0000000000045,0.020385370123580503,21868.300000000036,382.99999999999983,0.020397013153575637,21880.78999999999,3691.0000000000077,0.020403389320522606,21887.630000000045,1054.000000000001,0.020357945148203535,21838.88000000002,1091.9999999999998,0.020420066166528462,21905.519999999993,966.999999999999,0.020381240530075354,21863.869999999977,169.00000000000006,0.02029900289147054,21775.650000000005,584.0,0.02038770059395581,21870.800000000003,1321.9999999999995,0.02035846717356759,21839.43999999999,3231.000000000001,0.020300205414184213,21776.940000000006,765.9999999999987,0.020379161750500543,21861.639999999963,799.0000000000007,0.020370781379030888,21852.65000000002,116.99999999999982,0.020240470797523575,21712.859999999968,345.99999999999983,0.020371443232617456,21853.35999999999,853.999999999998,0.020348026666286045,21828.239999999947,14.999999999999996,0.02000997795552141,21465.599999999995,991.0000000000013,0.020388231941201408,21871.370000000028,348.0000000000004,0.020430804974018033,21917.040000000023,624.0000000000006,0.02043460830167058,21921.12000000002,572.9999999999997,0.020431000733529527,21917.249999999985,1258.0000000000005,0.020381399002060905,21864.040000000008,4080.9999999999927,0.020390832746140224,21874.159999999963,499.99999999999966,0.020424242369441053,21909.999999999985,1113.0000000000005,0.020356248565770285,21837.06000000001,750.9999999999998,0.020393135250871084,21876.629999999994,3728.9999999999936,0.020404880821562745,21889.229999999963
2025-07-28 00:00:00,1095.630000000032,1071974.42,236.99999999999932,0.02037983331729123,21846.659999999938,49.000000000000064,0.020784357895405784,22280.30000000003,72.00000000000006,0.020252498189275842,21710.160000000014,155.99999999999983,0.020350336344779552,21815.039999999975,110.00000000000001,0.020529034638718347,22006.600000000002,255.99999999999963,0.020482876820885308,21957.119999999966,2386.0000000000023,0.020388322325825672,21855.76000000002,174.99999999999972,0.020339337948008098,21803.249999999964,240.00000000000026,0.02043406968610317,21904.80000000002,315.0000000000002,0.020366763975580706,21832.650000000016,4036.9999999999914,0.02041143854906534,21880.539999999954,2365.0,0.02038537449429064,21852.600000000002,1413.9999999999973,0.020326735035337842,21789.739999999958,1116.0000000000018,0.02038414312162415,21851.280000000035,328.9999999999997,0.020292909601331708,21753.47999999998,2617.9999999999973,0.020368135276959298,21834.119999999977,3999.999999999992,0.020373620482473792,21839.999999999956,3066.999999999996,0.020370859222554934,21837.03999999997,3794.0000000000095,0.02038615809507848,21853.440000000053,3971.0000000000045,0.020411130705898776,21880.210000000025,516.0000000000001,0.020438323518951144,21909.360000000004,561.9999999999998,0.02044114075035484,21912.379999999994,3046.999999999996,0.020408565346176803,21877.45999999997,2896.000000000004,0.020396755362875205,21864.800000000032,369.9999999999999,0.020412613950247058,21881.799999999992,3684.000000000008,0.020413696065620723,21882.96000000005,1076.000000000001,0.020336082273306508,21799.76000000002,1059.9999999999998,0.020409442232772686,21878.399999999994,974.9999999999991,0.020373620482473813,21839.999999999978,169.00000000000006,0.020510657334528573,21986.900000000005,592.0,0.020333918042559268,21797.44,1330.9999999999995,0.02037521566979182,21841.709999999992,3244.0000000000014,0.020396531476935816,21864.56000000001,768.9999999999987,0.020394768375163255,21862.669999999966,802.0000000000007,0.020387146924643988,21854.50000000002,118.99999999999982,0.020354814063566904,21819.839999999967,342.9999999999998,0.02042690533604337,21897.119999999988,859.9999999999978,0.02036130675580855,21826.799999999945,14.999999999999996,0.01979571490148058,21220.499999999996,994.0000000000011,0.020390467899411284,21858.060000000023,349.00000000000034,0.02038052363227103,21847.400000000023,626.0000000000006,0.020380523632271025,21847.40000000002,546.9999999999997,0.020441551207910347,21912.81999999999,1251.0000000000005,0.020422595531710556,21892.500000000007,4107.999999999993,0.02038720289612878,21854.55999999996,502.9999999999997,0.020378555301720717,21845.289999999986,1113.0000000000005,0.020412408721469318,21881.58000000001,744.9999999999997,0.020425440748856674,21895.549999999992,3771.999999999994,0.020373508539504114,21839.879999999965
2025-07-29 00:00:00,1447.340000000032,1075387.8499999999,236.99999999999935,0.020312941047269543,21844.28999999994,47.000000000000064,0.020804968179620062,22373.41000000003,72.00000000000006,0.02029466857004198,21824.640000000018,153.99999999999983,0.02046530468053919,22008.139999999974,107.00000000000003,0.020535595599299364,22083.730000000003,252.9999999999996,0.0204209113948981,21960.399999999965,2373.000000000002,0.020411472939739855,21950.25000000002,175.99999999999972,0.02037099452072103,21906.719999999965,224.00000000000028,0.02048392121967905,22028.16000000003,313.0000000000002,0.02045554076140996,21997.640000000018,4073.999999999992,0.02038159534720423,21918.119999999955,2378.0,0.020388141822506183,21925.16,1427.9999999999973,0.020369878644249106,21905.519999999957,1131.0000000000016,0.02037169194351604,21907.47000000003,331.9999999999998,0.020369729860719544,21905.359999999986,2581.9999999999973,0.020408450774295043,21946.999999999978,4042.9999999999923,0.02037689006808098,21913.059999999958,3043.999999999996,0.020408673949589416,21947.23999999997,3814.0000000000095,0.02039310747280626,21930.500000000055,3994.0000000000045,0.020389908626920073,21927.060000000027,524.0000000000001,0.020348230640693965,21882.240000000005,571.9999999999998,0.02036117480776819,21896.159999999993,3077.999999999996,0.020379028831318834,21915.35999999997,2936.000000000004,0.020367126148951777,21902.56000000003,373.9999999999999,0.02035912903423634,21893.959999999992,3721.000000000008,0.02038026559440861,21916.690000000046,1066.0000000000007,0.020420167477250204,21959.600000000017,1047.9999999999995,0.020416447889010456,21955.59999999999,988.999999999999,0.020370650458808866,21906.349999999977,169.00000000000006,0.020274257329576495,21802.690000000006,595.0,0.020383157574264954,21919.800000000003,1325.9999999999993,0.020419200384307848,21958.559999999987,3280.0000000000014,0.020374416541901613,21910.40000000001,770.9999999999987,0.020375736995726677,21911.819999999967,810.0000000000006,0.020366977365422177,21902.400000000016,118.99999999999982,0.020253688006610798,21780.569999999967,332.9999999999998,0.020437277583152894,21977.999999999985,870.9999999999977,0.02036190012747489,21896.939999999944,14.999999999999996,0.019737623035261182,21225.599999999995,999.0000000000011,0.020390829225009403,21928.050000000025,353.00000000000034,0.020338596907153103,21871.880000000023,626.0000000000007,0.020385686894267986,21922.520000000026,554.9999999999997,0.020349541795548452,21883.649999999987,1248.0000000000007,0.0204133978266539,21952.32000000001,4115.999999999993,0.020400342071932434,21938.279999999962,507.9999999999997,0.02037408177896002,21910.03999999999,1104.0000000000007,0.020419200384307872,21958.560000000016,745.9999999999997,0.020381000213085903,21917.47999999999,3775.9999999999936,0.020400602443109213,21938.55999999996
2025-07-30 00:00:00,1685.5000000000318,1077301.0199999998,241.99999999999935,0.02029805931122199,21867.11999999994,47.00000000000007,0.02000410247453403,21550.44000000003,72.00000000000006,0.020359546303966206,21933.36000000002,155.9999999999998,0.020325015565287388,21896.159999999974,107.00000000000003,0.02024088866081275,21805.530000000006,252.9999999999996,0.020433963758801573,22013.529999999966,2354.000000000002,0.02040874332412683,21986.360000000015,177.99999999999972,0.020374231150361268,21949.179999999964,224.00000000000028,0.020480812317433834,22064.00000000003,318.0000000000002,0.02036461452528841,21938.820000000014,4056.999999999992,0.020411138197938362,21988.939999999955,2379.0000000000005,0.020404659043207818,21981.960000000006,1425.9999999999973,0.020411119633025096,21988.91999999996,1122.0000000000016,0.020413236033137737,21991.200000000033,331.9999999999998,0.020348964303403324,21921.959999999985,2538.9999999999977,0.020410024303142295,21987.73999999998,4061.9999999999914,0.020398588316569086,21975.419999999955,3007.999999999997,0.02041071120493321,21988.479999999974,3816.000000000009,0.02040298820101373,21980.16000000005,3948.0000000000045,0.020412456306780468,21990.360000000026,524.0000000000001,0.020428830560282964,22008.000000000004,565.9999999999998,0.020411286717244542,21989.09999999999,3062.9999999999955,0.02041429423319396,21992.339999999967,2924.0000000000045,0.020410711204933266,21988.480000000032,367.9999999999999,0.020413681591056134,21991.679999999993,3677.000000000008,0.020410692640020014,21988.46000000005,1069.0000000000007,0.020401577267605314,21978.640000000014,1059.9999999999993,0.020377405750530146,21952.599999999988,988.999999999999,0.020389556486264147,21965.689999999977,171.00000000000006,0.02038886958447325,21964.950000000004,586.0,0.02040907749256564,21986.72,1340.9999999999993,0.02038945437924118,21965.579999999987,3300.0000000000014,0.02040098319038073,21978.00000000001,770.9999999999987,0.020389649310830475,21965.789999999964,803.0000000000006,0.020423446735435207,22002.200000000015,118.99999999999982,0.020446374403321338,22026.899999999965,340.9999999999998,0.020321339712460303,21892.199999999986,868.9999999999976,0.02041619713680392,21994.389999999938,14.999999999999995,0.019847934424122235,21382.199999999993,1005.0000000000013,0.020383578584191847,21959.25000000003,345.0000000000003,0.020444425087428234,22024.80000000002,631.0000000000008,0.02039487533391552,21971.420000000027,554.9999999999997,0.020395831426948795,21972.44999999999,1258.0000000000007,0.020388618958144138,21964.68000000001,4138.999999999992,0.020401066732490387,21978.089999999956,506.99999999999966,0.020429638134010112,22008.869999999984,1104.0000000000007,0.020393185926808107,21969.600000000013,751.9999999999995,0.02038976998276674,21965.919999999987,3713.999999999994,0.02040922601187175,21986.879999999965
2025-07-31 00:00:00,1379.0700000000315,1061673.23,241.99999999999935,0.02040081579527059,21658.99999999994,46.000000000000064,0.020588086223102788,21857.820000000032,70.00000000000006,0.020670201884999986,21945.00000000002,155.9999999999998,0.02044052669577058,21701.159999999974,109.00000000000004,0.02028927488357224,21540.58000000001,254.99999999999957,0.020372652704071636,21629.099999999962,2417.000000000002,0.02035275957744552,21607.980000000014,178.99999999999972,0.020343491188903738,21598.139999999967,225.0000000000003,0.020328288771112778,21582.00000000003,315.0000000000002,0.020439763749152854,21700.350000000017,3982.999999999992,0.020408840863398205,21667.519999999957,2363.0000000000005,0.02040996173558978,21668.710000000003,1434.999999999997,0.020382731134701362,21639.799999999956,1142.0000000000014,0.020362254024244384,21618.060000000027,333.9999999999997,0.020357619829973472,21613.13999999998,2504.9999999999977,0.020409528457263622,21668.24999999998,4042.9999999999914,0.020411628915235965,21670.479999999956,2963.9999999999973,0.020408200365003064,21666.83999999998,3827.0000000000086,0.020402530070387153,21660.82000000005,3856.0000000000055,0.020411854973493147,21670.72000000003,531.0,0.020346260402553436,21601.079999999998,576.9999999999999,0.020358825474011435,21614.419999999995,2988.999999999996,0.020411412276072908,21670.24999999997,2893.000000000004,0.02040982986827316,21668.570000000032,373.99999999999983,0.02034030753511605,21594.75999999999,3582.0000000000077,0.02041221289906693,21671.100000000046,1076.0000000000007,0.020381374785158723,21638.36000000001,1073.9999999999995,0.020383955616927435,21641.099999999988,981.9999999999991,0.02042300718084413,21682.55999999998,171.00000000000006,0.020391019937462312,21648.600000000006,583.0000000000001,0.020416771740585385,21675.940000000002,1371.9999999999995,0.02036664332207001,21622.719999999994,3340.0000000000014,0.02038593362667722,21643.20000000001,782.9999999999986,0.02037754121388176,21634.28999999996,804.0000000000006,0.02039395869480482,21651.720000000016,119.99999999999984,0.02023221401183863,21479.99999999997,335.9999999999997,0.020438379142327993,21698.879999999983,879.9999999999976,0.020365588383536755,21621.59999999994,14.999999999999995,0.019747742909557962,20965.649999999994,998.0000000000011,0.020426755980274675,21686.540000000026,347.0000000000003,0.02036556012625469,21621.570000000018,631.0000000000008,0.020403858162647684,21662.230000000025,574.9999999999997,0.0203099215377221,21562.499999999985,1260.0000000000007,0.02038932450053395,21646.80000000001,4127.999999999991,0.020413060617531027,21671.999999999953,498.9999999999997,0.020431456108203832,21691.529999999988,1104.0000000000007,0.02041260850101685,21671.52000000001,759.9999999999995,0.020365965147298656,21621.999999999985,3659.999999999994,0.020408539452388727,21667.199999999964
2025-08-01 00:00:00,1126.4800000000314,1051156.1899999997,241.99999999999932,0.020326360823694475,21366.179999999942,46.000000000000064,0.02019498168012504,21228.08000000003,70.00000000000006,0.020470126328229133,21517.300000000017,155.9999999999998,0.02042984687175745,21474.959999999974,111.00000000000004,0.020328672563874654,21368.610000000008,260.99999999999955,0.020357954606156074,21399.389999999963,2389.000000000002,0.020409164883479422,21453.220000000016,179.99999999999974,0.020363862386616374,21405.59999999997,231.0000000000003,0.020360580286360713,21402.15000000003,315.0000000000002,0.020383554988150733,21426.300000000014,3943.999999999992,0.020411200736971318,21455.359999999957,2348.0000000000005,0.020416299884035323,21460.720000000005,1434.999999999997,0.020395541789084606,21438.899999999954,1127.0000000000016,0.020413788363839662,21458.08000000003,333.9999999999997,0.0204437363395063,21489.559999999983,2581.9999999999973,0.02036308229322227,21404.779999999973,4009.999999999991,0.020409431256833446,21453.49999999995,2950.9999999999977,0.020409688116853487,21453.769999999982,3804.0000000000086,0.02041043967024544,21454.56000000005,3871.000000000006,0.020401668376228692,21445.340000000033,530.0,0.020420371591019223,21465.0,578.0,0.02040020332278118,21443.8,2934.999999999996,0.020410715556933526,21454.84999999997,2880.0000000000036,0.02041180959035216,21456.00000000003,373.99999999999983,0.020369475253720376,21411.49999999999,3529.000000000008,0.020412114017042564,21456.32000000005,1075.0000000000007,0.020422987757889737,21467.75000000001,1080.9999999999995,0.020393001728886737,21436.22999999999,976.9999999999992,0.020420076677662893,21464.68999999998,168.00000000000006,0.02047984895565331,21527.520000000004,586.0000000000001,0.020392668762194144,21435.880000000005,1347.9999999999995,0.020415767137327137,21460.159999999993,3291.000000000002,0.02041306535044998,21457.32000000001,772.9999999999986,0.020428876511681834,21473.939999999962,794.0000000000007,0.020417346350783534,21461.820000000018,119.99999999999984,0.02042436719133051,21469.19999999997,344.9999999999998,0.02036871418699441,21410.699999999986,870.9999999999976,0.020408698730109698,21452.72999999994,14.999999999999995,0.019878682348814403,20895.59999999999,991.0000000000011,0.020411000956955815,21455.150000000023,351.0000000000003,0.020342286144935343,21382.920000000016,633.0000000000008,0.02040233430961391,21446.04000000003,593.9999999999997,0.020343313585015368,21383.99999999999,1246.000000000001,0.020423777364617927,21468.580000000016,4117.999999999992,0.020410648963594992,21454.77999999996,494.9999999999997,0.0204422046927203,21487.949999999986,1102.0000000000005,0.020411752510347693,21455.940000000006,760.9999999999997,0.020401325896201965,21444.97999999999,3819.9999999999945,0.020350924252274985,21391.999999999967
2025-08-04 00:00:00,777.5800000000309,1035292.8799999998,234.99999999999935,0.020444890918210452,21166.44999999994,46.000000000000064,0.020503087010508597,21226.70000000003,68.00000000000006,0.02047961539154024,21202.40000000002,148.9999999999998,0.020507250083667123,21231.009999999973,108.00000000000006,0.020425524417786025,21146.400000000012,251.99999999999957,0.020436651703815412,21157.919999999962,2282.000000000002,0.020410958491282216,21131.320000000018,177.99999999999974,0.020459910822529733,21181.99999999997,231.0000000000003,0.020415961906354495,21136.50000000003,306.0000000000002,0.020474032430320605,21196.620000000014,3862.999999999991,0.02041027269500777,21130.60999999995,2312.000000000001,0.020411306218970627,21131.68000000001,1423.9999999999968,0.020411769855888467,21132.159999999953,1075.0000000000016,0.020414030085863274,21134.500000000033,328.9999999999998,0.020458964230489044,21181.019999999982,2561.9999999999973,0.020415961906354443,21136.499999999978,3927.999999999992,0.020412233492806364,21132.639999999956,2926.9999999999973,0.020412523265880073,21132.93999999998,3747.000000000008,0.02041265849331452,21133.080000000045,3747.000000000005,0.020412658493314504,21133.080000000027,521.9999999999999,0.02042030850245971,21140.999999999996,569.9999999999999,0.02043711534073334,21158.399999999994,2866.999999999997,0.02040948064860639,21129.789999999975,2818.000000000004,0.020414513040986078,21135.00000000003,368.9999999999998,0.020408659624897636,21128.939999999988,3442.000000000008,0.02041343122151101,21133.88000000005,1051.0000000000007,0.020425253962917254,21146.120000000014,1061.9999999999998,0.020423611915499698,21144.419999999995,950.9999999999991,0.02041086190025762,21131.21999999998,166.00000000000006,0.020419439183238672,21140.100000000006,0.0,0.0,,1338.9999999999995,0.020409123261815532,21129.41999999999,3281.000000000002,0.02040933576206959,21129.640000000014,756.9999999999986,0.020422249982053355,21143.009999999962,783.0000000000007,0.02042030850245973,21141.00000000002,118.99999999999984,0.020482899486375272,21205.79999999997,334.9999999999998,0.020463194917364824,21185.399999999987,855.9999999999976,0.020414165313297573,21134.63999999994,28.999999999999996,0.039077019442073244,40456.159999999996,972.000000000001,0.020410919854872398,21131.28000000002,350.00000000000034,0.020446388079091226,21168.00000000002,621.0000000000008,0.02041822213632922,21138.840000000026,582.9999999999997,0.02044146193683858,21162.899999999987,1217.0000000000011,0.020418656795939738,21139.290000000023,4055.999999999992,0.02041138349179023,21131.75999999996,481.9999999999997,0.020433811927693342,21154.97999999999,1091.0000000000005,0.020422800550893398,21143.58000000001,745.9999999999998,0.020420926685016896,21141.639999999992,3800.9999999999955,0.02041312213023234,21133.559999999972
2025-08-05 00:00:00,703.5800000000309,1043328.7699999998,246.99999999999935,0.021306802456909097,22229.99999999994,46.000000000000064,0.02052108656027959,21410.24000000003,73.00000000000006,0.02168319387952852,22622.700000000015,152.9999999999998,0.020877992274669063,21782.60999999997,116.00000000000006,0.021701730701818963,22642.04000000001,250.99999999999957,0.020439348183602726,21324.959999999963,2270.000000000002,0.020408332073503562,21292.60000000002,175.99999999999974,0.02042339923205604,21308.319999999967,230.00000000000028,0.020488460219495366,21376.200000000026,320.00000000000017,0.02121210555710068,22131.20000000001,3843.9999999999905,0.020411360840744335,21295.759999999947,2431.0000000000014,0.02131988558122481,22243.650000000012,1462.9999999999968,0.02089341406736053,21798.699999999953,1143.0000000000016,0.02152720278191891,22459.95000000003,331.9999999999997,0.020566058002982116,21457.15999999998,2543.9999999999973,0.020408983833542692,21293.279999999973,3988.9999999999923,0.020684266187732905,21580.489999999958,3069.9999999999977,0.021274310302015334,22196.099999999984,3812.0000000000077,0.02071642287790075,21614.040000000045,3716.0000000000055,0.020408408751155245,21292.680000000033,519.9999999999999,0.020439578216557758,21325.199999999993,567.9999999999998,0.020442645322624426,21328.39999999999,2858.9999999999964,0.020414993444492074,21299.549999999974,2798.0000000000045,0.02040850459821983,21292.780000000035,365.9999999999997,0.020413066918493955,21297.539999999983,3386.0000000000086,0.020413450306752356,21297.940000000053,1054.0000000000007,0.020457118229376556,21343.500000000015,1107.9999999999998,0.021175990383165606,22093.519999999997,945.999999999999,0.020428249093523976,21313.37999999998,174.00000000000009,0.02125533258322783,22176.30000000001,0.0,0.0,,1337.9999999999995,0.02041634488810272,21300.959999999992,3400.000000000002,0.02105184926511709,21964.00000000001,807.9999999999986,0.021599251020366254,22535.119999999963,811.0000000000008,0.021042044110410208,21953.770000000022,117.99999999999986,0.020503814919241588,21392.219999999972,370.9999999999997,0.022295656622216973,23261.699999999983,886.9999999999975,0.02105004734030285,21962.11999999994,15.999999999999995,0.021527710771361168,22460.479999999992,1020.0000000000011,0.021283224079021636,22205.400000000023,350.00000000000034,0.020459993641314067,21346.500000000022,609.0000000000009,0.020435638902203408,21321.09000000003,591.9999999999997,0.02068226298408314,21578.39999999999,1188.0000000000011,0.020416229871625245,21300.84000000002,4040.999999999992,0.020411657966644552,21296.069999999956,481.9999999999997,0.020438121341176084,21323.67999999999,1174.0000000000005,0.021750976923601954,22693.420000000006,744.9999999999998,0.020429274657115033,21314.449999999993,3788.999999999995,0.020409846457123938,21294.17999999997
2025-08-06 00:00:00,506.08000000003085,1049551.7299999997,235.99999999999935,0.02041260033938484,21424.07999999994,46.000000000000064,0.02037969105153115,21389.54000000003,70.00000000000004,0.020652817179387644,21676.200000000015,174.9999999999998,0.02288477005321117,24018.74999999997,110.00000000000003,0.02054839164525984,21566.600000000006,236.99999999999957,0.020490061981032575,21505.37999999996,2253.000000000002,0.020414458275439192,21426.030000000017,184.99999999999972,0.021296425284344937,22351.699999999964,230.00000000000028,0.020430531804278035,21442.900000000027,312.00000000000017,0.020467023573959537,21481.20000000001,3957.9999999999905,0.020929792569633468,21966.899999999947,2339.000000000002,0.02041370557314028,21425.240000000016,1421.9999999999968,0.020417802560336838,21429.539999999954,1075.0000000000018,0.020423481175148975,21435.500000000036,331.9999999999997,0.02043779204670549,21450.519999999982,2543.9999999999973,0.020409170303592357,21420.479999999978,3951.9999999999927,0.020408560519451446,21419.83999999996,2987.9999999999973,0.02041248600485846,21423.95999999998,3785.000000000008,0.0204116666074192,21423.100000000046,3706.0000000000055,0.020409360861136438,21420.680000000033,518.9999999999999,0.020412829008437727,21424.319999999996,602.9999999999998,0.021487459222233853,22552.19999999999,2977.999999999997,0.021138643637889084,22186.099999999977,3060.000000000005,0.022041410002725678,23133.600000000035,384.99999999999966,0.021316100350765928,22372.34999999998,3363.0000000000086,0.020410913905120294,21422.310000000056,1002.0000000000006,0.020420889592550163,21432.780000000013,1068.9999999999998,0.020421527960322643,21433.449999999997,1014.9999999999991,0.021681923195915255,22756.29999999998,167.00000000000009,0.02042884537001336,21441.13000000001,0.0,0.0,,1379.9999999999995,0.02095866203755388,21997.199999999993,3332.000000000002,0.020413248235034605,21424.76000000001,771.9999999999985,0.020418926849846617,21430.71999999996,791.0000000000008,0.020416516296914707,21428.19000000002,117.99999999999986,0.020473311972912453,21487.799999999974,331.9999999999998,0.020428302281012854,21440.559999999983,858.9999999999975,0.020428378504030422,21440.639999999938,15.999999999999995,0.02134122536294614,22398.719999999994,983.000000000001,0.0204270350733451,21439.23000000002,355.00000000000034,0.020659677250972685,21683.40000000002,557.0000000000009,0.02043736329223147,21450.070000000032,585.9999999999997,0.02044059324260272,21453.45999999999,1439.0000000000011,0.02403470860840754,25225.67000000002,4445.999999999993,0.022154772685668355,23252.579999999965,507.9999999999997,0.021349952898462653,22407.879999999986,1087.0000000000005,0.020413257762911804,21424.77000000001,775.9999999999998,0.02113839591308186,22185.839999999993,3953.9999999999955,0.02117235326742778,22221.479999999974
2025-08-07 00:00:00,525.7400000000307,1051404.3999999997,242.99999999999937,0.020937110402048865,22013.369999999944,46.000000000000064,0.02059841103955817,21657.26000000003,70.00000000000004,0.020497916881458758,21551.600000000013,157.99999999999983,0.020515569461189223,21570.159999999978,110.00000000000001,0.020529969248749582,21585.300000000003,231.9999999999996,0.020468166197516357,21520.319999999963,2346.000000000002,0.02115273628301348,22240.08000000002,178.99999999999972,0.02051323924457608,21567.709999999966,285.0000000000003,0.024629058048454073,25895.100000000024,321.0000000000002,0.02092261550360643,21998.130000000016,3824.99999999999,0.02040913087295426,21458.249999999945,2393.000000000002,0.020825431204206508,21895.95000000002,1429.9999999999968,0.020510091074376284,21564.39999999995,1069.0000000000018,0.020416045434088002,21465.520000000033,331.9999999999997,0.020411251845626654,21460.47999999998,2536.9999999999973,0.020413667662033733,21463.01999999998,4012.9999999999927,0.020687054381739282,21750.45999999996,3217.9999999999973,0.02179195749989251,22912.15999999998,3785.0000000000077,0.020411698866772906,21460.950000000044,3650.0000000000055,0.020412697531035664,21462.000000000033,569.9999999999999,0.022167778639693724,23307.299999999996,576.9999999999998,0.020425955988009937,21475.93999999999,2849.9999999999973,0.020411270867803085,21460.49999999998,2824.0000000000045,0.02041307797456434,21462.400000000034,370.9999999999997,0.020441259328950863,21492.029999999984,3322.000000000009,0.020410909446450916,21460.120000000057,980.0000000000006,0.020422018397488174,21471.800000000014,1084.0,0.020661279332671614,21723.36,953.999999999999,0.020424624435659563,21474.53999999998,177.00000000000009,0.02147424910909638,22578.12000000001,0.0,0.0,,1354.9999999999993,0.02041383886162165,21463.19999999999,3755.000000000002,0.022678476521498306,23844.25000000001,770.9999999999985,0.02042254150734005,21472.34999999996,800.0000000000007,0.020612430383589817,21672.00000000002,119.99999999999987,0.0207048781610577,21769.199999999975,385.99999999999983,0.023297943208150918,24495.55999999999,916.9999999999974,0.02162101471137075,22732.429999999935,15.999999999999995,0.02128033704253092,22374.239999999994,978.0000000000009,0.020417548186026254,21467.10000000002,354.0000000000003,0.020410300736805,21459.480000000018,556.0000000000009,0.020412317087506994,21461.600000000035,552.9999999999997,0.020412630953418106,21461.92999999999,1233.000000000001,0.02041700605399789,21466.530000000017,4094.9999999999927,0.020408702873984514,21457.799999999963,486.9999999999998,0.02044520643056087,21496.17999999999,1070.0000000000005,0.020414789970443353,21464.200000000008,751.9999999999998,0.020412773619741365,21462.079999999994,3804.999999999995,0.02041098553515657,21460.19999999997
2025-08-08 00:00:00,911.6900000000278,1048327.1799999998,274.9999999999994,0.022732883831171818,23831.499999999945,46.000000000000064,0.02035830073584473,21342.16000000003,104.00000000000004,0.02860893104002132,29991.52000000001,157.99999999999983,0.020501939098822163,21492.739999999976,110.00000000000001,0.020558753422762546,21552.300000000003,253.9999999999996,0.02208722662327611,23154.639999999963,2193.000000000002,0.020416984705099436,21403.68000000002,186.99999999999972,0.021196827120327045,22221.209999999966,237.00000000000028,0.02041678438595862,21403.470000000027,315.0000000000003,0.020435557151155827,21423.15000000002,4015.9999999999895,0.02129960991758312,22328.95999999994,2341.000000000002,0.020410364634445538,21396.740000000016,1404.999999999997,0.02041170963439101,21398.149999999954,1053.0000000000018,0.02041057449259309,21396.960000000036,330.9999999999997,0.02045686729213678,21445.489999999983,2502.9999999999973,0.02041409438606751,21400.64999999998,3932.9999999999923,0.020409200875627365,21395.51999999996,2971.9999999999973,0.02041194810955868,21398.39999999998,3741.0000000000077,0.020412062577639212,21398.520000000044,3627.000000000005,0.020412806620162264,21399.300000000032,527.9999999999999,0.020413321726524346,21399.839999999997,599.9999999999998,0.021119360846868433,22139.99999999999,2934.9999999999973,0.020941744542004516,21953.79999999998,2819.000000000004,0.020409859067090138,21396.210000000032,374.9999999999997,0.020600677357234972,21596.249999999985,3312.0000000000086,0.020409200875627455,21395.520000000055,975.0000000000006,0.020414666726469893,21401.25000000001,1078.0,0.020411852719491645,21398.300000000003,950.999999999999,0.02041108959895515,21397.499999999978,170.00000000000009,0.020495795978503595,21486.30000000001,0.0,0.0,,1352.9999999999995,0.02041772874762247,21404.459999999992,3312.000000000002,0.020409200875627413,21395.52000000001,793.9999999999985,0.02094203071220567,21954.09999999996,798.0000000000007,0.020415725556214254,21402.36000000002,119.99999999999987,0.020504667254740053,21495.599999999977,342.9999999999998,0.020462333142979267,21451.219999999987,860.9999999999973,0.020409515662848633,21395.849999999933,15.999999999999995,0.021321740413140864,22352.159999999993,976.0000000000009,0.020416984705099436,21403.68000000002,352.0000000000003,0.020415000591704605,21401.600000000017,549.0000000000009,0.02041873034332663,21405.510000000035,552.9999999999997,0.020409248570660916,21395.569999999985,1231.0000000000011,0.02040849498913118,21394.780000000017,4067.9999999999927,0.020411261301075838,21397.67999999996,524.9999999999998,0.02179472252164634,22847.999999999993,1033.0000000000002,0.02042691481108027,21414.090000000004,782.9999999999998,0.02114485861179331,22166.729999999992,3786.999999999995,0.020410183393318085,21396.549999999974
2025-08-11 00:00:00,305.01000000003114,1047967.3499999999,245.99999999999937,0.02041300237073221,21392.159999999945,46.000000000000064,0.020795457034038352,21792.96000000003,73.00000000000004,0.02040998700961439,21389.00000000001,157.99999999999983,0.020477317351537697,21459.559999999976,113.0,0.02085389396912032,21854.2,235.9999999999996,0.020409681656589747,21388.679999999964,2178.000000000002,0.02040899461228446,21387.960000000017,178.9999999999997,0.020411418351917135,21390.499999999964,236.00000000000026,0.02046598112049963,21447.680000000022,314.00000000000034,0.020416628437899355,21395.960000000025,3881.9999999999895,0.020410769476739848,21389.81999999994,2340.0000000000014,0.020408651090131784,21387.600000000013,1470.999999999997,0.021209448939415867,22226.809999999954,1146.0000000000018,0.021903716752244277,22954.380000000037,327.9999999999997,0.020466210135268035,21447.91999999998,2832.9999999999977,0.022626859510460874,23712.209999999977,3931.9999999999927,0.02041101757607235,21390.07999999996,2970.999999999997,0.020412086311658452,21391.19999999998,3979.000000000008,0.021490306926069833,22521.140000000047,3849.0000000000045,0.02144929419795381,22478.160000000025,549.9999999999999,0.021118978563597426,22131.999999999996,579.9999999999998,0.020411322929096976,21390.399999999994,2894.9999999999977,0.020414805862033758,21394.04999999998,3001.0000000000036,0.02150592764173429,22537.510000000028,371.9999999999997,0.020418040695638073,21397.439999999984,3296.0000000000086,0.020411933635146227,21391.040000000055,1094.0000000000007,0.02246528004903971,23542.880000000016,1075.0,0.02041332680832089,21392.5,995.9999999999991,0.02121317997168517,22230.71999999998,168.00000000000009,0.020494073598762416,21477.12000000001,0.0,0.0,,1335.9999999999995,0.02041033053176704,21389.359999999993,3467.0000000000023,0.021206261817221708,22223.470000000016,778.9999999999985,0.020427086778991695,21406.91999999996,790.0000000000006,0.020421533170856918,21401.100000000017,114.99999999999987,0.020478977708608938,21461.299999999977,358.9999999999998,0.021198103166095765,22214.919999999987,860.9999999999973,0.020408307567979036,21387.239999999932,15.999999999999995,0.02169594310357092,22736.639999999992,990.0000000000009,0.020650834207764222,21641.40000000002,348.0000000000003,0.02040910911966868,21388.080000000016,647.0000000000008,0.023386568293372916,24508.360000000033,554.9999999999997,0.020468910601079308,21450.749999999985,1216.0000000000011,0.02042201028495785,21401.60000000002,4103.999999999993,0.020559800837306588,21545.999999999964,496.9999999999998,0.020435493529450125,21415.729999999992,1037.0000000000005,0.020473471811884227,21455.53000000001,742.9999999999997,0.020426046670251698,21405.82999999999,4032.999999999995,0.02151256907001919,22544.469999999972
2025-08-12 00:00:00,576.920000000031,1055929.4499999997,243.99999999999937,0.020454851410764183,21598.879999999943,38.000000000000064,0.020466310509665245,21610.980000000036,80.00000000000004,0.021976468219538737,23205.600000000013,155.99999999999986,0.020492619085489078,21638.75999999998,112.0,0.020435001599775442,21577.92,256.9999999999996,0.02189513702833079,23119.71999999996,2237.000000000002,0.02086735056021027,22034.45000000002,180.9999999999997,0.020596982118454947,21748.959999999963,238.00000000000023,0.020544649076697338,21693.700000000023,313.00000000000034,0.020470856267906942,21615.780000000024,3885.9999999999886,0.020424944109665607,21567.299999999937,2447.0000000000014,0.021180941586580446,22365.580000000013,1427.999999999997,0.02042068246131402,21562.799999999956,1074.0000000000018,0.020423637204171206,21565.920000000035,336.99999999999966,0.020872417186583808,22039.79999999998,2520.9999999999977,0.02041286943933611,21554.54999999998,4242.999999999993,0.02173879135580504,22954.62999999996,3128.9999999999973,0.0213058836459197,22497.50999999998,3815.0000000000086,0.02041305884592958,21554.75000000005,3665.0000000000045,0.020408749845929604,21550.200000000026,532.9999999999999,0.02041284102834711,21554.519999999993,576.9999999999998,0.020442246401973157,21585.56999999999,2884.9999999999977,0.02040946012065483,21550.949999999983,2866.0000000000036,0.02041075755581969,21552.320000000025,376.99999999999966,0.020636416571201785,21790.59999999998,3266.0000000000086,0.020413863823951554,21555.600000000057,988.0000000000008,0.020416288228347096,21558.160000000018,1116.0,0.021053224720647773,22230.72,960.9999999999992,0.020413513421753685,21555.22999999998,167.0000000000001,0.020493660821752836,21639.860000000015,0.0,0.0,,1483.9999999999995,0.02226148726129383,23506.559999999994,3378.0000000000023,0.020410113573402104,21551.640000000014,797.9999999999986,0.02082042507669425,21984.89999999996,841.0000000000006,0.021496313034928632,22698.590000000015,116.99999999999987,0.020697973714058248,21855.599999999977,368.9999999999998,0.020872956995375013,22040.369999999984,853.9999999999973,0.02042943304592929,21572.03999999993,15.999999999999995,0.021411733520643825,22609.27999999999,990.000000000001,0.020420114241533872,21562.200000000023,343.0000000000003,0.02043195215362165,21574.70000000002,560.0000000000008,0.02041803076900643,21560.00000000003,676.9999999999997,0.02402356521072501,25367.189999999988,1197.0000000000011,0.020416108292083367,21557.970000000023,4081.9999999999936,0.02041136365691853,21552.959999999966,521.9999999999998,0.021252158465700523,22440.77999999999,1113.0000000000005,0.02163959912283914,22849.89000000001,756.9999999999995,0.02072569336900301,21884.869999999988,3800.9999999999955,0.020410141984391075,21551.669999999973
2025-08-13 00:00:00,40124.55000000003,1037551.7499999999,238.99999999999937,0.02042282710235894,21189.739999999943,37.000000000000064,0.020546724536872535,21318.290000000034,73.00000000000004,0.02041857671195679,21185.330000000013,151.99999999999986,0.020514215315043303,21284.55999999998,110.0,0.020408620582057717,21175.0,235.99999999999963,0.02045989513294153,21228.199999999968,2000.0000000000018,0.020413439618794937,21180.00000000002,171.9999999999997,0.020521270384826554,21291.87999999996,217.00000000000023,0.020448223425964078,21216.090000000022,304.0000000000004,0.020410201226107542,21176.640000000025,3871.999999999989,0.02041328540961927,21179.83999999994,2322.0000000000014,0.020410201226107528,21176.64000000001,1403.9999999999975,0.020419569433524604,21186.35999999996,1019.0000000000017,0.020428089490476056,21195.200000000037,323.99999999999966,0.02041644669771891,21183.119999999977,2494.999999999998,0.02041589732753088,21182.549999999985,3921.9999999999923,0.020412283049977952,21178.79999999996,2944.9999999999973,0.02040818686875135,21174.54999999998,3775.0000000000086,0.020411271052263227,21177.75000000005,3583.0000000000045,0.020409131399951888,21175.530000000028,527.9999999999999,0.020442122525454753,21209.759999999995,560.9999999999998,0.020416678011482312,21183.35999999999,2865.9999999999977,0.02041318902888457,21179.739999999983,2854.0000000000036,0.02041023977840144,21176.680000000026,367.9999999999996,0.020450912448463393,21218.879999999976,3233.0000000000086,0.02040972896050733,21176.150000000056,982.0000000000009,0.020415116643579485,21181.74000000002,1060.0,0.02041228304997799,21178.8,952.9999999999993,0.02042762686294923,21194.719999999983,165.00000000000009,0.0204526183874684,21220.650000000012,0.0,0.0,,1337.9999999999995,0.02041396007476253,21180.539999999994,3330.0000000000027,0.020412283049978008,21178.800000000017,772.9999999999986,0.020428532841855807,21195.659999999963,785.0000000000005,0.020427896729006544,21195.00000000001,112.99999999999986,0.02048383610745197,21253.039999999975,354.9999999999998,0.02046408769490292,21232.54999999999,839.9999999999974,0.020426161875781074,21193.199999999935,15.999999999999995,0.021528988795016725,22337.43999999999,975.000000000001,0.020410548196752618,21177.000000000022,337.0000000000003,0.020456097731992664,21224.260000000017,0.0,0.0,,563.9999999999997,0.020433448259327778,21200.759999999987,1178.000000000001,0.02042521734458066,21192.220000000016,3972.9999999999923,0.02040967113206639,21176.08999999996,497.9999999999999,0.020413381790354068,21179.939999999995,1032.0000000000005,0.020410201226107528,21176.64000000001,728.9999999999997,0.020410981910058936,21177.44999999999,3761.999999999996,0.020413497447235744,21180.059999999976
2025-08-14 00:00:00,841.7300000000396,1044029.8199999998,238.9999999999994,0.020479242633127042,21380.939999999944,34.000000000000064,0.020709121124528843,21620.94000000004,79.00000000000004,0.02181593816927568,22776.490000000013,139.99999999999983,0.0204361978856121,21335.999999999975,117.0,0.0215211094257825,22468.68,265.99999999999966,0.02260935420407817,23604.839999999967,1997.0000000000018,0.02040936915001147,21307.99000000002,186.9999999999997,0.021930676271296513,22896.279999999962,217.00000000000023,0.020437739987158633,21337.610000000022,288.0000000000004,0.0204159685783688,21314.88000000003,4098.999999999989,0.021436686549815166,22380.53999999994,2486.000000000001,0.02164472658453378,22597.74000000001,1526.9999999999975,0.021939028523150775,22904.999999999964,1018.0000000000017,0.020427673224889344,21327.100000000035,382.99999999999966,0.02354428918514989,24580.93999999998,2737.999999999998,0.022107931744708202,23081.339999999986,4208.999999999992,0.02168943795111136,22644.419999999955,2989.999999999998,0.020677378736174402,21587.799999999985,4100.000000000008,0.021913167192868163,22878.000000000047,3552.000000000005,0.02041321003647198,21312.00000000003,524.9999999999999,0.020411054925615058,21309.749999999996,538.9999999999998,0.020444243632811176,21344.39999999999,3022.9999999999977,0.0213688723948517,22309.739999999983,2927.000000000003,0.020858484674317092,21776.880000000026,363.99999999999955,0.02045523948731654,21355.879999999976,3195.000000000009,0.020411916969957873,21310.65000000006,1025.000000000001,0.021176837650097032,22109.25000000002,1080.0000000000002,0.020740786886719393,21654.000000000004,1012.9999999999994,0.021511080976595088,22458.20999999999,178.00000000000009,0.021770278553921014,22728.82000000001,0.0,0.0,,1571.9999999999998,0.023428756086679596,24460.319999999996,3314.000000000003,0.020410355711870398,21309.02000000002,795.9999999999987,0.020928712553440254,21850.199999999964,877.0000000000006,0.02244518264813549,23433.440000000013,117.99999999999986,0.02117383965143829,22106.119999999974,367.9999999999998,0.021046601906447457,21973.279999999988,870.9999999999974,0.021056908125478578,21984.03999999993,15.999999999999995,0.021501761319422847,22448.479999999992,1050.000000000001,0.0217536889894582,22711.50000000002,365.0000000000003,0.021853925589979818,22816.150000000016,0.0,0.0,,555.9999999999997,0.020423363003175515,21322.599999999988,1191.000000000001,0.020602342565272724,21509.460000000014,4496.999999999993,0.022699725186010457,23699.18999999996,498.9999999999999,0.02044216514811809,21342.229999999996,1053.0000000000005,0.020766906830304917,21681.270000000008,755.9999999999997,0.021057329569379536,21984.47999999999,4081.999999999996,0.02189516004437496,22859.199999999975
2025-08-15 00:00:00,468.4100000000399,1047701.1599999998,232.9999999999994,0.020424450040696672,21398.719999999947,45.00000000000006,0.02658377318203985,27851.85000000003,74.00000000000004,0.020532381581022604,21511.80000000001,139.99999999999983,0.02054765311131275,21527.799999999974,110.99999999999999,0.020574760077577848,21556.199999999997,230.99999999999966,0.020460796282787328,21436.799999999967,1925.000000000002,0.0204130250270984,21386.750000000022,173.9999999999997,0.020490690303330353,21468.11999999996,268.0000000000002,0.02492752799853732,26116.600000000024,343.00000000000045,0.0240855989889331,25234.51000000003,4004.9999999999895,0.020412977303566168,21386.699999999943,2366.000000000001,0.020414828976613914,21388.640000000007,1435.9999999999973,0.02042223566880461,21396.39999999996,1015.0000000000017,0.02041235689764822,21386.050000000036,331.9999999999996,0.020410514769306908,21384.119999999974,2542.9999999999977,0.02041291049062119,21386.629999999983,3996.9999999999923,0.020410352509297555,21383.949999999957,3087.999999999999,0.02104447417047815,22048.319999999992,3846.0000000000086,0.020410171159875444,21383.760000000046,5211.000000000005,0.029295367010951895,30692.790000000026,508.9999999999999,0.020443539453559447,21418.719999999994,538.9999999999998,0.0204240491630266,21398.299999999992,2953.999999999998,0.020413225465933427,21386.95999999999,3226.000000000003,0.022385219082891945,23453.020000000022,363.99999999999955,0.020446097434883032,21421.399999999972,4143.000000000009,0.0260988543717944,27343.800000000057,994.0000000000009,0.02042645442904733,21400.82000000002,1045.0000000000002,0.02041722469792818,21391.150000000005,982.9999999999995,0.020416203414340015,21390.07999999999,167.00000000000009,0.02044898948093177,21424.43000000001,0.0,0.0,,1323.9999999999998,0.020421701165244485,21395.839999999997,3553.0000000000027,0.021805635874260196,22845.790000000015,779.9999999999987,0.020413836327145014,21387.599999999966,802.0000000000006,0.020423151960622072,21397.360000000015,113.99999999999986,0.02051932442262446,21498.119999999974,358.9999999999998,0.020411956019978056,21385.629999999986,848.9999999999973,0.020412605060015337,21386.309999999932,15.999999999999995,0.02135143192931083,22369.91999999999,989.0000000000009,0.020427542525580506,21401.96000000002,340.00000000000034,0.02044151597579602,21416.60000000002,0.0,0.0,,548.9999999999995,0.020436170940194422,21410.99999999998,1163.000000000001,0.020424908186605445,21399.200000000015,4041.9999999999923,0.02040866309625921,21382.17999999996,638.9999999999999,0.025792956075375538,27023.309999999994,1034.0000000000007,0.020419429525113837,21393.460000000014,700.9999999999995,0.020427132103203925,21401.529999999988,3824.9999999999955,0.020408252673882674,21381.749999999975
2025-08-18 00:00:00,417.450000000048,1053268.6599999997,232.9999999999994,0.02042045948656628,21508.229999999945,34.00000000000006,0.02054909713159038,21643.720000000038,72.00000000000004,0.02064430550890978,21744.000000000015,140.99999999999983,0.020417696658704323,21505.319999999974,110.99999999999999,0.020493403838674935,21585.059999999998,236.99999999999966,0.020595514538522368,21692.609999999968,2047.000000000002,0.020931212365133914,22046.19000000002,167.9999999999997,0.020418038451841872,21505.679999999957,223.00000000000026,0.020458683352450675,21548.490000000023,289.00000000000045,0.0204223963143459,21510.270000000037,4039.999999999989,0.020482523423795737,21573.59999999994,2386.000000000001,0.02047857381420616,21569.440000000006,1456.999999999997,0.020528361681244712,21621.879999999957,1066.0000000000018,0.020828759872148897,21938.280000000035,329.9999999999996,0.02041530410674137,21502.799999999974,2590.9999999999977,0.020565275340101722,21660.75999999998,4097.999999999992,0.02062094964450947,21719.399999999954,2948.999999999999,0.02041094624423744,21498.209999999992,3904.0000000000086,0.020534324072644536,21628.160000000047,3625.0000000000045,0.020409085370488505,21496.250000000025,503.9999999999999,0.020422823555767813,21510.719999999994,538.9999999999998,0.020418437210502398,21506.09999999999,2993.999999999998,0.020523424669257693,21616.679999999986,2953.0000000000036,0.020410594956846082,21497.840000000026,370.99999999999955,0.020567107731089218,21662.689999999973,3218.000000000009,0.020409075876234715,21496.24000000006,1034.000000000001,0.0207434445073112,21848.420000000016,1046.0000000000002,0.02040818341637547,21495.300000000007,974.9999999999994,0.02042071583141949,21508.499999999985,167.00000000000009,0.020385292770412455,21471.19000000001,972.0,0.035298686281997615,37179.0,1317.9999999999998,0.02040939868086458,21496.579999999994,3328.000000000003,0.020411582359243487,21498.88000000002,785.9999999999987,0.020469592250091227,21559.979999999967,806.0000000000005,0.02044712884555021,21536.32000000001,113.99999999999986,0.020541824533163246,21636.059999999972,354.9999999999998,0.02045532238659792,21544.949999999986,859.9999999999973,0.020510626415106606,21603.19999999993,15.999999999999995,0.021336094819340772,22472.639999999992,996.0000000000009,0.02046338300809219,21553.44000000002,344.00000000000034,0.020481232205276124,21572.240000000023,0.0,0.0,,501.9999999999996,0.020446635144351476,21535.79999999998,1188.0000000000011,0.020584491709835957,21681.000000000022,3973.9999999999927,0.020412019094919208,21499.33999999996,505.99999999999983,0.020417392842582063,21504.999999999993,1068.0000000000005,0.020675180822336457,21776.52000000001,690.9999999999997,0.02042292799255984,21510.829999999987,3859.999999999996,0.02048613124024784,21577.399999999976
2025-08-19 00:00:00,456.9600000000428,1044615.1999999998,237.9999999999994,0.020357065453384126,21265.299999999945,34.00000000000006,0.020369433644082568,21278.220000000038,72.00000000000004,0.020425894626078595,21337.200000000015,142.99999999999983,0.02034770315423323,21255.51999999997,110.99999999999999,0.020360329813313077,21268.71,237.99999999999963,0.020368457207974738,21277.199999999968,1965.000000000002,0.020409668555464274,21320.250000000022,168.99999999999972,0.020276145704178884,21180.769999999964,236.00000000000028,0.020312513162741675,21218.760000000024,292.00000000000045,0.02038882834559562,21298.480000000032,3911.9999999999886,0.020409812149009457,21320.39999999994,2359.000000000001,0.020414560308906104,21325.360000000008,1447.999999999997,0.020418083137216422,21329.039999999957,1061.0000000000016,0.020425425553830766,21336.710000000032,325.99999999999966,0.020434778280078617,21346.479999999978,2568.9999999999977,0.020412013916703477,21322.699999999983,4076.999999999992,0.02041202348960647,21322.70999999996,2959.9999999999995,0.020401770910474976,21311.999999999996,3877.0000000000086,0.020412779748944922,21323.500000000047,3536.0000000000045,0.020411420396716447,21322.080000000027,510.9999999999999,0.020364369578386377,21272.929999999997,544.9999999999999,0.02038372598828736,21293.149999999994,2936.9999999999986,0.020411937333479343,21322.619999999988,2901.000000000003,0.020411678865097913,21322.350000000024,371.99999999999955,0.020387411555949003,21296.999999999975,3149.0000000000086,0.02040821347420568,21318.730000000058,998.0000000000009,0.020416379160479402,21327.26000000002,1052.0000000000002,0.02038308460378521,21292.480000000003,969.9999999999993,0.02041928932299663,21330.299999999985,163.0000000000001,0.020465985943915056,21379.080000000013,571.9999999999999,0.020418887261069912,21329.879999999994,1332.9999999999995,0.020378805516136467,21288.009999999995,3326.000000000004,0.020409103754186256,21319.660000000025,777.9999999999987,0.02042164425713887,21332.759999999966,798.0000000000006,0.020419519072669073,21330.540000000015,110.99999999999987,0.020585599367116212,21504.029999999973,357.99999999999983,0.02037753232003516,21286.67999999999,855.9999999999973,0.0204286516221475,21340.079999999933,15.999999999999995,0.02165834845213816,22624.639999999992,985.0000000000009,0.020423884316444967,21335.10000000002,343.0000000000003,0.020420122165559166,21331.170000000016,516.0,0.01895825371868991,19804.08,479.99999999999955,0.020424745877716487,21335.99999999998,1185.0000000000011,0.020419002135906146,21330.000000000022,3976.9999999999927,0.02040628932069911,21316.71999999996,502.9999999999998,0.02041150655284357,21322.16999999999,1070.0000000000005,0.020393825400970626,21303.700000000008,698.9999999999997,0.020375493291692474,21284.54999999999,3820.9999999999955,0.02041055883544484,21321.179999999975
2025-08-20 00:00:00,398.7300000000423,1060827.8299999998,234.99999999999943,0.020442337000151994,21685.79999999995,32.00000000000006,0.02047789413669515,21723.52000000004,72.00000000000004,0.020428649576435053,21671.280000000013,139.99999999999983,0.02054810345614705,21797.99999999997,110.0,0.020532172501545327,21781.1,233.99999999999963,0.020439169662432376,21682.439999999966,1974.0000000000023,0.02037587946764182,21615.300000000025,168.99999999999972,0.020519069527050366,21767.199999999964,236.0000000000003,0.020346902098147282,21584.560000000027,285.00000000000045,0.020436822438943777,21679.950000000033,3893.999999999988,0.020409193073300063,21650.639999999934,2386.0000000000014,0.0203326490784089,21569.44000000001,1444.999999999997,0.020418534834252943,21660.549999999956,1063.0000000000016,0.020381648547059737,21621.42000000003,325.99999999999966,0.020405196194749134,21646.39999999998,2574.9999999999977,0.020389736570165195,21629.99999999998,4130.999999999992,0.02032735132900874,21563.819999999956,2995.9999999999995,0.020334308160071556,21571.199999999997,3911.0000000000086,0.020350823563895424,21588.720000000045,3578.0000000000045,0.020338210772618995,21575.34000000003,513.9999999999999,0.020330763758337672,21567.439999999995,536.9999999999998,0.020425510518516467,21667.94999999999,2971.999999999998,0.020339511643468092,21576.719999999987,2926.000000000003,0.02035568768967913,21593.880000000023,371.99999999999955,0.020426500311553835,21668.999999999975,3165.0000000000086,0.020377434856700603,21616.95000000006,998.000000000001,0.020395995832801658,21636.64000000002,1053.0000000000002,0.020398361909491014,21639.150000000005,978.9999999999994,0.020330697772135174,21567.369999999988,164.00000000000014,0.020327860365428028,21564.36000000002,573.9999999999999,0.020371920295492247,21611.099999999995,1334.9999999999993,0.020386908590058383,21626.99999999999,3370.0000000000036,0.02033129164795764,21568.000000000025,784.9999999999987,0.02033487375609289,21571.799999999967,801.0000000000005,0.02037180717628799,21610.980000000014,109.99999999999987,0.020426406045550276,21668.899999999976,359.9999999999998,0.02036145676909701,21599.999999999985,861.9999999999974,0.02033870095583742,21575.859999999935,15.999999999999995,0.021508334674817116,22816.639999999992,996.000000000001,0.02033634430574849,21573.360000000022,343.0000000000003,0.020382874005106015,21622.72000000002,568.0,0.01986448639832536,21072.8,476.99999999999955,0.02042754666419336,21670.10999999998,1094.0000000000011,0.02041914756327615,21661.200000000023,4001.9999999999927,0.020371637497481533,21610.799999999963,507.9999999999999,0.020323297890855668,21559.519999999993,1055.0000000000007,0.020427160173578793,21669.70000000001,704.9999999999998,0.02032271344163359,21558.89999999999,3838.9999999999955,0.020374248665780175,21613.569999999974
2025-08-21 00:00:00,815.3300000000418,1066322.63,236.99999999999946,0.020236698906033676,21578.84999999995,32.00000000000006,0.020835720236004034,22217.60000000004,72.00000000000004,0.02023155037045403,21573.36000000001,139.99999999999983,0.020345061981850633,21694.399999999976,108.0,0.020500624656160586,21860.28,236.9999999999996,0.02022114076299775,21562.259999999966,1968.0000000000023,0.020412283663153646,21766.080000000027,168.99999999999972,0.020513181831281185,21873.669999999966,237.0000000000003,0.020303376661902062,21649.950000000026,287.00000000000045,0.020248102584111936,21591.010000000035,3886.999999999988,0.020413334001923914,21767.19999999993,2381.000000000001,0.020408776281902612,21762.34000000001,1441.9999999999973,0.02041989861923868,21774.199999999957,1066.0000000000016,0.02037383376173873,21725.08000000003,325.99999999999966,0.020446794794179674,21802.879999999976,2551.9999999999977,0.020414609413287967,21768.55999999998,4105.999999999992,0.02040826986856685,21761.799999999956,2960.9999999999995,0.020409723462400865,21763.349999999995,3893.000000000009,0.020408335514740087,21761.87000000005,3562.000000000004,0.020410164229563457,21763.820000000025,517.9999999999999,0.020320247728400923,21667.939999999995,541.9999999999998,0.020280728732166166,21625.79999999999,2979.999999999998,0.020373008495561975,21724.199999999986,2927.000000000003,0.020394962451467456,21747.610000000022,370.99999999999955,0.02041274318636563,21766.569999999974,3118.0000000000086,0.020409995425118253,21763.64000000006,993.0000000000011,0.02041273380834094,21766.560000000027,1051.0,0.020412405577475184,21766.21,983.9999999999993,0.02034768782877654,21697.199999999986,164.00000000000014,0.02025387006932416,21597.160000000018,577.9999999999999,0.020305186620675958,21651.879999999997,1339.999999999999,0.020357816095490713,21707.999999999985,3390.0000000000036,0.020346562465808335,21696.000000000025,785.9999999999985,0.02037379624963972,21725.03999999996,801.0000000000003,0.020402042860142633,21755.16000000001,110.99999999999986,0.02023731785566623,21579.509999999973,358.99999999999983,0.02044940188505611,21805.65999999999,859.9999999999974,0.020420836421712194,21775.199999999935,15.999999999999995,0.02137124296049123,22788.639999999992,997.0000000000009,0.020392111531947907,21744.570000000018,332.00000000000034,0.020424587631606414,21779.20000000002,584.0,0.020110686387664868,21444.48,483.99999999999955,0.02024377931470889,21586.39999999998,1097.0000000000011,0.020369632406657286,21720.600000000024,3921.9999999999927,0.020413240221676586,21767.09999999996,510.99999999999994,0.020347556536430254,21697.059999999998,1052.0000000000007,0.020412096102658928,21765.880000000016,712.9999999999997,0.02026687738963206,21611.029999999988,3771.9999999999964,0.020410745667097,21764.439999999977
2025-08-22 00:00:00,579.4800000000396,1096875.64,215.99999999999946,0.020474080361562178,22457.519999999942,27.00000000000006,0.020513464953966935,22500.720000000052,68.00000000000006,0.02041843139118307,22396.48000000002,120.99999999999982,0.020514969226593426,22502.369999999966,103.99999999999999,0.020461025098524387,22443.199999999997,226.9999999999996,0.020469567543682492,22452.56999999996,2011.000000000002,0.02036895449697472,22342.21000000002,164.99999999999972,0.020522791444251568,22510.94999999996,238.0000000000003,0.020320170479854974,22288.70000000003,271.00000000000045,0.020447131089537225,22427.96000000004,3995.9999999999877,0.020364788117639237,22337.63999999993,2446.0000000000014,0.020359628006689997,22331.980000000014,1477.9999999999973,0.02036017501491779,22332.579999999958,1093.0000000000014,0.020367778429284868,22340.92000000003,331.9999999999996,0.020349034280677414,22320.359999999975,2635.9999999999977,0.0203550149039685,22326.919999999984,4206.999999999993,0.02036618298862026,22339.16999999996,3011.999999999999,0.020375181273968302,22349.039999999994,3989.000000000009,0.020365480994727944,22338.40000000005,3662.000000000004,0.020365298658651974,22338.200000000023,523.9999999999999,0.020379557339791042,22353.839999999993,547.9999999999998,0.02037372258536072,22347.43999999999,3051.999999999998,0.020367523158778503,22340.63999999999,3014.000000000003,0.020361232564158345,22333.740000000023,374.99999999999955,0.02035896248001275,22331.24999999997,3171.0000000000086,0.020381116313240452,22355.55000000006,1017.0000000000011,0.020351577868936925,22323.150000000023,1049.0,0.020418130536657742,22396.15,1005.9999999999992,0.02036991176137341,22343.259999999984,167.0000000000001,0.020348295819569866,22319.550000000017,594.9999999999999,0.020352717469411575,22324.399999999998,1352.9999999999993,0.020377478708525232,22351.559999999987,3484.0000000000036,0.020360047379664688,22332.440000000024,806.9999999999985,0.02035018299795587,22321.61999999996,821.0000000000003,0.020366401791911445,22339.41000000001,112.99999999999986,0.020247527787197437,22209.01999999997,358.99999999999983,0.020423099194727297,22401.599999999988,875.9999999999973,0.020373102642702444,22346.759999999933,15.999999999999995,0.021004970080290956,23039.839999999993,1028.000000000001,0.020346773313335703,22317.88000000002,333.00000000000034,0.020392111178620054,22367.610000000022,603.9999999999999,0.020335687279918076,22305.719999999994,466.9999999999995,0.02041493965532864,22392.649999999976,1106.0000000000014,0.020378116884791086,22352.260000000028,3872.9999999999927,0.020408822279980584,22385.93999999996,527.9999999999999,0.020337765911183876,22307.999999999996,1065.0000000000007,0.020380022296784726,22354.350000000013,707.9999999999995,0.02041620689105648,22394.039999999986,3889.9999999999964,0.020356546527006456,22328.59999999998
2025-08-25 00:00:00,680.0500000000393,1122264.49,220.99999999999943,0.020316574393260848,22800.56999999994,25.000000000000064,0.020683181377324042,23212.00000000006,70.00000000000006,0.02018543774827984,22653.40000000002,109.9999999999998,0.02058436331706438,23101.09999999996,107.99999999999999,0.020305373825024082,22787.999999999996,225.9999999999996,0.020496309207823162,23002.27999999996,1896.000000000002,0.020408451130802537,22903.680000000026,166.9999999999997,0.020338841871402315,22825.559999999958,230.0000000000003,0.020418448774049722,22914.90000000003,252.00000000000048,0.020442667663841035,22942.080000000045,4098.999999999988,0.02034407236746833,22831.429999999935,2472.0000000000014,0.02037487615775851,22866.00000000001,1487.9999999999975,0.0203921982776092,22885.439999999962,1042.0000000000014,0.020417272580726523,22913.580000000027,331.9999999999996,0.020409342186350363,22904.67999999997,2673.9999999999973,0.02037193567445049,22862.69999999998,4272.999999999993,0.020370019905022536,22860.54999999996,3052.9999999999995,0.02037574048163994,22866.969999999998,4002.0000000000095,0.020397544610896545,22891.440000000053,3717.0000000000036,0.020369128849474716,22859.550000000025,535.9999999999999,0.02035555807348052,22844.319999999992,549.9999999999998,0.0203726485188888,22863.49999999999,3135.999999999998,0.020342869442478744,22830.079999999987,3042.0000000000036,0.020383644144349636,22875.840000000026,379.99999999999955,0.02033299654700825,22818.99999999997,3257.000000000008,0.020344197115245145,22831.570000000058,1036.0000000000011,0.02035509472459565,22843.800000000025,1064.0,0.02037430588220786,22865.359999999997,1020.9999999999991,0.020369699125025318,22860.18999999998,168.00000000000009,0.02029297033179765,22774.080000000013,599.9999999999999,0.02038022249104576,22871.999999999993,1363.9999999999993,0.020382254097694914,22874.279999999988,3424.000000000003,0.02041101737078042,22906.560000000023,812.9999999999985,0.020385408434334375,22877.81999999996,826.0000000000002,0.020380169027712898,22871.940000000006,111.99999999999986,0.02052649816978525,23036.15999999997,357.9999999999999,0.020431814607267843,22929.89999999999,881.9999999999973,0.02037081294446012,22861.43999999993,15.999999999999995,0.020905873979849436,23461.91999999999,1034.0000000000007,0.02038950728985466,22882.420000000013,335.00000000000034,0.02034899099409269,22836.950000000023,610.9999999999999,0.02037819979495208,22869.729999999996,434.9999999999995,0.020423126815676023,22920.149999999972,1114.0000000000014,0.020378814623280145,22870.42000000003,3995.9999999999923,0.020331357004800144,22817.159999999956,533.0,0.020355611536813395,22844.38,1073.0000000000007,0.02038410749323452,22876.360000000015,716.9999999999994,0.02034854546631872,22836.449999999983,3972.9999999999964,0.020355941227366094,22844.749999999978
2025-08-26 00:00:00,1140.3500000000386,1115245.7399999998,223.99999999999943,0.02027205232812631,22608.319999999945,25.000000000000064,0.019971831499665773,22273.50000000006,70.00000000000006,0.020136727892814028,22457.400000000016,113.9999999999998,0.020151576638167624,22473.95999999996,107.0,0.020530838342408736,22896.93,220.99999999999957,0.020490013259319838,22851.399999999958,1889.0000000000018,0.020410255052846046,22762.450000000023,160.9999999999997,0.020528390451417425,22894.199999999953,235.00000000000028,0.020323547705279766,22665.75000000003,250.00000000000048,0.02045513305435271,22812.500000000044,4099.999999999988,0.02040357491076356,22754.999999999935,2466.000000000001,0.020409116290370243,22761.18000000001,1477.9999999999973,0.02040913422363753,22761.199999999957,1027.0000000000014,0.020415760565917998,22768.590000000033,319.9999999999996,0.020418100857305204,22771.19999999997,2662.999999999997,0.020415814365719955,22768.649999999976,4238.999999999993,0.020411133782945422,22763.42999999996,3071.999999999999,0.020383668984021407,22732.799999999996,3987.000000000009,0.020413231975223736,22765.77000000005,3701.000000000004,0.020409089390469252,22761.150000000027,535.9999999999999,0.020411573147995167,22763.919999999995,554.9999999999999,0.020363763057279195,22710.599999999995,3141.999999999998,0.020397370000265584,22748.079999999987,3052.000000000004,0.02038779363550856,22737.40000000003,380.99999999999955,0.020350824204896742,22696.169999999973,3238.000000000008,0.020410873750569145,22763.140000000058,1041.0000000000011,0.020376701909661656,22725.030000000024,1069.0000000000002,0.020378414536692164,22726.940000000006,1019.9999999999991,0.020413796873144735,22766.39999999998,169.00000000000009,0.02034523799212182,22689.94000000001,600.9999999999999,0.020397163767691236,22747.849999999995,1350.9999999999995,0.020411958713242875,22764.349999999995,3440.0000000000027,0.020388690298875318,22738.40000000002,809.9999999999986,0.02040895489096418,22760.999999999964,818.0000000000002,0.020427157157309573,22781.300000000007,109.99999999999984,0.02050579453457493,22868.999999999967,362.99999999999994,0.020300736589229203,22640.309999999994,875.9999999999973,0.02041455007037277,22767.23999999993,15.999999999999998,0.020912341705066725,23322.399999999998,1026.0000000000007,0.02042348083750584,22777.200000000015,327.0000000000003,0.02041613716453203,22769.010000000017,614.9999999999999,0.020348430113707495,22693.499999999996,457.9999999999995,0.02016809317738347,22492.379999999976,1151.0000000000014,0.020279969865654925,22617.150000000027,4004.9999999999923,0.02039765693254292,22748.399999999954,535.0,0.020392680450857407,22742.85,1073.0000000000007,0.020425803195625765,22779.790000000015,722.9999999999994,0.02034974820885663,22694.969999999983,3972.999999999996,0.020412801576807624,22765.28999999998
2025-08-27 00:00:00,790.5500000000384,1097863.9,220.9999999999994,0.020433962716143544,22433.70999999994,25.000000000000064,0.0209468131705579,22996.75000000006,70.00000000000006,0.02064554631953926,22666.00000000002,115.99999999999982,0.020271875229707404,22255.759999999966,106.99999999999999,0.020176581086234824,22151.14,207.9999999999996,0.020461552656936763,22463.999999999956,1908.000000000002,0.02035104715620946,22342.680000000026,160.9999999999997,0.020375330676234055,22369.339999999956,235.00000000000028,0.020345645758094447,22336.750000000025,252.00000000000048,0.020343833147259915,22334.760000000042,4113.999999999988,0.020385186178359577,22380.159999999938,2473.000000000001,0.02038563249962041,22380.65000000001,1482.9999999999975,0.020383646825439805,22378.46999999996,1005.0000000000011,0.02042288666199884,22421.550000000025,324.9999999999996,0.020260252659733118,22242.99999999997,2662.999999999997,0.020399459350107035,22395.829999999973,4261.999999999994,0.020380941572083724,22375.499999999967,3069.999999999999,0.020413277091996553,22410.999999999993,4021.0000000000086,0.0203638720610087,22356.760000000046,3788.000000000004,0.020287979229483753,22273.440000000024,538.9999999999999,0.020335289283125165,22325.379999999997,561.9999999999998,0.02034303159070992,22333.879999999994,3151.999999999998,0.0203843117530324,22379.199999999986,3072.000000000004,0.020370612422906,22364.16000000003,385.99999999999955,0.020300913437448827,22287.639999999974,3260.000000000008,0.02037010234146515,22363.600000000057,1047.000000000001,0.020360857115349202,22353.450000000023,1081.0000000000002,0.02033280263610089,22322.65,1019.9999999999991,0.020383947409146053,22378.79999999998,170.0000000000001,0.020363817409425715,22356.70000000001,600.9999999999999,0.020391644173745033,22387.249999999996,1352.9999999999993,0.02039610738635271,22392.14999999999,3385.0000000000027,0.020411182114650112,22408.70000000002,807.9999999999986,0.020423296548870918,22421.999999999964,819.0000000000003,0.020388018952075943,22383.270000000008,111.99999999999984,0.020295120369655993,22281.27999999997,363.99999999999994,0.020367296893540263,22360.519999999997,876.9999999999974,0.020377999495201488,22372.269999999935,15.999999999999998,0.02075361071622812,22784.639999999996,1026.0000000000007,0.020419744195979136,22418.100000000017,328.0000000000002,0.020330753201740232,22320.400000000016,613.9999999999999,0.02043564780661792,22435.559999999994,419.99999999999955,0.02045171537200556,22453.199999999975,1178.0000000000014,0.020290292813162022,22275.980000000025,4035.999999999992,0.020366313165047105,22359.439999999955,534.0000000000001,0.020423897716283418,22422.660000000007,1068.0000000000007,0.020419033725400767,22417.320000000014,729.9999999999995,0.020346784332739228,22337.999999999985,3965.9999999999955,0.020410453426877393,22407.899999999976
2025-08-28 00:00:00,714.4200000000401,1115592.3299999998,190.99999999999943,0.020411596053192593,22771.01999999993,22.00000000000006,0.02099637956456734,23423.400000000067,68.00000000000006,0.0206025080864441,22984.00000000002,111.99999999999982,0.020571959292692486,22949.919999999962,100.99999999999999,0.0204156118570661,22775.499999999996,194.99999999999963,0.02050345756679768,22873.499999999956,1918.0000000000018,0.020390495155161222,22747.48000000002,159.99999999999966,0.02043613906882988,22798.399999999954,238.00000000000028,0.02033979563125898,22690.920000000027,247.00000000000048,0.02046686713954016,22832.680000000044,4191.999999999988,0.020366436187312202,22720.639999999934,2522.000000000001,0.02036874886007867,22723.22000000001,1480.9999999999975,0.020417655614394518,22777.779999999962,1019.0000000000011,0.02036917912477941,22723.700000000026,329.99999999999966,0.020313065436726313,22661.099999999977,2699.9999999999973,0.02037841188814912,22733.999999999978,4344.999999999994,0.020369761774894926,22724.34999999997,3075.999999999999,0.02040386921627544,22762.399999999994,4088.0000000000077,0.02037418095192537,22729.280000000042,3864.0000000000045,0.020366149344178464,22720.320000000025,550.9999999999999,0.0203638277075641,22717.729999999992,568.9999999999998,0.020371115315932647,22725.85999999999,3213.999999999998,0.02036853372772829,22722.97999999999,3134.0000000000045,0.02036720707823442,22721.500000000033,391.9999999999995,0.020341552545453563,22692.879999999972,3353.0000000000077,0.02034776449207037,22699.810000000052,1115.000000000001,0.020279226910783814,22623.350000000017,1088.0000000000002,0.020392825755623477,22750.080000000005,1023.999999999999,0.020386515206679466,22743.03999999998,173.0000000000001,0.020325623787678795,22675.110000000015,615.0,0.02035313383698147,22705.8,1347.9999999999993,0.020408637983375152,22767.71999999999,3477.0000000000023,0.020352246416036238,22704.810000000016,820.9999999999985,0.020355876774448566,22708.85999999996,835.0000000000003,0.020366176235722244,22720.35000000001,113.99999999999984,0.020193344283749217,22527.53999999997,365.99999999999994,0.02033748295849255,22688.339999999997,883.9999999999976,0.020388558964007878,22745.319999999938,15.999999999999998,0.020396554716363098,22754.239999999998,1036.0000000000007,0.020374682927409526,22729.840000000015,333.0000000000002,0.020336541754459727,22687.290000000015,616.9999999999999,0.02036401594837067,22717.939999999995,405.99999999999955,0.020431155169379815,22792.839999999975,1200.0000000000014,0.020362276961871928,22716.000000000025,4022.9999999999923,0.020410843089966345,22770.179999999957,541.0,0.020353106945437675,22705.77,1086.0000000000005,0.020365073682426637,22719.12000000001,729.9999999999995,0.02042260365845289,22783.299999999985,4009.999999999996,0.020380832127090704,22736.699999999975
2025-08-29 00:00:00,1392.0200000000386,1117256.2899999998,197.9999999999994,0.020337750794851145,22722.479999999934,22.00000000000006,0.019704091350427812,22014.52000000006,68.00000000000006,0.02035880236574907,22746.00000000002,115.9999999999998,0.02018684540142528,22553.87999999996,104.99999999999997,0.020127745264249083,22487.84999999999,185.99999999999966,0.020427005159219077,22822.199999999957,1845.0000000000018,0.020410894263123844,22804.200000000023,159.99999999999966,0.020454393682581066,22852.799999999952,222.0000000000003,0.02045627328712559,22854.900000000034,256.00000000000045,0.02026220859315999,22638.08000000004,4211.999999999988,0.02039542780287229,22786.919999999936,2561.000000000001,0.020377857975630655,22767.290000000008,1542.9999999999975,0.02032922992091633,22712.959999999963,998.0000000000011,0.02041991636493721,22814.280000000024,329.99999999999966,0.0203920982176793,22783.19999999998,2682.9999999999973,0.0204120578278418,22805.499999999978,4302.999999999994,0.020412415847755015,22805.899999999965,3068.9999999999995,0.020409524836955722,22802.669999999995,4079.0000000000073,0.020408576084185705,22801.61000000004,3852.0000000000045,0.02041057204520194,22803.840000000026,544.9999999999999,0.02040964119342752,22802.799999999996,565.9999999999998,0.020420972523681205,22815.459999999992,3202.9999999999973,0.020411932520872172,22805.359999999982,3200.000000000005,0.020364172664447514,22752.000000000036,386.9999999999995,0.02041242479825285,22805.90999999997,3366.000000000008,0.020396233347677158,22787.820000000054,1120.000000000001,0.020389950098199962,22780.800000000017,1094.0,0.020386620513006923,22777.08,1040.999999999999,0.020358668108281575,22745.84999999998,167.00000000000009,0.02041805466138841,22812.20000000001,623.0000000000001,0.020347408382010553,22733.270000000004,1327.999999999999,0.02040871034165312,22801.759999999987,3515.0000000000023,0.020386727918980902,22777.200000000015,817.9999999999985,0.020412362144768024,22805.839999999956,812.0000000000003,0.020415262106065223,22809.08000000001,112.99999999999984,0.020432429160904503,22828.25999999997,360.9999999999999,0.020462744497057164,22862.129999999994,877.9999999999976,0.020424337910865505,22819.219999999936,15.999999999999998,0.020851652578299653,23296.639999999996,1053.000000000001,0.020357728306009383,22744.80000000002,333.0000000000002,0.020446338234533477,22843.800000000014,609.9999999999999,0.020408746143644452,22801.799999999996,401.9999999999996,0.02044080682687406,22837.619999999977,1212.0000000000016,0.020383398333787887,22773.48000000003,4072.9999999999923,0.020378556114461405,22768.069999999956,544.0000000000001,0.020391668593783448,22782.720000000005,1099.0000000000005,0.020381429224265113,22771.28000000001,729.9999999999995,0.020379119995824767,22768.699999999986,4051.9999999999964,0.020382288472056836,22772.23999999998
2025-09-01 00:00:00,1000.2200000000375,1100581.7499999998,0.0,0.0,,33.00000000000006,0.029116701235505738,32045.310000000056,68.00000000000006,0.02052514499717992,22589.600000000017,107.99999999999979,0.020496396564816707,22557.959999999955,100.99999999999997,0.020482985475635953,22543.199999999993,181.9999999999997,0.02050882635478915,22571.63999999996,1661.0000000000018,0.02041950086851797,22473.330000000024,155.9999999999997,0.020524418108877382,22588.799999999956,202.0000000000003,0.020415075935976624,22468.460000000036,244.00000000000048,0.020412004832898643,22465.08000000004,4151.999999999988,0.020409497068254987,22462.319999999938,2556.0000000000014,0.020413967431315315,22467.24000000001,1535.9999999999975,0.02041800166139405,22471.679999999964,930.0000000000011,0.020415384863505172,22468.80000000003,325.99999999999966,0.020456054264028984,22513.559999999976,2645.9999999999973,0.02041151418329441,22464.53999999998,4302.999999999994,0.020408897385405467,22461.659999999967,3035.9999999999995,0.020413204198597698,22466.399999999998,4040.0000000000064,0.020409569757085324,22462.400000000034,3763.0000000000045,0.020412032091209974,22465.110000000026,612.9999999999999,0.022685720529165596,24967.489999999994,577.9999999999997,0.020797001222308105,22888.79999999999,3176.9999999999973,0.02040865206060339,22461.38999999998,3196.000000000005,0.020414548941957326,22467.880000000037,419.9999999999995,0.0219658376126989,24175.19999999997,3304.0000000000077,0.02041393108690023,22467.20000000005,1107.000000000001,0.020408324960867308,22461.030000000017,1121.9999999999998,0.020878558089846577,22978.559999999994,1208.9999999999989,0.02334333637642091,25691.249999999975,157.00000000000009,0.020481949659804936,22542.060000000016,609.0,0.020429450152158173,22484.280000000002,1315.9999999999993,0.020423089879511438,22477.279999999988,3472.000000000002,0.02041087815602977,22463.84000000001,814.9999999999985,0.02042347149587022,22477.699999999957,809.0000000000005,0.0204274784676377,22482.11000000001,111.99999999999983,0.02041393108690015,22467.199999999964,349.9999999999999,0.02043555601389901,22490.999999999993,874.9999999999977,0.020416475195958815,22469.99999999994,15.999999999999998,0.021110871591319774,23234.239999999998,1048.000000000001,0.02042519785558867,22479.60000000002,326.0000000000002,0.020444205984698566,22500.520000000015,577.9999999999999,0.020439880999298783,22495.759999999995,397.9999999999996,0.02045000291891082,22506.899999999976,1180.0000000000016,0.02041393108690021,22467.20000000003,4018.9999999999927,0.020413031562625823,22466.20999999996,588.0000000000001,0.02188875110822073,24090.360000000004,1078.0000000000005,0.020422199441340924,22476.30000000001,727.9999999999995,0.020426142810381864,22480.639999999985,4003.9999999999955,0.020409606101500395,22462.439999999977
2025-09-02 00:00:00,491.08000000003085,1099113.59,0.0,0.0,,23.000000000000057,0.02076440525132626,22822.440000000057,73.00000000000006,0.021439458318407312,23564.40000000002,117.99999999999979,0.021665094687801978,23812.399999999958,115.99999999999999,0.022428218724872648,24651.159999999996,223.99999999999972,0.023477828165148946,25804.799999999967,1624.0000000000018,0.020419800286520004,22443.680000000026,179.9999999999997,0.02251814573596525,24749.999999999956,201.00000000000028,0.020417953343657626,22441.650000000034,262.00000000000045,0.02144173287858268,23566.90000000004,4063.999999999988,0.020410338116190464,22433.279999999933,2532.0000000000014,0.02041055647396737,22433.52000000001,1518.999999999997,0.020412476202755315,22435.629999999957,928.0000000000013,0.020424021870205457,22448.320000000032,329.9999999999996,0.020578582783240793,22618.199999999975,2531.9999999999973,0.020410556473967334,22433.519999999975,4256.999999999994,0.020411348020908347,22434.389999999963,3014.999999999999,0.020408809611752683,22431.599999999995,4006.0000000000064,0.020410629259893,22433.600000000035,3684.0000000000045,0.020412412515070467,22435.560000000027,551.9999999999999,0.020435449260526383,22460.879999999994,563.9999999999997,0.02043839709051363,22464.119999999984,3089.9999999999973,0.02041044729507892,22433.39999999998,3129.000000000005,0.02041183932590629,22434.930000000037,388.9999999999995,0.02042481341714642,22449.18999999997,3233.000000000008,0.0204137408582129,22437.02000000006,1137.000000000001,0.020792846351758803,22853.70000000002,1107.9999999999998,0.02041372266173144,22436.999999999996,1046.9999999999986,0.020413913724786147,22437.20999999997,153.00000000000009,0.02041134802090839,22434.39000000001,604.0,0.020431664392394605,22456.72,1395.9999999999993,0.02126171508806473,23369.039999999986,3467.0000000000014,0.02040870953110498,22431.49000000001,801.9999999999985,0.020431009319064067,22455.99999999996,808.0000000000006,0.020422129436139552,22446.240000000016,111.99999999999983,0.020394325212556026,22415.679999999964,373.9999999999999,0.021372622642214803,23490.939999999995,861.9999999999976,0.02041450511043171,22437.85999999994,15.999999999999998,0.021360340017267915,23477.439999999995,1042.000000000001,0.020420710110590136,22444.68000000002,351.0000000000002,0.02148255668460984,23611.770000000015,595.9999999999999,0.020849710356142536,22916.199999999997,464.9999999999996,0.02270183921572654,24951.899999999976,1192.0000000000014,0.020551470025950667,22588.400000000023,4218.999999999994,0.02111201263556387,23204.499999999964,529.0000000000001,0.020421428871605533,22445.470000000005,1107.0000000000005,0.020788097070112664,22848.48000000001,752.9999999999995,0.020888623531622415,22958.969999999987,3921.999999999995,0.020410847617669776,22433.83999999997
2025-09-03 00:00:00,602.5300000000279,1083533.0299999998,0.0,0.0,,27.000000000000053,0.023471965593886934,25432.650000000052,71.00000000000004,0.020575284170155864,22294.000000000015,113.99999999999977,0.020504644883783524,22217.459999999955,104.99999999999999,0.02054390533900014,22259.999999999996,196.99999999999972,0.02041574127186503,22121.12999999997,1620.0000000000018,0.020408238039591676,22113.000000000025,163.9999999999997,0.020523970552148246,22238.399999999958,201.00000000000028,0.020503786580460807,22216.53000000003,255.00000000000043,0.020465273679751175,22174.800000000036,4071.999999999988,0.020443936074565204,22151.67999999994,2531.0000000000014,0.02041556591957332,22120.940000000013,1514.999999999997,0.020413775480383797,22118.999999999956,895.0000000000013,0.02041875917709683,22124.40000000003,329.99999999999966,0.020466381167909557,22175.999999999978,2490.9999999999977,0.020414772219726412,22120.079999999984,4220.999999999994,0.020412889489857058,22118.039999999968,2988.999999999999,0.02041340631766435,22118.599999999995,3999.0000000000073,0.020409594712585775,22114.47000000004,3632.000000000005,0.02041366473156802,22118.88000000003,606.9999999999999,0.02220650347871721,24061.479999999996,641.9999999999998,0.022894438206466115,24806.87999999999,3197.999999999997,0.021043880868126356,22801.739999999976,3111.0000000000045,0.020413969290811594,22119.210000000032,389.99999999999943,0.020455029414285574,22163.699999999968,3205.0000000000086,0.020409622399789756,22114.500000000062,1113.000000000001,0.020420641906966158,22126.440000000017,1282.9999999999998,0.023243675368161132,25185.289999999994,1045.9999999999986,0.0204270284220131,22133.35999999997,151.00000000000006,0.02053453783499338,22249.850000000006,600.9999999999999,0.0204117450854267,22116.799999999996,1287.9999999999993,0.02042193397648431,22127.83999999999,3509.0000000000014,0.020629117323723866,22352.33000000001,796.9999999999986,0.020411698940086733,22116.749999999964,807.0000000000006,0.02042947412502969,22136.010000000017,111.99999999999983,0.020529434160396542,22244.319999999967,509.99999999999994,0.02680065969008808,29039.399999999994,853.9999999999976,0.02042916956578605,22135.67999999994,15.999999999999998,0.021508749022630162,23305.439999999995,1042.000000000001,0.020416230412468386,22121.660000000018,331.0000000000002,0.020433701038167724,22140.590000000015,589.9999999999999,0.020430203221400645,22136.8,411.9999999999996,0.020418759177096783,22124.39999999998,1161.0000000000014,0.020411975812126403,22117.05000000003,4110.999999999994,0.020412095790010177,22117.179999999964,528.0000000000001,0.02041277874104125,22117.920000000006,1080.0000000000002,0.020423189129730554,22129.200000000004,749.9999999999997,0.02041931292117601,22124.99999999999,3906.999999999995,0.02040881024180682,22113.619999999974
2025-09-04 00:00:00,716.9300000000294,1062588.7299999997,0.0,0.0,,27.000000000000053,0.020472549148907355,21753.900000000045,77.00000000000004,0.021377762965733706,22715.77000000001,143.99999999999977,0.023470378798389816,24939.35999999996,120.99999999999999,0.0222507535911848,23643.399999999998,234.99999999999966,0.02270186885945983,24122.749999999967,1953.0000000000016,0.022864274120430413,24295.320000000018,176.99999999999966,0.021361491383406598,22698.47999999996,234.00000000000026,0.022371835244290636,23772.060000000027,303.0000000000004,0.022643972517946837,24061.230000000032,3935.999999999989,0.020409928496041868,21687.35999999994,2476.000000000001,0.020412187130951418,21689.760000000006,1485.9999999999973,0.020417683142564442,21695.59999999996,954.0000000000013,0.021233144454675355,22562.100000000028,321.99999999999966,0.02045476239899512,21734.999999999978,2472.9999999999977,0.020410728429239015,21688.209999999977,4122.999999999994,0.020409570878847892,21686.979999999967,2930.999999999999,0.02041184833571498,21689.399999999994,3929.0000000000073,0.020410606086514807,21688.080000000038,3459.0000000000045,0.020410464921832953,21687.930000000026,538.9999999999999,0.02042195572693491,21700.139999999996,571.9999999999998,0.020412638857933298,21690.23999999999,2999.999999999997,0.020412412994442335,21689.999999999978,3025.000000000004,0.02041170717103317,21689.25000000003,383.99999999999943,0.020436128660991884,21715.199999999968,2983.0000000000086,0.02040903445305698,21686.41000000006,1078.000000000001,0.020411810691799846,21689.36000000002,1115.9999999999998,0.020417156127752266,21695.039999999997,1015.9999999999987,0.02042348030549879,21701.759999999973,147.00000000000003,0.020473142040571057,21754.530000000006,583.9999999999999,0.020439667189016766,21718.959999999995,1246.9999999999995,0.02041975355789816,21697.799999999992,3421.000000000001,0.020411603650266466,21689.140000000007,773.9999999999987,0.020410041427787365,21687.479999999963,784.0000000000007,0.020422878002856304,21701.120000000017,109.99999999999982,0.0204205064362013,21698.599999999962,400.99999999999994,0.02041627149574605,21694.1,853.9999999999976,0.0204299927028211,21708.679999999942,14.999999999999996,0.02045052745853986,21730.499999999996,1026.000000000001,0.020421729863443986,21699.900000000016,342.0000000000002,0.020820830651949427,22123.980000000014,562.9999999999999,0.020414662218373045,21692.389999999996,481.9999999999997,0.022449118202110034,23854.179999999986,1160.0000000000014,0.02041429519020028,21692.000000000025,4107.999999999994,0.020412638857933273,21690.23999999997,516.0000000000001,0.02041489749284279,21692.640000000003,1097.0000000000002,0.020606392089251697,21896.120000000006,740.9999999999997,0.020411537773414923,21689.06999999999,3811.9999999999945,0.020412676501848435,21690.27999999997
2025-09-05 00:00:00,313.97000000001935,1073738.9499999997,0.0,0.0,,26.000000000000053,0.02080094048930613,22334.780000000046,74.00000000000006,0.02056308006708709,22079.380000000016,122.99999999999976,0.020540495434202107,22055.129999999957,109.99999999999999,0.02049017594080945,22001.099999999995,202.9999999999997,0.02045807316573546,21966.629999999965,1699.0000000000016,0.02041194463514621,21917.10000000002,166.99999999999966,0.02046791727169808,21977.199999999953,205.00000000000026,0.020438161435794085,21945.250000000025,267.0000000000004,0.020482436629499227,21992.790000000034,4297.999999999989,0.021655338106156947,23252.179999999942,2592.0000000000005,0.02105003269183819,22602.240000000005,1545.999999999997,0.020963903749603163,22509.75999999996,875.0000000000013,0.020413481321507467,21918.750000000033,311.9999999999996,0.020409877093496495,21914.879999999972,2635.9999999999977,0.021309164578597047,22880.479999999978,4333.999999999994,0.021110177664692125,22666.819999999967,3206.9999999999995,0.02168387390622274,23282.819999999996,4126.000000000006,0.0210961332826755,22651.740000000034,3918.000000000004,0.022185504214036412,23821.440000000024,575.9999999999998,0.021345076473196764,22919.03999999999,583.9999999999999,0.02068972164975481,22215.359999999997,3231.999999999997,0.021461603865632315,23044.159999999978,3219.0000000000045,0.021285341283372495,22854.90000000003,385.9999999999995,0.020473039559568904,21982.69999999997,3379.0000000000086,0.022185979189820827,23821.95000000006,1089.000000000001,0.020547955347992197,22063.14000000002,1119.9999999999998,0.02045487872075424,21963.199999999993,1072.9999999999989,0.02117541698566489,22736.869999999977,156.00000000000003,0.02123946421055137,22805.640000000003,600.9999999999999,0.02081062627000725,22345.179999999997,1210.9999999999995,0.020413807285281027,21919.099999999995,3498.0000000000014,0.020719449545906866,22247.28000000001,812.9999999999987,0.021094680415570256,22650.179999999964,806.0000000000007,0.020792949720227643,22326.20000000002,109.99999999999982,0.020492224855957742,22003.299999999963,404.9999999999999,0.020541585084531022,22056.299999999996,836.9999999999977,0.020415604742661096,21921.02999999994,14.999999999999996,0.020382607895522466,21885.599999999995,1037.000000000001,0.02055188553977671,22067.36000000002,333.0000000000002,0.02042214264463445,21928.050000000014,555.9999999999999,0.02043304846117392,21939.759999999995,432.9999999999997,0.020409178599695942,21914.129999999986,1153.0000000000014,0.02042401460801998,21930.060000000027,4240.9999999999945,0.020854677945696183,22392.47999999997,544.0000000000001,0.021152254931238183,22712.000000000004,1077.0000000000005,0.020421835307362197,21927.72000000001,742.9999999999997,0.020440927471244288,21948.21999999999,4130.9999999999945,0.021544901579662334,23133.59999999997
2025-09-08 00:00:00,385.4800000000214,1076027.3299999996,0.0,0.0,,32.00000000000006,0.02417604021265896,26014.08000000005,73.00000000000007,0.020447621901945576,22002.20000000002,122.99999999999976,0.02049109663413471,22048.979999999956,103.99999999999999,0.02055784215071935,22120.799999999996,201.99999999999972,0.020486710128449964,22044.25999999997,2009.000000000002,0.02343151451366949,25212.950000000026,162.99999999999963,0.020532024962600117,22093.01999999995,200.00000000000026,0.02049204456544801,22050.00000000003,262.0000000000004,0.02043353304046658,21987.040000000034,4096.999999999989,0.020408329219667634,21959.919999999944,2502.0,0.020415429411072675,21967.559999999998,1496.9999999999968,0.02040932361820211,21960.989999999954,1023.0000000000011,0.023216566441672103,24981.66000000003,308.9999999999996,0.020460679191113086,22016.24999999997,2532.9999999999977,0.020409435139533104,21961.10999999998,4174.999999999994,0.020408868239434004,21960.499999999967,3021.0,0.02041088491683571,21962.67,3986.000000000007,0.020411061492276446,21962.860000000037,3595.0000000000036,0.020413468494336503,21965.450000000023,556.9999999999998,0.02041591267017353,21968.07999999999,587.9999999999999,0.02051936729153524,22079.399999999994,3097.999999999997,0.020412883007348875,21964.819999999978,3133.0000000000045,0.02041056893973133,21962.33000000003,390.9999999999995,0.020621455776592565,22189.24999999997,3133.000000000009,0.02041056893973136,21962.330000000064,1087.000000000001,0.020416089245614256,21968.27000000002,1206.9999999999998,0.0217164744319273,23367.519999999993,1050.9999999999986,0.020413886699327588,21965.89999999997,154.00000000000006,0.02044312387492984,21997.360000000008,592.9999999999999,0.020429323110222487,21982.509999999995,1269.9999999999998,0.02123301087529068,22847.299999999996,3437.0000000000014,0.020410661874173782,21962.430000000008,785.9999999999986,0.02040918421653841,21960.839999999964,792.0000000000008,0.020410410951179115,21962.16000000002,107.99999999999982,0.020472305289866537,22028.759999999962,403.9999999999999,0.020443532786476714,21997.799999999996,848.9999999999978,0.02064848111246389,22218.329999999944,14.999999999999996,0.020593389574965534,22159.049999999996,994.0000000000008,0.020415280715964736,21967.40000000002,316.0000000000002,0.020439629539892836,21993.600000000013,653.9999999999999,0.023327028319996296,25100.519999999997,479.99999999999966,0.022228431688626336,23918.399999999983,1188.0000000000011,0.02092195929633128,22512.60000000002,3963.999999999994,0.02040892400009949,21960.55999999997,531.0000000000001,0.02044001986455122,21994.020000000004,1066.0000000000005,0.020417938641019474,21970.26000000001,803.9999999999998,0.021788145473963003,23444.639999999992,3928.9999999999945,0.020411293828382568,21963.109999999968
2025-09-09 00:00:00,690.480000000025,1071627.6899999997,203.0,0.019509546267883395,20906.969999999998,27.000000000000057,0.02074078544946898,22226.40000000005,74.00000000000007,0.02032254317728579,21778.200000000023,124.99999999999976,0.020345218963126983,21802.499999999956,105.99999999999999,0.020216237600206095,21664.279999999995,201.99999999999972,0.02031069204641397,21765.49999999997,1739.0000000000023,0.020414384775742436,21876.620000000028,165.99999999999963,0.020338966791722188,21795.799999999952,206.00000000000028,0.020380324438984992,21840.120000000028,269.0000000000004,0.02035019270545355,21807.83000000003,4072.9999999999886,0.020410082908551893,21872.00999999994,2497.0,0.020411678612000037,21873.72,1501.9999999999966,0.02039337001454298,21854.09999999995,876.0000000000011,0.02041167861200006,21873.720000000027,308.9999999999996,0.020406275616114376,21867.92999999997,2550.9999999999977,0.020400807299034974,21862.06999999998,4149.999999999994,0.02040867383708606,21870.499999999964,3036.0,0.020398129130089954,21859.2,3955.000000000007,0.020409280391028385,21871.150000000038,3568.0000000000036,0.02040992427136707,21871.840000000022,554.9999999999998,0.02044166103994569,21905.84999999999,583.9999999999999,0.02040895378505944,21870.799999999996,3071.9999999999964,0.020410670799295958,21872.639999999974,3116.000000000004,0.02041223850794676,21874.32000000003,383.99999999999955,0.020442920805825743,21907.19999999997,3098.000000000009,0.020409961597763555,21871.880000000063,1081.000000000001,0.020417016286691902,21879.440000000017,1126.9999999999998,0.020412938377880104,21875.069999999996,1043.9999999999989,0.02041962913444312,21882.239999999976,156.00000000000006,0.020332173387568972,21788.520000000008,588.9999999999999,0.020424294933998954,21887.239999999994,1241.9999999999998,0.02040971897618659,21871.619999999995,3438.000000000001,0.020404176006314296,21865.680000000008,785.9999999999986,0.02039029058683615,21850.799999999963,779.0000000000009,0.020412238507946757,21874.320000000025,106.99999999999979,0.020547742658646645,22019.529999999955,393.99999999999994,0.020416437727546963,21878.819999999996,820.9999999999978,0.020424873493143824,21887.859999999942,14.999999999999995,0.02073070732242837,22215.59999999999,991.0000000000008,0.02040948568620882,21871.370000000017,319.0000000000002,0.020396897359007234,21857.880000000016,577.9999999999999,0.020409625660195475,21871.519999999997,441.9999999999996,0.02042485482994564,21887.839999999982,1152.0000000000011,0.020414254133354865,21876.48000000002,4074.9999999999936,0.020382078779617924,21841.999999999967,523.0000000000001,0.02040994293456528,21871.860000000004,1043.0000000000005,0.020409802960578607,21871.71000000001,748.9999999999999,0.020429921888263265,21893.269999999997,3926.9999999999945,0.020411370669229326,21873.38999999997
2025-09-10 00:00:00,663.0100000000257,1075747.2999999996,209.00000000000003,0.020188003260617066,21717.190000000002,26.000000000000057,0.02062506687211769,22187.360000000048,74.00000000000006,0.020533632759292098,22089.00000000002,119.99999999999976,0.02051857346051434,22072.799999999956,105.99999999999997,0.020259032953185194,21793.599999999995,192.99999999999972,0.020434817730892722,21982.699999999968,1752.0000000000025,0.02037422729297116,21917.52000000003,166.9999999999996,0.020307064679595248,21845.26999999995,206.00000000000028,0.020466962826678748,22017.280000000028,263.0000000000004,0.020450853095331997,21999.950000000033,4078.9999999999895,0.02039979091743939,21945.019999999942,2506.0,0.02038350456468727,21927.5,1511.9999999999968,0.020366195666956317,21908.879999999954,878.0000000000011,0.0203717731850222,21914.88000000003,310.9999999999996,0.020361408297283178,21903.729999999974,2566.999999999998,0.020378559165335562,21922.179999999982,4168.9999999999945,0.020384843169023035,21928.93999999997,3011.9999999999995,0.020411373563289446,21957.479999999996,3979.0000000000064,0.02038052059252209,21924.290000000034,3578.000000000004,0.020388747431669154,21933.140000000025,557.9999999999997,0.02034377404433178,21884.759999999987,585.0,0.02036017194744528,21902.399999999998,3066.9999999999964,0.020413455836700664,21959.719999999976,3118.0000000000036,0.02040508955960199,21950.720000000027,384.99999999999955,0.020371141066308024,21914.199999999975,3114.000000000009,0.020378912408146474,21922.560000000063,1095.000000000001,0.020347761969748863,21889.050000000017,1133.9999999999998,0.020366195666956355,21908.879999999997,1046.9999999999989,0.020380418338024165,21924.17999999998,158.00000000000006,0.020306888058189882,21845.080000000005,589.9999999999999,0.020397076525314077,21942.099999999995,1269.9999999999995,0.020305884104938023,21843.999999999993,3458.0000000000014,0.020379990728305812,21923.72000000001,788.9999999999987,0.02038973279319406,21934.199999999964,784.0000000000009,0.020369839645426047,21912.800000000025,106.99999999999979,0.020481984942002606,22033.439999999955,385.0,0.020435561399968192,21983.5,831.999999999998,0.020348570709868338,21889.919999999944,14.999999999999996,0.02088850234622945,22470.749999999993,994.0000000000009,0.020383634706775487,21927.640000000018,323.0000000000002,0.02027931652721789,21815.420000000016,577.9999999999999,0.02040668844811416,21952.439999999995,443.9999999999997,0.02037266558791269,21915.839999999986,1162.0000000000011,0.020361380409692896,21903.700000000023,3885.999999999994,0.020409904816865422,21955.89999999997,523.0000000000001,0.020414431902362206,21960.770000000004,1051.0000000000005,0.020360580965436782,21902.84000000001,750.9999999999998,0.020378103668026868,21921.689999999995,3967.9999999999945,0.020361064350335783,21903.359999999968
2025-09-11 00:00:00,537.0300000000207,1095559.55,203.00000000000006,0.02043416079025554,22386.840000000007,25.000000000000053,0.021219065636368238,23246.75000000005,73.00000000000006,0.020513517498889054,22473.780000000017,101.99999999999976,0.020552511271523254,22516.499999999945,105.99999999999997,0.020492541916137735,22450.799999999996,190.9999999999997,0.020432663838309807,22385.199999999964,1720.0000000000025,0.02040966189377842,22360.000000000033,166.9999999999996,0.020517551966937757,22478.199999999946,213.00000000000026,0.020278130933183893,22215.900000000027,243.00000000000043,0.020410446880774338,22360.860000000037,4136.99999999999,0.020353462301524315,22298.429999999946,2538.0000000000005,0.020363128594881034,22309.02,1534.9999999999966,0.020344124607375245,22288.19999999995,878.0000000000011,0.020428118215938172,22380.220000000027,312.99999999999955,0.020313181515327,22254.299999999967,2617.999999999998,0.02033589137167394,22279.179999999986,4230.9999999999945,0.020352494759413094,22297.36999999997,3043.9999999999995,0.02036632330939929,22312.519999999997,4021.000000000006,0.0203700017949732,22316.550000000032,3626.0000000000036,0.020354804081622057,22299.900000000023,564.9999999999995,0.020329611475706624,22272.299999999985,586.0,0.020400570649035006,22350.04,3098.999999999997,0.02036657888656073,22312.799999999977,3140.0000000000036,0.020378079858826503,22325.400000000027,385.9999999999996,0.02034361345305235,22287.639999999978,3170.0000000000095,0.02034129500308775,22285.100000000068,1107.0000000000011,0.020360417651418418,22306.05000000002,1129.9999999999998,0.020412126387835322,22362.699999999993,1049.9999999999989,0.020395057484552052,22343.999999999978,160.00000000000006,0.020311812351962073,22252.80000000001,597.9999999999999,0.020359824347293574,22305.399999999994,1289.9999999999998,0.02034686293410522,22291.199999999997,3511.000000000001,0.020350194564959984,22294.850000000006,801.9999999999987,0.02034355868651774,22287.579999999965,790.0000000000009,0.020363658004715512,22309.600000000024,106.99999999999979,0.020304966535137185,22245.299999999956,381.00000000000006,0.020413951938988623,22364.700000000004,845.999999999998,0.020347684432124157,22292.099999999948,14.999999999999996,0.02053115232302981,22493.099999999995,1002.0000000000008,0.02035902110478615,22304.52000000002,326.0000000000002,0.02036236186339667,22308.18000000002,587.0,0.02032286606419523,22264.91,442.9999999999997,0.02044442038773701,22398.079999999987,1176.0000000000011,0.02036285476220806,22308.72000000002,3939.9999999999945,0.020355260469410327,22300.39999999997,527.0000000000001,0.02034287410483529,22286.830000000005,1066.0000000000005,0.020336092182300824,22279.40000000001,744.9999999999999,0.02042773485019595,22379.799999999996,4024.9999999999945,0.020353526195814705,22298.49999999997
2025-09-12 00:00:00,663.6500000000206,1092707.7,205.00000000000006,0.020340389291665106,22226.100000000006,23.000000000000053,0.02099916565061274,22945.95000000005,73.00000000000006,0.020466845799658975,22364.280000000017,101.99999999999976,0.020529607323166065,22432.859999999946,105.99999999999997,0.020517893303030624,22420.059999999994,188.99999999999966,0.0204098497704372,22301.99999999996,1662.0000000000027,0.020411716692396362,22304.040000000037,164.9999999999996,0.020475741133699293,22373.999999999945,213.00000000000026,0.02049089614724965,22390.560000000027,228.0000000000004,0.020427420800640504,22321.20000000004,4149.99999999999,0.02039474966635629,22285.499999999945,2539.0000000000005,0.020401082558492087,22292.420000000002,1540.9999999999966,0.02037823106764961,22267.44999999995,877.000000000001,0.0204099504377978,22302.110000000026,316.99999999999955,0.020350867848739393,22237.54999999997,2629.9999999999977,0.020386147182819326,22276.099999999984,4250.9999999999945,0.020385360147091462,22275.239999999972,3076.9999999999995,0.020359250694398878,22246.71,4004.000000000006,0.020410106014627734,22302.280000000035,3640.000000000004,0.020386787793295523,22276.800000000025,569.9999999999995,0.020333525607991947,22218.59999999998,595.0,0.020321445524727245,22205.4,3107.9999999999973,0.020393706386438,22284.35999999998,3189.0000000000036,0.020341514935787515,22227.330000000024,390.9999999999996,0.02029950919170788,22181.429999999975,3187.00000000001,0.02038708979537718,22277.13000000007,1105.0000000000011,0.020417125275130784,22309.950000000023,1145.9999999999998,0.02034615478595053,22232.399999999994,1064.9999999999986,0.02033105468186961,22215.899999999972,161.00000000000003,0.020331503109202953,22216.390000000007,603.9999999999998,0.020330340858767622,22215.11999999999,1299.9999999999998,0.02036775251057533,22255.999999999996,3521.0,0.020396973499866435,22287.93,803.9999999999987,0.020396012584152162,22286.879999999965,800.0000000000009,0.020331146197651966,22216.000000000025,106.99999999999979,0.020197368427073367,22069.819999999956,383.0,0.02036787148109234,22256.13,857.9999999999982,0.02035252428439916,22239.359999999953,14.999999999999996,0.020481781175331698,22380.599999999995,1008.0000000000009,0.02037756300243882,22266.72000000002,328.0000000000002,0.02034864401522934,22235.120000000017,587.0,0.020424254354572593,22317.74,416.9999999999998,0.020451059327210735,22347.029999999988,1197.0000000000011,0.020320484609013027,22204.35000000002,3992.999999999995,0.02035403429480727,22241.009999999973,535.0,0.020333479850100814,22218.55,1070.0000000000002,0.020377544699282348,22266.700000000004,753.9999999999999,0.02034895516888917,22235.459999999995,4030.9999999999945,0.020400176552247205,22291.42999999997
2025-09-15 00:00:00,546.7800000000198,1092812.73,205.00000000000006,0.020383455818637847,22275.300000000007,23.000000000000053,0.02031923621533953,22205.120000000054,73.00000000000006,0.02041411065919778,22308.800000000017,96.99999999999977,0.020540362848811205,22446.769999999946,103.99999999999996,0.020470478963033306,22370.39999999999,189.99999999999966,0.020335048622649156,22222.399999999958,1669.000000000003,0.02038880897736252,22281.150000000038,161.9999999999996,0.020481020567906405,22381.919999999944,210.00000000000026,0.020494362286574055,22396.50000000003,218.0000000000004,0.02042529281297816,22321.02000000004,4165.999999999991,0.020395168712941284,22288.09999999995,2532.0000000000005,0.02041239032784694,22306.920000000006,1548.9999999999964,0.02039700800337488,22290.10999999995,881.0000000000011,0.020380143265717663,22271.68000000003,318.99999999999955,0.020343018881194743,22231.109999999968,2608.999999999998,0.020412417779942946,22306.949999999986,4276.9999999999945,0.020390657418494728,22283.169999999973,3122.999999999999,0.020375851588039243,22266.989999999994,4004.000000000006,0.020408144403661954,22302.280000000035,3654.000000000004,0.020396358303769055,22289.400000000023,575.9999999999995,0.020371651417347588,22262.399999999983,601.9999999999999,0.020382266227810142,22273.999999999996,3129.9999999999973,0.020392881038272664,22285.59999999998,3211.0000000000036,0.020391728050239706,22284.340000000026,394.99999999999966,0.02037869745532703,22270.09999999998,3223.0000000000105,0.020379456963317107,22270.930000000073,1096.0000000000011,0.02040935229588699,22303.600000000024,1150.0,0.020383638832611333,22275.5,1084.9999999999986,0.020363370035047065,22253.349999999973,157.00000000000003,0.020427864159305694,22323.830000000005,599.9999999999998,0.020429849860918073,22325.999999999993,1299.9999999999998,0.020413378603303788,22307.999999999996,3533.0,0.020399863021361403,22293.23,806.9999999999987,0.02037414955808574,22265.129999999965,803.0000000000009,0.020390730624084176,22283.250000000025,106.99999999999977,0.020351108098823078,22239.949999999953,383.0,0.02041497997557185,22309.75,864.9999999999981,0.02036620675163617,22256.44999999995,14.999999999999993,0.02046745923247069,22367.09999999999,1001.0000000000009,0.020417304253035215,22312.29000000002,329.00000000000017,0.02039366799835871,22286.46000000001,580.0,0.020438817545619187,22335.8,424.99999999999983,0.020324159291226405,22210.49999999999,1189.0000000000011,0.020411219038416608,22305.640000000025,4068.9999999999955,0.020367103520106303,22257.429999999975,540.0,0.020363415788540465,22253.4,1093.0000000000002,0.020353487280478526,22242.550000000007,759.9999999999999,0.02037677580860538,22267.999999999996,4038.999999999995,0.02040173891458967,22295.27999999997
2025-09-16 00:00:00,539.6700000000201,1090277.8699999999,203.00000000000006,0.020440055341121446,22285.340000000007,23.000000000000053,0.0203677435001043,22206.50000000005,72.00000000000007,0.020636280547453492,22499.280000000024,90.99999999999977,0.02052486858235502,22377.809999999943,103.99999999999994,0.02041314477014928,22255.99999999999,184.99999999999966,0.020409292541175735,22251.79999999996,1708.000000000003,0.02034978477550869,22186.92000000004,158.9999999999996,0.020526189346574512,22379.249999999945,209.00000000000026,0.02045377661384619,22300.30000000003,200.0000000000004,0.020436991901890158,22282.000000000044,4193.999999999991,0.02038764668313405,22228.19999999995,2526.0000000000005,0.02041136540724248,22254.060000000005,1550.9999999999961,0.020399698656636912,22241.339999999946,885.0000000000013,0.02037416388172681,22213.500000000033,312.99999999999955,0.02046613126248263,22313.76999999997,2638.999999999998,0.02038047419966434,22220.379999999983,4246.9999999999945,0.02041156719066487,22254.279999999973,3171.9999999999995,0.020365450506667628,22203.999999999996,3974.000000000006,0.02041167725434988,22254.40000000003,3675.0000000000036,0.020392737128563408,22233.750000000022,576.9999999999997,0.02039095776565656,22231.809999999987,611.9999999999998,0.02035363700448217,22191.11999999999,3116.9999999999973,0.02041257610777699,22255.37999999998,3244.000000000004,0.02038140974098652,22221.400000000027,398.9999999999998,0.02037309076079843,22212.329999999987,3271.000000000011,0.0203710362386793,22210.090000000073,1099.0000000000011,0.020391838275136253,22232.770000000022,1167.0,0.020358424774777836,22196.34,1101.9999999999986,0.020356535348186038,22194.279999999973,158.0,0.020357966176090512,22195.84,594.9999999999998,0.020426765151162794,22270.84999999999,1303.9999999999998,0.02039223267000733,22233.199999999997,3527.0,0.02041256693580326,22255.37,807.9999999999986,0.020394947574236256,22236.159999999963,805.0000000000009,0.020378291269912717,22218.000000000025,106.99999999999977,0.020451419416593276,22297.729999999952,385.0,0.020392737128563387,22233.75,866.9999999999981,0.02039713967596165,22238.54999999995,14.999999999999993,0.020307025033902592,22140.29999999999,1009.000000000001,0.02037845636544015,22218.180000000022,333.0000000000001,0.020344474202709458,22181.13000000001,598.0,0.020315848472646707,22149.92,440.9999999999998,0.020288919557727055,22120.559999999987,1190.0000000000011,0.020388563880508765,22229.200000000023,4067.9999999999955,0.02040943929275569,22251.959999999974,545.0,0.020364808468505382,22203.3,1093.0000000000002,0.020390783498155395,22231.620000000006,765.9999999999999,0.020367596748524303,22206.339999999997,4057.999999999995,0.020396488465825674,22237.839999999975
2025-09-17 00:00:00,1125.2000000000207,1095475.06,191.00000000000006,0.020467366915683145,22421.490000000005,23.000000000000053,0.020297988344892173,22235.94000000005,72.00000000000007,0.020357633700944344,22301.280000000024,91.99999999999976,0.0203739919008288,22319.199999999943,98.99999999999994,0.020532461962210247,22492.799999999985,186.99999999999966,0.0202981982994665,22236.16999999996,1744.0000000000027,0.020377643284731687,22323.200000000037,156.9999999999996,0.020431245600424666,22381.919999999944,206.00000000000026,0.02048576076209351,22441.64000000003,205.00000000000043,0.020289005940491288,22226.100000000046,4223.999999999991,0.020397506813162825,22344.959999999952,2528.0000000000005,0.020399843698860665,22347.520000000004,1553.9999999999961,0.02039893085288491,22346.519999999946,898.0000000000013,0.020370431801523658,22315.300000000032,314.9999999999995,0.020387045598281327,22333.499999999967,2641.999999999998,0.020403312513568306,22351.319999999985,4264.9999999999945,0.020400829572514392,22348.599999999973,3212.999999999999,0.020384170133457898,22330.349999999995,3943.000000000006,0.020408324037974938,22356.810000000034,3672.0000000000036,0.020413499874657143,22362.48000000002,573.9999999999997,0.020434970012005556,22385.999999999985,621.9999999999998,0.02038366806817126,22329.799999999992,3125.9999999999977,0.020402929118258507,22350.899999999983,3253.0000000000036,0.020400382277986347,22348.110000000026,400.99999999999983,0.020359769760527446,22303.619999999988,3327.0000000000105,0.020378528745328146,22324.17000000007,1077.0000000000011,0.020419716355751655,22369.290000000023,1185.0,0.02036883432106615,22313.55,1114.9999999999984,0.020386999955982546,22333.449999999968,158.0,0.02030320982387313,22241.66,588.9999999999998,0.020431318628102768,22381.999999999993,1292.9999999999998,0.02041936034582111,22368.899999999998,3347.0000000000005,0.020409373810846964,22357.960000000003,811.9999999999986,0.020376438328043693,22321.87999999996,809.0000000000009,0.020382390083805314,22328.400000000027,108.99999999999977,0.020342818210758676,22285.049999999952,383.99999999999994,0.02045709739845652,22410.239999999998,843.9999999999981,0.02042441751252644,22374.43999999995,14.999999999999991,0.02011510878212051,22035.599999999988,1004.000000000001,0.020410396198339766,22359.080000000024,333.00000000000006,0.020369546340927205,22314.330000000005,618.0,0.020348486984267816,22291.26,442.99999999999983,0.020357031222600352,22300.61999999999,1183.0000000000011,0.020410049316868996,22358.70000000002,4057.999999999996,0.020410852621327573,22359.579999999976,548.0,0.020384763483342106,22331.0,1083.0,0.020424727880158228,22374.78,778.0,0.020382572653000426,22328.6,4070.9999999999955,0.020401915859225475,22349.789999999975
2025-09-18 00:00:00,993.7700000000204,1081907.45,181.00000000000006,0.02043534315250349,22109.15000000001,23.000000000000053,0.020252785947633557,21911.64000000005,71.00000000000007,0.0204093242910935,22081.000000000022,90.99999999999976,0.020499461391082895,22178.519999999942,87.99999999999994,0.020593110806289384,22279.839999999986,185.99999999999966,0.020425647313917623,22098.65999999996,1780.0000000000027,0.020368100801967895,22036.400000000034,153.9999999999996,0.02047578099217262,22152.899999999943,206.00000000000028,0.020388509201965506,22058.48000000003,201.00000000000043,0.020408261353593648,22079.850000000046,4251.999999999991,0.020397197560660073,22067.879999999954,2539.0000000000005,0.02039352811555185,22063.910000000003,1561.999999999996,0.02040013681392059,22071.059999999943,911.0000000000013,0.02037715887805379,22046.20000000003,309.99999999999943,0.02046690777478237,22143.299999999963,2685.999999999998,0.020382575237835723,22052.059999999987,4254.9999999999945,0.020411588810114928,22083.44999999997,3257.999999999999,0.020386826987835234,22056.659999999993,4002.0000000000055,0.020381613972618486,22051.02000000003,3708.000000000004,0.02039231729109549,22062.600000000024,573.9999999999997,0.02040473979544183,22076.039999999986,628.9999999999998,0.02036576233946813,22033.86999999999,3159.999999999998,0.02038695638892217,22056.79999999999,3274.000000000004,0.02039616235196461,22066.760000000028,405.9999999999999,0.020388047055226396,22057.979999999992,3382.00000000001,0.02038126274109682,22050.640000000065,1094.0000000000011,0.02037521786174966,22044.10000000002,1194.0,0.020394646510660412,22065.12,1119.9999999999984,0.020383259215009542,22052.79999999997,155.0,0.020456879190544446,22132.449999999997,590.9999999999998,0.02037540272044526,22044.29999999999,1310.9999999999995,0.02038161397261845,22051.019999999993,3417.000000000001,0.020371104755771866,22039.650000000005,813.9999999999986,0.020389359551965348,22059.399999999965,809.0000000000009,0.02039871340196431,22069.520000000026,108.99999999999976,0.020250345812851143,21908.999999999953,377.99999999999994,0.020442395511741786,22116.779999999995,854.9999999999982,0.020373184416097662,22041.899999999954,14.99999999999999,0.02002019673679111,21659.999999999985,998.0000000000011,0.020422929891091915,22095.720000000027,335.0,0.02039897220413817,22069.8,624.9999999999999,0.020363340690555374,22031.249999999996,456.99999999999983,0.020317541948712894,21981.699999999993,1174.0000000000014,0.02041111742044112,22082.940000000024,4114.999999999995,0.0203865866715309,22056.399999999976,554.0000000000001,0.020390172930226155,22060.280000000006,1079.0,0.020424963336743825,22097.920000000002,786.0,0.02038544054761801,22055.16,4086.999999999995,0.020398972204138145,22069.799999999974
2025-09-19 00:00:00,1415.9000000000206,1082139.6099999996,181.00000000000006,0.020295477401478735,21962.540000000008,24.000000000000053,0.020060701779505186,21708.480000000047,72.00000000000007,0.020326397626273033,21996.000000000022,92.99999999999977,0.020270868746778383,21935.909999999945,86.99999999999994,0.020420655334850914,22097.999999999985,183.9999999999997,0.02047033469184255,22151.759999999962,1766.0000000000027,0.02041572066657835,22092.660000000033,154.99999999999963,0.020353658434145987,22025.499999999945,204.00000000000028,0.020435071219692284,22113.60000000003,206.0000000000004,0.020323218738846505,21992.560000000045,4261.999999999991,0.02040139719125516,22077.159999999953,2600.0000000000005,0.02037445057574411,22048.000000000004,1542.9999999999957,0.02041858536164289,22095.75999999994,891.0000000000013,0.020419546420632394,22096.800000000032,299.99999999999943,0.020437289048129345,22115.999999999956,2707.999999999998,0.020394965488787522,22070.199999999986,4277.9999999999945,0.020398920616167056,22074.479999999974,3257.999999999999,0.020412560261055406,22089.239999999994,3980.000000000006,0.02041233847821173,22089.000000000033,3729.0000000000036,0.020400029530385663,22075.680000000022,579.9999999999997,0.020377777318399785,22051.599999999988,631.9999999999998,0.0203767423317958,22050.479999999992,3201.999999999998,0.020387184607353934,22061.779999999988,3253.000000000004,0.020411294250655913,22087.870000000028,406.99999999999994,0.02036617992386398,22039.049999999996,3446.0000000000095,0.020380364784909837,22054.400000000063,1068.0000000000011,0.020409787975509026,22086.240000000023,1198.0,0.020392156239433842,22067.160000000003,1119.9999999999984,0.020420285696778045,22097.59999999997,155.0,0.0205241077904911,22209.949999999997,587.9999999999998,0.020441502922159918,22120.55999999999,1306.9999999999995,0.020411691611584196,22088.299999999992,3463.000000000001,0.020384902092254072,22059.310000000005,816.9999999999985,0.020377065765109514,22050.829999999958,811.000000000001,0.02039978926563831,22075.420000000027,109.99999999999976,0.020330094007001514,21999.999999999953,355.0,0.020441031633617036,22120.05,847.9999999999982,0.020413632211466647,22090.399999999954,14.99999999999999,0.020016040259352476,21660.149999999983,998.0000000000011,0.020427770867753398,22105.700000000023,337.0,0.020338845188376392,22009.47,626.9999999999999,0.020400944384615954,22076.67,467.99999999999983,0.020348021453534995,22019.39999999999,1148.0000000000014,0.020421579430033088,22099.000000000025,4155.999999999995,0.02039326515365238,22068.359999999975,553.0000000000002,0.020435875182500722,22114.47000000001,1024.0,0.020420581407236356,22097.92,788.0000000000001,0.02040379983872876,22079.760000000002,4117.999999999995,0.020397072425802784,22072.479999999978
2025-09-22 00:00:00,1163.4900000000198,1086583.0399999998,173.00000000000006,0.020525959985534106,22303.160000000003,24.000000000000053,0.020701593133645866,22494.00000000005,72.00000000000007,0.020374475935129654,22138.560000000023,84.99999999999976,0.02042660264603425,22195.19999999994,86.99999999999994,0.02054532343887862,22324.199999999986,177.9999999999997,0.02049177944098958,22266.01999999996,1745.0000000000027,0.02041164750740085,22178.950000000037,151.99999999999966,0.020411067708179898,22178.31999999995,204.0000000000003,0.020404073304880622,22170.720000000034,189.0000000000004,0.020427486149609004,22196.160000000047,4339.999999999991,0.020370279293149975,22133.999999999953,2625.0000000000005,0.02038960593384561,22155.000000000004,1593.9999999999955,0.020347068917990783,22108.779999999937,882.0000000000011,0.0204147305667499,22182.30000000003,303.99999999999943,0.020364904646404162,22128.15999999996,2734.9999999999977,0.020388225459510193,22153.49999999998,4325.999999999994,0.020384194474450817,22149.119999999966,3290.999999999999,0.020383559456256556,22148.429999999997,4027.000000000006,0.02038362387839224,22148.500000000033,3791.000000000004,0.020375285813406422,22139.440000000024,587.9999999999997,0.020363321702499597,22126.439999999988,634.9999999999998,0.020366367949199715,22129.749999999993,3224.999999999998,0.020390296171013296,22155.74999999999,3327.0000000000045,0.020361582304837034,22124.550000000032,407.99999999999994,0.02035150484218859,22113.6,3544.0000000000095,0.020352388345763302,22114.56000000006,1083.000000000001,0.02036263146533193,22125.690000000017,1185.9999999999998,0.020421872220645003,22190.059999999998,1131.9999999999986,0.020387986177292046,22153.239999999972,154.0,0.020464206766930577,22236.059999999998,589.9999999999999,0.02037828604429533,22142.699999999997,1332.9999999999993,0.020364573332563696,22127.799999999992,3494.000000000001,0.02038680817252587,22151.960000000006,822.9999999999985,0.020382178981921125,22146.92999999996,818.0000000000011,0.020378801421380578,22143.26000000003,111.99999999999976,0.020202781740454877,21951.999999999953,348.99999999999994,0.020427707025502624,22196.399999999998,869.9999999999981,0.02036116816253634,22124.09999999995,14.999999999999991,0.019732362102762056,21440.849999999988,1000.000000000001,0.020403410677199623,22170.000000000025,345.0,0.020352333126789825,22114.499999999996,619.9999999999999,0.020410221017254232,22177.399999999998,461.99999999999983,0.020434443740259368,22203.719999999994,1162.0000000000014,0.020382906031737823,22147.720000000023,4137.999999999995,0.02041231933824402,22179.67999999998,555.0000000000003,0.0203850503685388,22150.05000000001,1041.0,0.020377706245074467,22142.07,779.0000000000001,0.020425231374861144,22193.710000000003,4163.999999999995,0.020387286736962117,22152.479999999978
2025-09-23 00:00:00,1964.2400000000189,1084377.4999999998,173.00000000000006,0.02050229740104346,22232.230000000007,24.000000000000053,0.020036343432061295,21726.960000000046,74.00000000000007,0.02016275697347097,21864.04000000002,85.99999999999974,0.02018948198390315,21893.019999999935,79.99999999999994,0.020657012894494755,22399.999999999985,175.99999999999972,0.020468296326694314,22195.359999999964,1766.0000000000027,0.02038987345274135,22110.320000000032,153.9999999999997,0.020251619016440264,21960.399999999954,211.00000000000028,0.020320165256103185,22034.730000000032,192.00000000000037,0.020301712272709497,22014.72000000004,4263.999999999991,0.020408169664162115,22130.159999999956,2601.0000000000005,0.020412181182291225,22134.510000000002,1584.9999999999955,0.020419503355611802,22142.44999999994,865.0000000000013,0.020420932747129143,22144.000000000033,315.9999999999994,0.020328861489656472,22044.159999999956,2718.999999999998,0.02041047513435126,22132.659999999985,4272.999999999994,0.020411839972703204,22134.139999999967,3305.999999999999,0.02039616277541723,22117.139999999996,3988.0000000000055,0.020411157553527282,22133.40000000003,3732.0000000000036,0.020408722977007566,22130.76000000002,586.9999999999997,0.020413343139266526,22135.769999999986,635.9999999999998,0.020404739124520743,22126.43999999999,3121.9999999999977,0.020412614610686764,22134.979999999985,3265.000000000004,0.020414200774176917,22136.70000000003,409.0,0.02039384808334736,22114.63,3458.00000000001,0.02040912873976089,22131.200000000066,1074.0000000000011,0.02042266646071135,22145.880000000023,1195.9999999999998,0.020382274622997985,22102.079999999998,1114.9999999999986,0.02041055813127806,22132.749999999975,156.0,0.020383713236395998,22103.64,584.9999999999999,0.020435503318724336,22159.799999999996,1355.9999999999995,0.02037043372810667,22089.23999999999,3475.000000000001,0.020413324695505032,22135.750000000007,816.9999999999985,0.020425423803057476,22148.86999999996,822.0000000000011,0.020391238291093305,22111.80000000003,113.99999999999976,0.020375136887292436,22094.339999999953,347.99999999999994,0.020410604240681862,22132.799999999996,873.9999999999981,0.020399667090104646,22120.93999999995,14.999999999999991,0.019690467572409043,21351.899999999987,999.000000000001,0.020424464727458864,22147.830000000024,349.0,0.020385576056308804,22105.66,630.0,0.020374915562154323,22094.1,478.9999999999999,0.020332743901454977,22048.369999999995,1182.0000000000011,0.02038349191125786,22103.40000000002,4164.999999999995,0.02039524980922232,22116.149999999976,546.0000000000003,0.020412485504356197,22134.840000000015,1038.0000000000002,0.02040816966416216,22130.160000000003,784.0,0.02039570168137941,22116.64,4128.9999999999945,0.02040935006489896,22131.439999999973
2025-09-24 00:00:00,1791.2200000000184,1093530.9,166.00000000000003,0.020490212027844852,22406.680000000004,24.000000000000053,0.020216493196488595,22107.360000000048,72.00000000000009,0.02046625294264664,22380.480000000025,85.99999999999974,0.020431795754468334,22342.799999999934,76.99999999999994,0.020455297605216263,22368.49999999998,164.99999999999972,0.02046938042628696,22383.89999999996,1768.000000000003,0.020403776427351104,22312.160000000036,150.9999999999997,0.020464167953552985,22378.199999999953,213.00000000000034,0.020389766763792443,22296.840000000037,190.00000000000037,0.020412043226213403,22321.200000000044,4313.999999999991,0.02039574739040292,22303.379999999954,2633.000000000001,0.020394037333558667,22301.51000000001,1606.9999999999955,0.020382679629811957,22289.089999999935,867.0000000000014,0.02038403304378508,22290.570000000036,317.9999999999994,0.020358985740594946,22263.179999999957,2742.999999999998,0.020393196022170008,22300.589999999986,4289.999999999994,0.020399972236724146,22307.999999999967,3319.999999999999,0.02040216696208584,22310.399999999994,4033.000000000006,0.020394933513081373,22302.490000000034,3755.0000000000036,0.0203969544893519,22304.700000000023,589.9999999999998,0.020378299323777677,22284.299999999992,637.9999999999998,0.020379250371434402,22285.339999999993,3116.999999999998,0.02040886087443893,22317.719999999987,3318.000000000005,0.020389876500060522,22296.960000000032,410.0,0.020373818426164276,22279.4,3527.0000000000095,0.020384097056608153,22290.64000000006,1087.0000000000011,0.020387508025607712,22294.370000000024,1199.9999999999998,0.020399972236724174,22307.999999999996,1132.9999999999986,0.020390315445132805,22297.439999999973,156.0,0.020405678522664516,22314.239999999998,586.9999999999998,0.020382039501581524,22288.389999999992,1282.9999999999998,0.020414786632915443,22324.199999999993,3502.0000000000014,0.020399734474810003,22307.74000000001,823.9999999999985,0.02037524499764932,22280.95999999996,828.0000000000011,0.020390864126473274,22298.04000000003,113.99999999999976,0.020287986375144913,22185.539999999954,347.99999999999994,0.02036705135629912,22271.999999999996,872.999999999998,0.020429299254369447,22340.06999999995,14.999999999999991,0.019451302199142238,21270.599999999988,1010.0000000000009,0.020393388060639183,22300.800000000017,350.0,0.020381682858710257,22288.0,632.9999999999999,0.020370041669604395,22275.269999999993,478.99999999999983,0.020385944283787493,22292.659999999993,1259.000000000001,0.020332246669938655,22233.940000000017,4155.999999999995,0.020408860874438918,22317.719999999976,553.0000000000003,0.02038481948703966,22291.430000000015,1018.0000000000002,0.020424589739530916,22334.920000000006,785.0,0.020387169672114434,22294.0,4160.9999999999945,0.020395363313464643,22302.959999999974
2025-09-25 00:00:00,1866.740000000017,1098725.3399999999,167.0,0.020383956922300533,22396.370000000003,24.000000000000053,0.020307022317333695,22311.840000000047,71.00000000000009,0.020584161643163734,22616.34000000003,83.99999999999974,0.02047620017574177,22497.71999999993,76.99999999999996,0.02018338814320965,22175.99999999999,164.99999999999972,0.02048373618105501,22505.999999999964,1617.000000000003,0.020412553696085724,22427.79000000004,149.9999999999997,0.020515136203193382,22540.499999999956,210.00000000000034,0.02045670485764899,22476.300000000036,179.00000000000034,0.020434561015949673,22451.970000000045,4365.999999999991,0.020385058198439252,22397.579999999954,2637.000000000001,0.02040045786147065,22414.500000000007,1621.9999999999952,0.02038709692451431,22399.819999999934,829.0000000000014,0.020409513809884497,22424.450000000037,319.9999999999994,0.02035813609250148,22367.999999999956,2752.999999999998,0.02039583432197895,22409.419999999987,4324.999999999993,0.020390446260209093,22403.49999999996,3348.999999999999,0.02039163855090481,22404.809999999994,4094.0000000000055,0.020381963703503946,22394.18000000003,3820.0000000000036,0.02037379059629227,22385.200000000023,592.9999999999998,0.02037968833958084,22391.67999999999,643.9999999999998,0.020379870368694687,22391.879999999994,3166.999999999998,0.020378787295467302,22390.689999999988,3349.0000000000045,0.020391638550904846,22404.81000000003,413.0,0.02035069110174523,22359.82,3526.0000000000095,0.02041034204235252,22425.360000000062,1097.0000000000011,0.02038793425843808,22400.740000000023,1199.9999999999998,0.02040182307982448,22415.999999999996,1139.9999999999986,0.020388170896286032,22400.99999999997,151.99999999999997,0.020521671048380482,22547.679999999997,592.9999999999999,0.020368894013129794,22379.819999999996,1262.9999999999998,0.0204153660458946,22430.879999999997,3523.0000000000014,0.02039297646489159,22406.28000000001,826.9999999999985,0.020382855646161727,22395.15999999996,845.0000000000011,0.02037274392888766,22384.05000000003,115.99999999999976,0.020312992872267746,22318.399999999954,350.99999999999994,0.02036245018249966,22372.739999999998,891.999999999998,0.020361194181614077,22371.359999999946,14.999999999999991,0.01931838579421495,21225.599999999988,999.0000000000008,0.02041233526114909,22427.550000000017,347.99999999999994,0.020448131286386825,22466.879999999997,640.9999999999999,0.020354941481553524,22364.489999999998,474.99999999999983,0.02044004919373207,22457.999999999993,1302.000000000001,0.020334763554283746,22342.320000000014,4194.999999999995,0.020388443939956806,22401.299999999974,562.0000000000003,0.020362887052372904,22373.220000000016,1026.0000000000005,0.020394396291979585,22407.84000000001,787.9999999999999,0.020382673617047917,22394.96,4187.9999999999945,0.020392539595018327,22405.79999999997
2025-09-26 00:00:00,2539.0100000000166,1095253.49,168.0,0.020288782645193855,22221.36,24.000000000000053,0.019669966995494392,21543.600000000046,73.0000000000001,0.020328627302525215,22265.00000000003,85.99999999999976,0.02033762978468111,22274.859999999935,76.99999999999996,0.020387974294425657,22329.99999999999,166.99999999999974,0.020264076035950332,22194.299999999967,1619.000000000003,0.020399113268290102,22342.20000000004,148.9999999999997,0.020491941093928816,22443.86999999995,216.00000000000037,0.020297328612027557,22230.720000000038,185.00000000000037,0.020331777258249178,22268.450000000044,4357.999999999992,0.020412206127733916,22356.539999999957,2597.0000000000014,0.020415520428973943,22360.17000000001,1619.9999999999952,0.0204117130911858,22355.999999999935,823.0000000000015,0.020423710313856237,22369.14000000004,319.9999999999994,0.020437277949235257,22383.999999999956,2739.9999999999977,0.02041390436473294,22358.399999999983,4330.999999999994,0.02040437232480306,22347.959999999966,3349.999999999999,0.02040121323877269,22344.499999999993,4114.0000000000055,0.02039620983084019,22339.02000000003,3845.0000000000036,0.02039660243401737,22339.45000000002,584.9999999999998,0.02042486073246842,22370.399999999994,635.9999999999999,0.020440199647298086,22387.199999999997,3148.999999999998,0.02041344784941063,22357.899999999987,3355.0000000000045,0.020401030632643802,22344.300000000032,412.00000000000006,0.02041467131047444,22359.240000000005,3509.0000000000095,0.02040836226872015,22352.33000000006,1099.0000000000011,0.020389508185908654,22331.680000000022,1203.9999999999995,0.020402801912094332,22346.23999999999,1131.9999999999986,0.020422961628727587,22368.319999999974,142.99999999999997,0.02048670029802872,22438.129999999994,591.9999999999999,0.020420624270277375,22365.759999999995,1276.0,0.020387974294425668,22330.0,3525.0000000000005,0.020404865361351193,22348.500000000004,819.9999999999985,0.02040915660538088,22353.19999999996,835.0000000000011,0.02041655215360239,22361.300000000032,115.99999999999976,0.02024605281102547,22174.559999999954,348.0,0.02044304830290931,22390.32,878.999999999998,0.020424997687065072,22370.54999999995,14.999999999999991,0.019324841411826943,21165.599999999988,986.0000000000008,0.02042663201191901,22372.34000000002,348.99999999999994,0.020396638955243136,22339.489999999998,640.9999999999999,0.02042531724779073,22370.899999999994,480.99999999999994,0.020372991461547404,22313.589999999997,1311.000000000001,0.02039659330371092,22339.440000000013,4214.999999999995,0.02039664808554956,22339.499999999975,562.0000000000003,0.020417173014440716,22361.980000000014,1018.0000000000005,0.020420350361084,22365.46000000001,787.0,0.020428521985353363,22374.41,4177.9999999999945,0.020408334877800728,22352.29999999997
2025-09-29 00:00:00,1719.6100000000151,1105292.43,166.0,0.020428367540705955,22579.320000000003,25.000000000000053,0.020068218507567317,22181.250000000047,73.0000000000001,0.020308444526305165,22446.77000000003,87.99999999999977,0.020362032154694072,22505.99999999994,73.99999999999996,0.020419265876995097,22569.259999999987,157.99999999999974,0.020505975961492805,22665.099999999962,1531.0000000000032,0.02041716688496641,22566.940000000046,149.99999999999966,0.02029553391585244,22432.49999999995,215.00000000000037,0.020476979110406145,22633.05000000004,187.00000000000037,0.020383528728229915,22529.760000000046,4427.999999999992,0.020391454232614226,22538.519999999957,2593.0000000000014,0.020410073739489932,22559.10000000001,1645.9999999999955,0.02038712958524464,22533.739999999936,791.0000000000015,0.02043174221323496,22583.050000000043,319.9999999999994,0.020396412196544186,22543.999999999956,2759.9999999999977,0.020401116833850014,22549.199999999983,4352.999999999994,0.02040051970680734,22548.539999999964,3384.9999999999986,0.020396502670338563,22544.09999999999,4145.000000000006,0.020400754938672692,22548.800000000036,3946.000000000003,0.020385247730322395,22531.660000000018,571.9999999999998,0.02042094868956987,22571.11999999999,633.9999999999999,0.020408825201127995,22557.719999999994,3209.999999999998,0.020387545764698662,22534.199999999986,3395.0000000000045,0.020395326511012144,22542.80000000003,410.0,0.020424097177612996,22574.600000000002,3539.0000000000095,0.02039589649591653,22543.430000000062,1123.0000000000011,0.020381375451924543,22527.380000000023,1191.9999999999995,0.02041501360866101,22564.55999999999,1155.9999999999986,0.020384143950031373,22530.439999999973,141.99999999999997,0.02041175655206469,22560.959999999995,602.9999999999999,0.02038746433828376,22534.109999999993,1282.0,0.020390585684188577,22537.559999999998,3540.0000000000005,0.02040165967661609,22549.800000000003,831.9999999999984,0.02039177993827386,22538.879999999957,844.0000000000013,0.020395724595707255,22543.240000000034,115.99999999999976,0.020417944959597673,22567.799999999956,346.99999999999994,0.02045659536454077,22610.519999999997,890.999999999998,0.02037875171188855,22524.47999999995,14.999999999999991,0.019500269263583028,21553.49999999999,1000.0000000000008,0.020392793244770547,22540.00000000002,342.99999999999994,0.02046283805635039,22617.419999999995,651.9999999999998,0.020392467539110892,22539.639999999992,483.00000000000006,0.02038551010432597,22531.95,1333.000000000001,0.02038166496806643,22527.700000000015,4215.999999999995,0.020406907156687918,22555.599999999973,568.0000000000003,0.020386061994471474,22532.560000000016,996.0000000000005,0.020419356350789463,22569.36000000001,749.0,0.020410779435085798,22559.88,4244.999999999995,0.02039365274581676,22540.949999999975
2025-09-30 00:00:00,2960.6700000000146,1114871.5499999998,163.0,0.020487732420833595,22841.19,25.000000000000053,0.01991843813755948,22206.500000000047,72.0000000000001,0.02044002288873551,22788.000000000033,88.99999999999979,0.0201578289445093,22473.389999999945,74.99999999999996,0.02011375211790093,22424.24999999999,147.99999999999974,0.020523261177487186,22880.79999999996,1450.0000000000032,0.020419392709411278,22765.000000000047,149.99999999999966,0.02028529654380359,22615.49999999995,204.00000000000037,0.020499330169471135,22854.120000000043,190.00000000000037,0.020311039419743063,22644.200000000044,4483.999999999992,0.020391479179821176,22733.87999999996,2616.0000000000014,0.020390725729793727,22733.04000000001,1649.9999999999952,0.020394277708494703,22736.999999999935,773.0000000000014,0.020412324630581923,22757.120000000043,319.9999999999994,0.020470878461289966,22822.399999999954,2818.9999999999977,0.020380051854404203,22721.139999999985,4463.9999999999945,0.020380607972281625,22721.759999999973,3413.9999999999986,0.02039449297993118,22737.23999999999,4173.000000000007,0.020399524949757702,22742.850000000042,4036.000000000003,0.02038143317945464,22722.68000000002,576.9999999999998,0.020391407422675728,22733.799999999992,646.9999999999999,0.02038139730088188,22722.639999999996,3251.999999999998,0.020389326465456933,22731.47999999999,3464.0000000000045,0.020382473658064046,22723.84000000003,419.00000000000006,0.0203548471570559,22693.04,3543.00000000001,0.020402404205219934,22746.060000000063,1136.0000000000014,0.02037902931508121,22720.00000000003,1213.9999999999995,0.02038448285813733,22726.07999999999,1177.9999999999984,0.020382276325913936,22723.61999999997,132.99999999999997,0.020430676520537275,22777.579999999994,605.9999999999999,0.020394385344212975,22737.12,1265.0,0.020423877531003463,22770.0,3575.0000000000005,0.020394277708494765,22737.000000000004,839.9999999999984,0.0203732887434431,22713.599999999955,848.0000000000013,0.02038476988671927,22726.400000000034,116.99999999999976,0.020360345548327927,22699.16999999995,318.0,0.020448472292615236,22797.42,906.999999999998,0.0203874787189609,22729.419999999947,14.999999999999991,0.019105743616831903,21300.449999999986,991.0000000000008,0.020408952044744546,22753.36000000002,341.9999999999999,0.020424200438158097,22770.359999999993,656.9999999999997,0.020389972279766216,22732.19999999999,472.00000000000006,0.02044863374619256,22797.600000000002,1330.0000000000011,0.020423518745276103,22769.60000000002,4219.9999999999945,0.020402170994497055,22745.79999999997,576.0000000000003,0.020356067028528997,22694.400000000012,993.0000000000005,0.020423420079201064,22769.49000000001,767.0,0.020370840030853783,22710.87,4297.999999999995,0.020393757469190043,22736.419999999976
2025-10-09 00:00:00,2017.970000000014,1129762.5899999996,165.00000000000003,0.02028758095096776,22920.150000000005,25.000000000000053,0.019771410558035954,22337.000000000047,72.00000000000011,0.020325473867921252,22962.960000000036,87.99999999999977,0.020482604225724926,23140.479999999938,72.99999999999997,0.020619402878263113,23295.02999999999,146.99999999999972,0.02041257181298591,23061.359999999953,1336.000000000003,0.020422627022904035,23072.720000000052,152.99999999999966,0.020262540291761607,22891.85999999995,204.00000000000037,0.02037720154992921,23021.40000000004,188.00000000000037,0.020482993688081,23140.920000000046,4501.999999999992,0.020402729037080222,23050.239999999958,2537.0000000000014,0.020412545258734413,23061.330000000013,1666.9999999999955,0.02039184179394711,23037.939999999937,713.0000000000013,0.02043521373813594,23086.940000000042,330.9999999999994,0.020335874283109297,22974.709999999955,2784.9999999999973,0.020411190991905633,23059.799999999977,4508.9999999999945,0.020394541476187463,23040.989999999972,3410.9999999999986,0.020409916387831524,23058.35999999999,4147.000000000006,0.020408995840444703,23057.320000000032,4127.000000000003,0.02038362767880287,23028.660000000014,584.9999999999998,0.020391275303247552,23037.299999999992,659.9999999999998,0.02037667046489829,23020.799999999992,3290.9999999999986,0.020391009760732107,23036.99999999999,3512.000000000005,0.02039253220448734,23038.72000000003,425.0,0.02034785910197292,22988.25,3573.000000000009,0.02039884326493769,23045.85000000006,1130.0000000000014,0.02042429108933411,23074.60000000003,1241.9999999999995,0.02038187509820093,23026.67999999999,1204.9999999999982,0.02038264517149569,23027.549999999963,143.0,0.020212804178619505,22835.67,599.9999999999999,0.020425530287739475,23075.999999999996,1222.0,0.020421423230167317,23071.36,3590.0000000000005,0.020400569291288004,23047.800000000003,839.9999999999984,0.020424468117677674,23074.799999999956,849.0000000000013,0.020402826402669282,23050.35000000003,119.99999999999976,0.020222655805942336,22846.799999999952,324.00000000000006,0.02038187509820094,23026.68,914.9999999999981,0.02038530059665009,23030.549999999952,15.99999999999999,0.020008734755502907,22605.119999999984,987.0000000000007,0.02042558339624258,23076.060000000016,340.9999999999999,0.02044317116218195,23095.929999999993,656.9999999999997,0.020377095332922986,23021.279999999988,434.0,0.020409969496334623,23058.420000000002,1317.0000000000014,0.02042361838162832,23073.840000000022,4215.9999999999945,0.020412713435660822,23061.519999999968,585.0000000000003,0.020360206828940946,23002.200000000015,1004.0000000000003,0.020377484795278986,23021.72000000001,784.0,0.020374404502099857,23018.239999999998,4300.999999999995,0.02040549067924083,23053.35999999998
2025-10-10 00:00:00,1148.5700000000143,1114212.7499999998,177.0,0.02032569632684602,22647.15,27.000000000000053,0.020257280308451007,22570.920000000046,76.00000000000011,0.02025824960269036,22572.000000000033,93.99999999999979,0.020365589964753093,22691.599999999948,76.99999999999997,0.020248377161363476,22560.999999999993,150.99999999999972,0.020309281149403433,22628.85999999996,1359.000000000003,0.020393304600041642,22722.480000000047,159.99999999999966,0.020307791308257737,22627.19999999995,216.00000000000034,0.020300898549222342,22619.520000000037,200.00000000000037,0.020335434143972993,22658.000000000044,4441.999999999992,0.020411757090376105,22743.039999999957,2536.0000000000014,0.02041613686434661,22747.920000000013,1628.9999999999955,0.020409782602110717,22740.83999999994,735.0000000000011,0.02036366035122111,22689.450000000037,331.9999999999994,0.020366128461552745,22692.199999999957,2746.9999999999973,0.020413659779068203,22745.159999999974,4449.999999999994,0.020408579959258204,22739.499999999967,3363.999999999998,0.020409603103177548,22740.63999999999,4054.000000000006,0.020411667340909566,22742.940000000035,4105.000000000003,0.020410554447523613,22741.700000000015,576.9999999999998,0.020413821328108112,22745.339999999993,648.9999999999998,0.02042153978223638,22753.939999999995,3248.9999999999986,0.02041172119058949,22742.99999999999,3451.0000000000045,0.020410904470443397,22742.09000000003,416.99999999999994,0.0204305955034171,22764.03,3456.0000000000086,0.020409459504031037,22740.480000000058,1101.0000000000014,0.020424887437340878,22757.67000000003,1210.9999999999993,0.02042221290323593,22754.689999999988,1188.9999999999982,0.020414027751881284,22745.569999999963,136.0,0.020427840194792244,22760.960000000003,586.9999999999999,0.020435711223013735,22769.729999999996,1235.0,0.020394668791934037,22724.0,3542.0,0.02040870560851148,22739.64,826.9999999999984,0.020426117005033335,22759.039999999957,834.0000000000011,0.02041188273962942,22743.18000000003,119.99999999999976,0.020322869218647833,22643.999999999953,321.0000000000001,0.020469205723951736,22807.050000000007,895.9999999999981,0.02041750105623899,22749.43999999995,15.99999999999999,0.020190614404654753,22496.639999999985,967.0000000000007,0.020421153859529983,22753.510000000017,335.9999999999999,0.020424537414421073,22757.279999999995,650.9999999999997,0.020420202515183918,22752.44999999999,434.0,0.020441625712863187,22776.32,1327.0000000000014,0.02040140897687629,22731.510000000024,4195.999999999994,0.020411110894216537,22742.319999999967,581.0000000000005,0.020424977186807473,22757.77000000002,1004.0000000000003,0.02040956720339092,22740.600000000006,774.0,0.020416083014666634,22747.86,4234.999999999996,0.0204107788211901,22741.949999999983
2025-10-13 00:00:00,1172.2200000000148,1114240.9,167.0,0.02045382645709738,22790.49,27.00000000000005,0.020501266826590227,22843.350000000042,71.00000000000011,0.02049888852581164,22840.700000000037,93.99999999999979,0.020576824993589756,22927.539999999946,76.99999999999997,0.020392986830765222,22722.699999999993,152.99999999999974,0.020301758802786684,22621.049999999963,1320.000000000003,0.020423590625689693,22756.80000000005,163.99999999999966,0.02029981128856421,22618.87999999995,227.00000000000037,0.020317608158164035,22638.71000000004,199.00000000000037,0.02046899373376084,22807.390000000043,4464.999999999992,0.020396711339531654,22726.84999999996,2513.0000000000014,0.020410891397004013,22742.650000000012,1636.9999999999955,0.02039196371269439,22721.55999999994,727.0000000000011,0.02042206492330342,22755.100000000035,334.9999999999994,0.020390294414789432,22719.699999999957,2760.9999999999977,0.020393282996522544,22723.02999999998,4489.9999999999945,0.02039002517319187,22719.399999999972,3329.999999999998,0.02041201323699389,22743.899999999987,4080.000000000007,0.020395589499541827,22725.60000000004,4139.000000000003,0.02039335479428193,22723.110000000015,582.9999999999997,0.02036919484825946,22696.189999999988,650.9999999999998,0.02040215899452263,22732.919999999995,3264.9999999999986,0.02039451253315148,22724.39999999999,3465.000000000004,0.020399897365103024,22730.400000000027,418.99999999999994,0.020362607403838787,22688.849999999995,3415.000000000008,0.020412013236993952,22743.900000000056,1105.0000000000014,0.020389486689996773,22718.80000000003,1224.9999999999993,0.02038293514445573,22711.499999999985,1188.9999999999982,0.020424182957204284,22757.459999999966,140.0,0.02025289145282676,22566.6,584.0,0.02042509837863607,22758.48,1252.0,0.0203715013512787,22698.76,3561.9999999999995,0.020395553600662114,22725.559999999998,824.9999999999985,0.020420628968116278,22753.499999999956,839.000000000001,0.02038314156301391,22711.73000000003,120.99999999999976,0.020306012820028373,22625.789999999957,321.0000000000001,0.020341929649144996,22665.81000000001,912.9999999999981,0.020361889426245214,22688.049999999952,15.99999999999999,0.020035021152068625,22323.839999999986,967.0000000000008,0.020385923726188845,22714.830000000016,341.9999999999999,0.02036516519901575,22691.69999999999,654.9999999999998,0.02039231372677128,22721.94999999999,394.0,0.02041355688882,22745.62,1352.0000000000014,0.020372686014308056,22700.08000000002,4195.999999999994,0.02041059523124664,22742.319999999967,581.0000000000005,0.020387960987610504,22717.10000000002,1007.0000000000003,0.020388696914643865,22717.920000000006,785.0000000000001,0.020367543499794343,22694.350000000002,4240.999999999996,0.020401117927011995,22731.75999999998
2025-10-14 00:00:00,1244.610000000017,1110729.13,177.0,0.020269928456814676,22514.4,28.00000000000005,0.020209283608146698,22447.040000000037,72.00000000000011,0.02010463163057589,22330.800000000032,98.99999999999979,0.02027811227027057,22523.48999999995,81.99999999999997,0.02019124140554412,22426.999999999993,153.99999999999974,0.020353477179445155,22607.199999999964,1411.000000000003,0.02033809088990045,22590.110000000048,171.99999999999963,0.020329132810264876,22580.159999999953,235.00000000000034,0.020294056751712312,22541.200000000033,214.00000000000037,0.020312801195733515,22562.02000000004,4384.999999999992,0.020410421756022517,22670.449999999957,2472.0000000000014,0.020408432072003026,22668.240000000013,1584.9999999999952,0.02042023512969354,22681.349999999933,766.0000000000011,0.02034429402243195,22597.000000000033,332.9999999999994,0.020449567213565348,22713.929999999957,2721.9999999999977,0.02041385193525985,22674.25999999998,4453.9999999999945,0.020410790882922084,22670.85999999997,3314.999999999998,0.02041415804049363,22674.599999999988,4063.0000000000073,0.020411403093389697,22671.54000000004,4063.000000000003,0.02041140309338968,22671.54000000002,570.9999999999997,0.02042940928361174,22691.539999999986,629.9999999999998,0.0204190197118536,22679.999999999993,3152.9999999999986,0.02041007963840833,22670.069999999992,3384.000000000004,0.02041253748337368,22672.80000000003,408.99999999999994,0.020447622545021398,22711.769999999997,3295.000000000008,0.020409656492938168,22669.600000000057,1063.0000000000016,0.020413428789789672,22673.790000000034,1214.9999999999993,0.02042266596537357,22684.04999999999,1152.9999999999982,0.020418578560193135,22679.509999999966,142.0,0.020355313810847844,22609.24,572.0,0.020429139190758425,22691.24,1175.9999999999998,0.020412969631938983,22673.279999999995,3541.9999999999995,0.020408936245329235,22668.8,815.9999999999985,0.020408648146285645,22668.47999999996,834.0000000000009,0.020430849778829543,22693.140000000025,118.99999999999977,0.020552058448309502,22827.769999999957,334.00000000000006,0.0203215341979912,22571.720000000005,901.9999999999982,0.020423791352262417,22685.299999999952,15.99999999999999,0.02055673105467216,22832.959999999985,964.0000000000008,0.02042164861562605,22682.92000000002,348.99999999999994,0.020351253414952756,22604.729999999996,642.9999999999998,0.02042934626194597,22691.46999999999,397.99999999999994,0.0203527569318363,22606.399999999994,1371.0000000000014,0.020391038092248494,22648.920000000024,4190.999999999994,0.020412996641224285,22673.309999999965,564.0000000000006,0.020437926211586823,22701.000000000022,998.0000000000005,0.02042310711703403,22684.54000000001,788.0000000000001,0.020389417535128487,22647.120000000003,4182.999999999995,0.020411691192433194,22671.859999999975
2025-10-15 00:00:00,920.3500000000176,1121326.37,177.0,0.020450887996150493,22932.12,28.00000000000005,0.020789130286840617,23311.40000000004,72.00000000000011,0.020093133099152963,22530.960000000036,94.99999999999979,0.020414395498430986,22891.19999999995,82.99999999999997,0.020281338786316067,22741.999999999993,156.99999999999974,0.020210841915721617,22662.94999999996,1404.0000000000032,0.02042156557862815,22899.24000000005,171.99999999999963,0.02047600111286062,22960.27999999995,231.00000000000034,0.020489360292133357,22975.26000000003,208.00000000000037,0.020452635926148825,22934.08000000004,4419.999999999991,0.020378901817853408,22851.399999999954,2508.0000000000014,0.02035339630869469,22822.80000000001,1608.9999999999955,0.020346993177374345,22815.619999999933,739.0000000000013,0.020417088737510067,22894.220000000038,330.9999999999994,0.020438688158203183,22918.439999999955,2754.9999999999977,0.02036779889516019,22838.94999999998,4481.9999999999945,0.020384966064786274,22858.19999999997,3357.999999999998,0.020363741200521302,22834.399999999987,4070.0000000000073,0.020398521440283302,22873.40000000004,4102.000000000003,0.02037599454652977,22848.140000000018,565.9999999999995,0.020422564395769977,22900.359999999982,620.9999999999998,0.020435531182594054,22914.89999999999,3192.9999999999977,0.02035977268598436,22829.949999999986,3402.0000000000036,0.020387855500089622,22861.440000000024,403.00000000000006,0.02043524580626781,22914.58,3260.000000000008,0.020409044692313857,22885.200000000055,1049.0000000000016,0.020421949053066542,22899.670000000035,1209.9999999999993,0.020416179100470094,22893.19999999999,1156.9999999999982,0.020378322147190715,22850.749999999964,142.0,0.020292111742632082,22754.08,572.9999999999999,0.02037875912969032,22851.239999999998,1160.9999999999998,0.020417712998223703,22894.919999999995,3565.9999999999995,0.020384841212643563,22858.059999999998,823.9999999999984,0.02036987679153569,22841.279999999955,841.0000000000009,0.020377626542395534,22849.970000000027,118.99999999999977,0.02050852509604315,22996.749999999956,342.00000000000006,0.02026393083041471,22722.480000000003,908.9999999999983,0.02037966876673021,22852.25999999996,15.99999999999999,0.02051912861016547,23008.639999999985,965.0000000000009,0.020387329337488096,22860.850000000024,351.9999999999999,0.02032592883729293,22791.999999999993,646.9999999999997,0.020385242523102347,22858.509999999987,415.9999999999999,0.02021891271494846,22671.999999999993,1361.0000000000014,0.02041512677526707,22892.020000000022,4230.999999999994,0.02037533461377527,22847.39999999997,565.0000000000006,0.02040159815380069,22876.850000000024,976.0000000000006,0.020419532272303576,22896.960000000014,779.0000000000001,0.020424562030053755,22902.600000000002,4235.999999999995,0.02036163655011518,22832.039999999975
2025-10-16 00:00:00,1042.8800000000192,1127242.41,180.0,0.02032748217838965,22914.0,27.00000000000005,0.02045594611721541,23058.81000000004,74.00000000000011,0.020058418490482486,22610.700000000037,97.9999999999998,0.020249557502010553,22826.159999999953,82.99999999999997,0.02020434983456663,22775.19999999999,158.99999999999974,0.020367934879242138,22959.599999999962,1459.0000000000032,0.02032065134951767,22906.30000000005,172.99999999999963,0.020310467204653838,22894.819999999952,228.0000000000003,0.02044074974077673,23041.680000000033,213.00000000000037,0.02031473425489735,22899.63000000004,4365.999999999991,0.020411598956785126,23008.81999999995,2513.0000000000014,0.020398407472976478,22993.95000000001,1594.9999999999955,0.020417835414833208,23015.849999999933,753.0000000000013,0.02035401595651466,22943.910000000036,330.9999999999994,0.02046943035083284,23074.009999999955,2728.999999999998,0.020408627102665507,23005.469999999983,4475.9999999999945,0.020409665033805792,23006.63999999997,3366.9999999999986,0.02040076721385952,22996.60999999999,4071.0000000000077,0.020404794741532166,23001.150000000045,4087.0000000000027,0.020412477206211588,23009.810000000016,540.9999999999995,0.020425917083797426,23024.95999999998,610.9999999999998,0.020434557638760235,23034.699999999993,3142.9999999999977,0.02040977148828173,23006.759999999984,3364.000000000004,0.020412432850179962,23009.760000000028,403.0,0.02040307372750463,22999.21,3178.0000000000077,0.02041151024472195,23008.720000000056,1021.0000000000015,0.020415608742045142,23013.340000000033,1213.9999999999995,0.02038693700319525,22981.01999999999,1156.9999999999982,0.020415067598459114,23012.729999999963,143.0,0.020327766056992127,22914.32,560.9999999999999,0.02041959191368607,23017.829999999994,1136.9999999999998,0.020425287228148202,23024.249999999996,3596.999999999999,0.02039031693280596,22984.829999999994,823.9999999999984,0.02043109786829255,23030.799999999956,841.0000000000009,0.020390050796616165,22984.530000000024,115.99999999999977,0.02045771148727447,23060.799999999956,343.00000000000006,0.020386919260782607,22981.000000000004,918.9999999999983,0.020365291259756595,22956.61999999996,15.99999999999999,0.020736622214205008,23375.199999999986,963.000000000001,0.020417702346738377,23015.700000000023,363.9999999999999,0.020340221230675658,22928.359999999993,650.9999999999997,0.020380523121020604,22973.789999999986,430.9999999999999,0.020321848962371807,22907.649999999994,1369.0000000000011,0.020390920174836236,22985.510000000017,4263.999999999994,0.020388658017222724,22982.959999999963,563.0000000000006,0.020437449652022963,23037.960000000025,976.0000000000006,0.020407606913937896,23004.320000000014,783.0000000000002,0.020393909771368526,22988.880000000005,4221.999999999995,0.0204125570470685,23009.899999999976
2025-10-17 00:00:00,1118.6300000000183,1107146.53,184.00000000000003,0.02027222178079717,22444.320000000003,27.00000000000005,0.02039632459490258,22581.72000000004,75.00000000000011,0.020159255703940143,22319.250000000033,97.9999999999998,0.020195773002151717,22359.679999999953,85.99999999999999,0.020344425412235183,22524.26,162.99999999999977,0.02028764882639335,22461.39999999997,1498.0000000000036,0.0203495376533403,22529.920000000053,176.99999999999963,0.02028276239099079,22455.989999999954,233.0000000000003,0.020329558364781248,22507.80000000003,215.00000000000037,0.020328113208285127,22506.20000000004,4320.99999999999,0.020411778737183014,22598.82999999995,2505.0000000000014,0.02040840971610146,22595.10000000001,1569.9999999999955,0.020420061290351458,22607.999999999935,749.0000000000013,0.020410423902967968,22597.330000000038,323.9999999999994,0.020417785168870068,22605.479999999956,2686.999999999998,0.020410730998723346,22597.669999999984,4413.9999999999945,0.020412546476571602,22599.67999999997,3269.9999999999986,0.02040895164978749,22595.69999999999,4043.0000000000077,0.020413169700310624,22600.370000000043,4035.0000000000027,0.020409222616630536,22596.000000000015,551.9999999999995,0.020347008629472006,22527.119999999984,613.9999999999998,0.02038077109811291,22564.499999999993,3090.999999999998,0.020408509070610543,22595.209999999985,3314.0000000000045,0.020414172277629806,22601.480000000032,401.99999999999994,0.020453173438569148,22644.659999999996,3066.0000000000077,0.02040960197021081,22596.420000000056,1007.0000000000016,0.020419293550962978,22607.150000000034,1216.9999999999998,0.020390571065602308,22575.349999999995,1151.9999999999982,0.02042526385373756,22613.759999999962,145.0,0.020269810175894246,22441.65,552.9999999999999,0.02043881219588883,22628.759999999995,1146.0,0.02039133880499088,22576.2,3575.9999999999986,0.020413124539170074,22600.319999999992,809.9999999999985,0.020411932285060733,22598.999999999956,841.0000000000008,0.020410730998723384,22597.670000000024,115.99999999999979,0.020525196425445116,22724.399999999958,350.00000000000006,0.020368125978771762,22550.500000000007,912.9999999999984,0.02040990003373805,22596.74999999996,15.99999999999999,0.0206807675222538,22896.639999999985,980.000000000001,0.020367493722804723,22549.800000000025,366.9999999999999,0.02038950526268641,22574.16999999999,650.9999999999997,0.020380012390952433,22563.659999999985,426.9999999999999,0.020440835414983413,22630.999999999993,1380.0000000000011,0.02037941626389781,22563.000000000022,4239.999999999994,0.020412112929622757,22599.199999999968,557.0000000000006,0.02041559936966973,22603.060000000023,1002.0000000000007,0.020363158253316315,22545.000000000015,784.0000000000002,0.02039404847342114,22579.200000000008,4176.999999999995,0.020410640676442333,22597.569999999974
2025-10-20 00:00:00,1168.2800000000175,1110137.12,184.00000000000003,0.0203253450348548,22563.920000000002,27.00000000000005,0.020887392721360448,23187.870000000043,75.00000000000011,0.0201833175346844,22406.250000000033,97.99999999999979,0.020184623679640547,22407.699999999953,85.99999999999999,0.020360890193456462,22603.379999999994,165.99999999999974,0.020179218941890686,22401.699999999964,1499.0000000000036,0.020402785918914288,22649.890000000054,177.9999999999996,0.02033118215162462,22570.39999999995,230.00000000000034,0.020488189783258524,22744.700000000033,215.00000000000037,0.020312085411575143,22549.200000000037,4315.99999999999,0.02041099211239775,22658.99999999995,2505.0000000000014,0.0203985612155731,22645.20000000001,1580.9999999999952,0.020365322078411307,22608.299999999934,758.0000000000013,0.020313256438087617,22550.500000000036,323.9999999999994,0.020450338603216836,22702.679999999953,2628.9999999999977,0.020413676465480216,22661.979999999978,4407.9999999999945,0.02040929862790281,22657.11999999997,3298.999999999998,0.020356179063717818,22598.149999999987,4045.000000000008,0.020404686585022983,22652.000000000044,4066.0000000000027,0.020364115020313905,22606.960000000014,533.9999999999995,0.020443420538897025,22694.99999999998,611.9999999999998,0.020436070095557205,22686.839999999993,3099.9999999999977,0.020384869213273392,22629.99999999998,3324.0000000000036,0.020390670298458296,22636.440000000024,397.99999999999994,0.020417387718735146,22666.1,3021.0000000000077,0.020409640927960382,22657.50000000006,990.0000000000017,0.020421801587897578,22671.000000000036,1217.9999999999998,0.02039623717834064,22642.619999999995,1150.9999999999982,0.020425134509509935,22674.699999999964,145.00000000000003,0.020296186474694233,22531.550000000003,549.9999999999999,0.020436664616709694,22687.499999999996,1179.0,0.02024231024722424,22471.739999999998,3573.999999999998,0.020411136238737783,22659.15999999999,811.9999999999985,0.020363322325443873,22606.079999999958,840.0000000000008,0.020422342061672552,22671.60000000002,116.99999999999977,0.020190019409494175,22413.689999999955,351.00000000000006,0.020352323684122924,22593.870000000006,912.9999999999984,0.020412487423175227,22660.65999999996,15.99999999999999,0.02066728477649679,22943.519999999986,980.000000000001,0.02041855874524764,22667.400000000023,370.9999999999999,0.020338982989776974,22579.059999999994,649.9999999999997,0.020428557510084877,22678.49999999999,431.99999999999994,0.0203209491814849,22559.039999999997,1379.0000000000011,0.02042158539838757,22670.76000000002,4226.999999999994,0.020408938312052816,22656.71999999997,559.0000000000006,0.020348107988678036,22589.19000000002,1006.0000000000008,0.02038031121777103,22624.940000000017,783.0000000000002,0.020411910917815284,22660.020000000008,4141.999999999995,0.020408956327845323,22656.739999999972
2025-10-21 00:00:00,531.4500000000189,1121715.5499999998,180.00000000000003,0.020409987184362384,22894.200000000004,25.000000000000046,0.020454383466467985,22944.000000000044,76.00000000000011,0.020347012217134756,22823.560000000034,96.9999999999998,0.020478070398506958,22970.569999999952,84.99999999999999,0.02043548384436678,22922.799999999996,164.99999999999977,0.020416940818909008,22901.99999999997,1482.0000000000034,0.0204123942117055,22896.900000000052,176.9999999999996,0.02042170138409862,22907.339999999946,225.00000000000034,0.020467755840596163,22959.000000000036,212.00000000000037,0.02043805134019943,22925.68000000004,4333.99999999999,0.020400466053983067,22883.51999999995,2533.0000000000014,0.020391078647345143,22872.990000000013,1591.999999999995,0.020394689188359676,22877.039999999928,761.0000000000013,0.02038667467879895,22868.05000000004,323.9999999999994,0.020351897591149515,22829.039999999954,2613.9999999999977,0.020413945407104304,22898.63999999998,4441.9999999999945,0.020394029484569393,22876.299999999974,3351.999999999998,0.020380068725979583,22860.63999999999,4051.000000000008,0.020404593660130723,22888.15000000005,4120.000000000002,0.020384847121001408,22866.00000000001,520.9999999999995,0.0204319089630165,22918.789999999983,612.9999999999998,0.02040026101091314,22883.28999999999,3120.999999999998,0.020394591124282786,22876.929999999986,3331.0000000000036,0.020400867225206985,22883.970000000027,399.99999999999994,0.020372366238481758,22851.999999999996,3001.0000000000073,0.020413045000579742,22897.630000000056,1014.0000000000017,0.020357460498786915,22835.28000000004,1229.0,0.020378963276384998,22859.4,1165.9999999999982,0.0203737926250554,22853.599999999966,145.00000000000003,0.020389170855302844,22870.850000000002,559.9999999999999,0.020378784978063284,22859.199999999997,1202.0,0.02037060108509684,22850.02,3596.999999999998,0.020394582209366706,22876.91999999999,824.9999999999985,0.020372811984285998,22852.49999999996,849.0000000000009,0.020382680796392653,22863.570000000025,119.99999999999977,0.02029605455679023,22766.399999999958,356.00000000000006,0.020372045301502686,22851.640000000003,912.9999999999984,0.020413410512139157,22898.039999999957,15.99999999999999,0.020515718089135864,23012.799999999985,976.0000000000009,0.020412447701201986,22896.96000000002,372.99999999999983,0.02034396331583349,22820.13999999999,630.9999999999997,0.0204142574291673,22898.989999999987,435.99999999999994,0.020347939368407612,22824.6,1386.0000000000011,0.020399877669521494,22882.860000000022,4244.999999999994,0.020397818323905702,22880.549999999963,559.0000000000006,0.02041714586197902,22902.23000000002,1003.0000000000009,0.020413811683363058,22898.49000000002,787.0000000000002,0.02039562525454872,22878.090000000007,4188.999999999995,0.020390142581156137,22871.939999999973
2025-10-22 00:00:00,998.0400000000182,1122152.8900000001,180.00000000000003,0.02034107847817422,22825.800000000003,24.000000000000043,0.020497527747756407,23001.36000000004,78.00000000000011,0.020378720407697774,22868.040000000034,94.99999999999979,0.020462006741345157,22961.49999999995,84.99999999999997,0.020208609898068344,22677.149999999994,166.99999999999977,0.020293241859404714,22772.11999999997,1474.0000000000036,0.02041251259442914,22905.960000000054,177.9999999999996,0.02040058908550327,22892.57999999995,226.00000000000037,0.020321116848881476,22803.400000000038,209.00000000000037,0.020409179715252565,22902.22000000004,4280.999999999989,0.020410186708158765,22903.34999999994,2535.000000000002,0.020399225634931097,22891.050000000014,1582.999999999995,0.02041255715163727,22906.00999999993,776.0000000000013,0.02036549582829131,22853.200000000037,328.99999999999943,0.02035300198709996,22839.17999999996,2573.9999999999977,0.020414865215024294,22908.59999999998,4404.9999999999945,0.020412548240195658,22905.99999999997,3338.999999999998,0.020412138313879842,22905.53999999999,4039.0000000000077,0.020408208368112874,22901.130000000045,4083.0000000000027,0.0204122185168547,22905.630000000016,520.9999999999995,0.020396088807470774,22887.52999999998,614.9999999999998,0.020387596203579706,22877.999999999993,3073.999999999998,0.02040835986262085,22901.29999999999,3281.0000000000036,0.020408431154154073,22901.380000000026,399.99999999999994,0.02041076595186597,22903.999999999996,2922.0000000000073,0.02041475827772458,22908.480000000058,1021.0000000000017,0.02038082350792684,22870.400000000038,1238.0,0.02038781007817928,22878.24,1154.9999999999982,0.02042074676651233,22915.199999999964,145.00000000000003,0.020264930209287265,22740.350000000006,556.9999999999999,0.020430478060792585,22926.11999999999,1219.0,0.020389939912733284,22880.63,3605.999999999998,0.02040550820129331,22898.099999999988,822.9999999999985,0.020410846154840772,22904.089999999956,855.000000000001,0.020396819545685996,22888.350000000028,120.99999999999976,0.020305174279772124,22785.509999999955,363.00000000000006,0.020366636492822297,22854.480000000003,903.9999999999983,0.02041376019625985,22907.359999999957,15.999999999999988,0.020456962865372103,22955.839999999982,994.000000000001,0.020382195869940705,22871.940000000024,372.99999999999983,0.020389218085959743,22879.819999999992,640.9999999999997,0.02036411455483574,22851.649999999987,449.9999999999999,0.02036754545987044,22855.499999999993,1391.0000000000011,0.02040351203836406,22895.86000000002,4217.999999999994,0.020410534254383078,22903.739999999965,559.0000000000006,0.02039424413904956,22885.46000000002,995.0000000000009,0.02041156798161436,22904.90000000002,792.0000000000002,0.020397220560560165,22888.800000000007,4163.999999999995,0.02040898366353624,22901.999999999975
2025-10-23 00:00:00,1249.1500000000178,1128419.3299999998,180.00000000000003,0.020465796168167384,23094.000000000007,24.000000000000043,0.01994684015205592,22508.40000000004,77.00000000000011,0.020516832160257334,23151.590000000037,96.99999999999979,0.02029194235798845,22897.81999999995,85.99999999999999,0.020364060938232946,22979.199999999993,167.99999999999974,0.020310322050225746,22918.55999999996,1449.0000000000036,0.020417144041656975,23039.100000000057,177.9999999999996,0.020333044099838264,22944.19999999995,226.00000000000037,0.020408547946444727,23029.400000000038,213.0000000000004,0.02028977117930091,22895.370000000043,4280.999999999989,0.020410657091455477,23031.77999999994,2528.000000000002,0.020409150559304947,23030.080000000016,1587.9999999999952,0.020391462099466098,23010.11999999993,776.0000000000013,0.02042432222425686,23047.200000000037,328.99999999999943,0.020365345921537836,22980.649999999958,2508.9999999999977,0.02041140149557698,23032.619999999977,4417.9999999999945,0.020398250356097648,23017.77999999997,3337.9999999999977,0.020411029293516254,23032.199999999986,4027.0000000000077,0.02041301437117356,23034.440000000042,3917.000000000003,0.020410816606624433,23031.960000000017,517.9999999999995,0.020413918290463864,23035.45999999998,615.9999999999998,0.020383769923544286,23001.439999999995,3058.9999999999986,0.020412863717958453,23034.26999999999,3272.000000000004,0.02041340429714194,23034.88000000003,398.99999999999994,0.020437615154997386,23062.199999999997,2970.0000000000073,0.020371682218524256,22987.800000000057,1013.0000000000019,0.020423037240951944,23045.750000000044,1238.0,0.020417214937287542,23039.18,1140.9999999999982,0.020425208419639497,23048.19999999996,145.00000000000003,0.02032329595062857,22933.200000000004,557.9999999999999,0.020393057251155026,23011.919999999995,1210.0,0.020416523704889028,23038.399999999998,3608.9999999999977,0.02040502088882152,23025.419999999984,821.9999999999985,0.020411241980408078,23032.43999999996,856.0000000000009,0.02039830352782066,23017.840000000026,120.99999999999974,0.02032001702771252,22929.499999999953,369.00000000000006,0.02031688875801162,22925.970000000005,903.9999999999983,0.020420564755834123,23042.959999999955,15.999999999999988,0.020474941704516865,23104.31999999998,1000.000000000001,0.02039135575602026,23010.000000000025,367.99999999999983,0.020457501379385255,23084.63999999999,647.9999999999995,0.02035732585332439,22971.599999999984,460.99999999999983,0.02032466955347175,22934.749999999993,1392.0000000000014,0.02039114306912841,23009.760000000024,4230.999999999994,0.02039724009336136,23016.639999999967,559.0000000000006,0.020424650116548447,23047.57000000002,1013.0000000000008,0.020360197126364377,22974.84000000002,788.0000000000001,0.020411950936714284,23033.240000000005,4141.999999999995,0.020408654289890596,23029.51999999997
2025-10-24 00:00:00,946.54000000002,1139572.7399999998,174.00000000000003,0.02046946121227856,23326.440000000006,23.00000000000004,0.020636716880398562,23517.04000000004,77.00000000000011,0.02054103189586655,23408.000000000036,93.99999999999979,0.020532677887679155,23398.479999999945,82.99999999999997,0.020492662890479456,23352.879999999994,159.99999999999977,0.020505931021129874,23367.999999999967,1386.0000000000034,0.020408596295485325,23257.08000000006,175.9999999999996,0.02042056569377041,23270.719999999947,225.00000000000037,0.02049649766104447,23357.25000000004,205.0000000000004,0.020480702267412998,23339.250000000044,4288.999999999989,0.020399206811493178,23246.37999999994,2559.000000000002,0.020367396643763188,23210.130000000016,1600.9999999999955,0.020385280539441417,23230.509999999933,775.0000000000011,0.02042278582409758,23273.250000000036,329.99999999999943,0.02034894235887036,23189.09999999996,2559.9999999999977,0.020352891207278248,23193.59999999998,4465.9999999999945,0.020378865854583334,23223.19999999997,3378.9999999999973,0.02037055572248945,23213.72999999998,4067.000000000008,0.0203783130158063,23222.570000000047,3956.000000000003,0.02037756712221812,23221.72000000002,522.9999999999995,0.020367931932102887,23210.73999999998,622.9999999999997,0.020348029736127232,23188.059999999987,3084.9999999999986,0.020384876879381997,23230.049999999992,3287.0000000000045,0.020392809677072507,23239.090000000033,400.99999999999994,0.020367177263296066,23209.879999999997,3000.000000000007,0.020376057784604478,23220.000000000055,1020.0000000000017,0.020371845679636073,23215.20000000004,1245.0,0.020375399643203115,23219.25,1157.999999999998,0.020364053285444474,23206.31999999996,145.00000000000003,0.02032033514596006,23156.500000000004,559.0,0.020367001758922382,23209.68,1231.0000000000002,0.02035152227316354,23192.040000000005,3640.9999999999973,0.020384464444103835,23229.579999999984,829.9999999999986,0.020379041358957007,23223.39999999996,866.0000000000009,0.0203662295396782,23208.800000000025,124.99999999999973,0.020224685262302738,23047.49999999995,369.00000000000006,0.0204029889307461,23250.690000000002,914.9999999999982,0.02036236844345711,23204.399999999954,15.999999999999988,0.020022100563760397,22816.63999999998,1005.000000000001,0.02038974712575173,23235.600000000024,376.99999999999983,0.020329241992924463,23166.64999999999,649.9999999999997,0.020374302740867586,23217.999999999985,454.9999999999998,0.020438756722102696,23291.449999999986,1394.0000000000014,0.02040406828264427,23251.920000000024,4276.999999999994,0.020379664399483587,23224.109999999964,567.0000000000007,0.020369897581088175,23212.980000000025,1014.0000000000009,0.020385482369471228,23230.74000000002,787.0,0.020428235234900408,23279.46,4190.999999999995,0.020374425593929154,23218.139999999974
2025-10-27 00:00:00,1459.3600000000206,1152058.75,174.00000000000003,0.020314068184456746,23403.000000000004,23.00000000000004,0.020489319663602262,23604.900000000038,75.00000000000011,0.020636968383773865,23775.000000000036,93.99999999999979,0.020474962756890612,23588.359999999946,79.99999999999999,0.02051075954242785,23629.599999999995,155.99999999999977,0.020448228009205233,23557.559999999965,1360.0000000000034,0.020410764641994223,23514.400000000056,175.9999999999996,0.02031382514129592,23402.719999999947,221.00000000000037,0.020456803960735546,23567.44000000004,205.0000000000004,0.02045091016408673,23560.65000000005,4289.999999999989,0.020406250983293992,23509.199999999943,2488.0000000000014,0.02040833421038642,23511.60000000001,1581.9999999999955,0.02041939267420167,23524.33999999993,759.0000000000011,0.02042343760680611,23529.000000000036,335.9999999999994,0.020322296931471563,23412.47999999996,2562.9999999999977,0.020400617590031745,23502.709999999977,4498.9999999999945,0.02038505414762917,23484.77999999997,3407.9999999999973,0.020381877226313315,23481.11999999998,4092.000000000009,0.020387918584881246,23488.080000000053,3987.000000000003,0.020383882332389754,23483.43000000002,521.9999999999994,0.020416771280110484,23521.319999999974,631.9999999999998,0.020368891777437562,23466.159999999993,3091.9999999999986,0.020397570870409165,23499.19999999999,3300.0000000000045,0.020394793234286043,23496.000000000033,405.99999999999994,0.020351826675505915,23446.499999999996,2965.000000000007,0.02040907201998167,23512.45000000005,1027.0000000000018,0.02036957750635551,23466.950000000044,1249.0,0.02039278812820961,23493.69,1179.999999999998,0.02035191347663473,23446.599999999962,147.00000000000006,0.020252300501168028,23331.840000000007,563.0,0.020383274724487796,23482.73,1233.0000000000002,0.020399115930502684,23500.980000000003,3658.9999999999977,0.0203902622153601,23490.779999999984,835.9999999999985,0.02038371741024489,23483.239999999958,872.0000000000008,0.020383474367084167,23482.96000000002,125.99999999999974,0.020216937721275027,23291.09999999995,370.00000000000006,0.020400348506532336,23502.400000000005,916.9999999999983,0.020400617590031724,23502.709999999955,15.999999999999988,0.019671913433234187,22663.199999999983,999.0000000000011,0.02042122417802046,23526.450000000026,376.99999999999983,0.020449243582412784,23558.72999999999,643.9999999999997,0.020431423310660148,23538.199999999986,441.9999999999998,0.020452967350840394,23563.01999999999,1407.0000000000014,0.020371148606787657,23468.760000000024,4280.999999999994,0.020400600229805964,23502.689999999966,577.0000000000007,0.020324189196080523,23414.660000000025,1040.0000000000007,0.020338546102792086,23431.200000000015,790.9999999999999,0.02039192879703401,23492.699999999997,4209.999999999995,0.02039114758687435,23491.799999999974
2025-10-28 00:00:00,1704.1200000000208,1147623.97,176.00000000000006,0.020349383256608008,23353.440000000006,23.00000000000004,0.019867648808346208,22800.59000000004,70.0000000000001,0.020568322566493658,23604.700000000033,94.99999999999979,0.020334840165459382,23336.74999999995,79.99999999999999,0.020599081770660475,23639.999999999996,155.9999999999998,0.020302956899723848,23300.15999999997,1394.0000000000034,0.020345950076312944,23349.50000000006,171.99999999999957,0.02040996059013995,23422.959999999945,224.00000000000037,0.0202915245836143,23287.040000000037,206.0000000000004,0.02036083300002879,23366.580000000045,4266.999999999989,0.02041246140928892,23425.82999999994,2498.000000000002,0.020395408785335863,23406.260000000017,1585.9999999999957,0.02039811001856291,23409.359999999935,782.0000000000013,0.020333210711867618,23334.880000000037,337.9999999999993,0.020383837050737062,23392.979999999952,2566.9999999999977,0.020399573912698934,23411.03999999998,4452.9999999999945,0.020409803744339684,23422.77999999997,3404.9999999999973,0.020412958087656523,23426.39999999998,4133.000000000009,0.02038366277762572,23392.780000000053,3937.000000000003,0.020411868880710136,23425.15000000002,519.9999999999994,0.020435265045919162,23451.999999999975,627.9999999999999,0.020411215356542264,23424.399999999994,3049.999999999999,0.02041086681031941,23423.999999999993,3295.000000000004,0.020413873021491558,23427.45000000003,406.0,0.02043401027951691,23450.559999999998,2906.000000000007,0.020409437770805762,23422.360000000055,1034.0000000000018,0.020389448644925083,23399.420000000042,1244.0,0.020411319920409125,23424.519999999997,1179.999999999998,0.020420277558336433,23434.79999999996,147.00000000000006,0.02032671903846694,23327.430000000008,563.0,0.020412984228623254,23426.43,1238.0000000000002,0.020388385578945345,23398.2,3653.9999999999977,0.020409246070383132,23422.139999999985,829.9999999999986,0.020431343900912044,23447.49999999996,874.0000000000008,0.02040255398290437,23414.46000000002,125.99999999999974,0.020562954954661636,23598.53999999995,362.00000000000006,0.020421218633138175,23435.88,924.9999999999982,0.020376012188033997,23383.999999999956,15.999999999999988,0.019811924980967403,22736.63999999998,996.000000000001,0.020412539832189134,23425.920000000024,379.9999999999999,0.02035719069199992,23362.39999999999,639.9999999999997,0.020422020289450726,23436.799999999985,455.9999999999998,0.02029229138530454,23287.919999999987,1413.0000000000011,0.020389326653747066,23399.280000000017,4287.999999999994,0.020400828679101198,23412.479999999967,577.0000000000007,0.020407756035280472,23420.43000000003,1064.000000000001,0.02035056831376572,23354.800000000017,788.9999999999998,0.020425845584246555,23441.189999999995,4211.999999999995,0.02040626600017772,23418.719999999972
2025-10-29 00:00:00,2463.5600000000204,1154292.66,177.00000000000006,0.020394307973854754,23541.000000000007,23.00000000000004,0.01951774517911259,22529.19000000004,70.0000000000001,0.02047981488507433,23639.700000000033,94.99999999999979,0.020307891414643453,23441.24999999995,79.99999999999999,0.02056047034033813,23732.8,153.99999999999977,0.02045252544532335,23608.199999999968,1343.0000000000039,0.020419128369056832,23569.65000000007,173.9999999999996,0.020330528654665406,23467.379999999946,223.00000000000037,0.02048606979793153,23646.920000000042,206.0000000000004,0.0203913277937677,23537.560000000045,4288.999999999989,0.02039916809312462,23546.609999999942,2483.0000000000023,0.02041394770716122,23563.670000000024,1586.9999999999957,0.020403040594574987,23551.079999999936,761.0000000000013,0.02041125341644297,23560.560000000038,331.9999999999994,0.020455678891694556,23611.839999999956,2589.9999999999977,0.020396127269838124,23543.09999999998,4500.9999999999945,0.020393640898660814,23540.229999999974,3435.9999999999973,0.02039049611560381,23536.59999999998,4202.000000000009,0.020385817925932283,23531.200000000048,4040.0000000000036,0.020369877427792036,23512.80000000002,519.9999999999994,0.020371263558065057,23514.399999999972,626.9999999999998,0.020423936508441456,23575.199999999993,3126.9999999999995,0.0203718180101743,23515.039999999994,3374.000000000004,0.020373325426846285,23516.780000000028,400.0,0.02042809489926065,23580.0,2977.000000000007,0.02037464225060572,23518.300000000054,1045.0000000000018,0.020387723855057736,23533.40000000004,1213.0,0.020418210057750873,23568.59,1208.9999999999982,0.02037182667348848,23515.049999999963,144.00000000000006,0.02041936227854036,23569.92000000001,571.0000000000001,0.020360832927760284,23502.360000000004,1134.0000000000002,0.020424508287179104,23575.860000000004,3672.9999999999977,0.02039684632491728,23543.929999999986,837.9999999999987,0.0203856793129049,23531.039999999964,881.0000000000009,0.020378454108856612,23522.700000000023,125.99999999999974,0.02036556309731707,23507.819999999952,367.0,0.020345212972245712,23484.33,928.9999999999982,0.020386138468557843,23531.569999999952,15.999999999999988,0.01951588256655811,22527.039999999983,945.000000000001,0.020409771989713624,23558.850000000024,379.9999999999999,0.020407476211448835,23556.199999999993,640.9999999999997,0.02039684632491728,23543.929999999986,454.9999999999997,0.020426448869561374,23578.099999999984,1412.000000000001,0.02041620883216915,23566.280000000017,4289.9999999999945,0.020403924252624092,23552.09999999997,591.0000000000008,0.02035719433579352,23498.16000000003,1064.000000000001,0.020389699090696833,23535.680000000022,784.9999999999999,0.020408905658292936,23557.85,4263.9999999999945,0.02039108522096985,23537.27999999997
2025-10-30 00:00:00,1948.4500000000216,1150636.16,182.00000000000006,0.02033318681728203,23396.10000000001,24.000000000000036,0.01988520854411532,22880.640000000036,69.0000000000001,0.020690954124021308,23807.760000000035,97.99999999999979,0.02027989455850228,23334.77999999995,78.99999999999999,0.02060004789002981,23703.159999999996,153.99999999999977,0.020343528922296315,23407.999999999964,1335.0000000000039,0.020420008354335113,23496.00000000007,176.99999999999957,0.020297597808850324,23355.149999999943,240.0000000000004,0.020244800928210047,23294.400000000038,211.00000000000037,0.02027780875581039,23332.38000000004,4238.999999999988,0.020409631485942475,23484.059999999936,2506.0000000000023,0.020385384029648457,23456.160000000018,1578.9999999999955,0.020419591193796605,23495.519999999935,755.0000000000013,0.020413099132917955,23488.05000000004,322.9999999999994,0.020450035222254755,23530.549999999952,2580.9999999999977,0.020412273502685666,23487.099999999977,4489.9999999999945,0.020408449531083728,23482.69999999997,3433.9999999999964,0.020413542365989943,23488.559999999976,4149.000000000008,0.020409005745134982,23483.340000000047,4054.000000000003,0.020399723923155713,23472.660000000018,527.9999999999994,0.020364943163267164,23432.639999999978,622.9999999999997,0.02043934548345847,23518.249999999985,3118.9999999999995,0.020411378345697048,23486.069999999996,3387.0000000000036,0.02039907210981448,23471.910000000025,400.0,0.020388721313955582,23460.0,3004.000000000007,0.02038979897867981,23461.240000000053,1025.0000000000018,0.020408492985306535,23482.75000000004,1214.0,0.020405025338331106,23478.76,1206.9999999999982,0.02042373672664691,23500.289999999964,144.00000000000006,0.02039164143772434,23463.360000000008,559.0000000000001,0.020433513926765533,23511.540000000005,1092.0000000000002,0.020413855236393764,23488.920000000006,3657.9999999999973,0.02040989221127901,23484.359999999982,830.9999999999987,0.0204096314859425,23484.059999999965,874.000000000001,0.02041750539110472,23493.120000000028,124.99999999999976,0.020424571047723685,23501.249999999953,375.0,0.020359389713599827,23426.25,919.9999999999983,0.020420703621899003,23496.799999999956,15.999999999999988,0.019506148668228876,22444.47999999998,963.0000000000011,0.02037083555587201,23439.420000000027,379.9999999999999,0.020379856652514725,23449.799999999992,649.9999999999997,0.02035917244248607,23425.999999999985,443.9999999999997,0.020451295394714512,23531.999999999985,1402.000000000001,0.02040914479864775,23483.500000000015,4298.9999999999945,0.020399619633021074,23472.53999999997,585.0000000000008,0.020433174983828108,23511.15000000003,1044.000000000001,0.02042386708931521,23500.44000000002,797.0,0.020357286529218765,23423.83,4246.9999999999945,0.020411239292184226,23485.90999999997
2025-10-31 00:00:00,1621.58000000002,1135337.9899999998,186.00000000000009,0.020344144389989112,23097.48000000001,25.000000000000036,0.020298140468284723,23045.250000000033,65.0000000000001,0.020552778296443724,23334.350000000035,99.99999999999979,0.020191344077194102,22923.999999999953,81.99999999999999,0.020176828575955607,22907.519999999997,168.9999999999998,0.020288848081266072,23034.699999999975,1358.0000000000039,0.020381877646849525,23140.320000000065,176.99999999999957,0.02031542166575431,23064.869999999944,234.0000000000004,0.020486938871833265,23259.600000000042,217.00000000000034,0.02033267643937471,23084.460000000036,4212.999999999989,0.020409340834265523,23171.49999999994,2582.0000000000027,0.02037694519497232,23134.720000000027,1543.9999999999957,0.0204128111664791,23175.439999999933,759.000000000001,0.020389963344748147,23149.500000000033,305.9999999999993,0.020435253822520247,23200.919999999947,2532.9999999999977,0.02041414116689602,23176.94999999998,4464.9999999999945,0.020410970304974976,23173.349999999973,3461.999999999996,0.020399898712100684,23160.779999999973,4262.000000000007,0.02038393870709818,23142.66000000004,4112.000000000003,0.020390896987424884,23150.560000000016,526.9999999999994,0.020409948582800423,23172.189999999973,650.9999999999995,0.020355612340603516,23110.499999999985,3101.9999999999995,0.020409728384055924,23171.939999999995,3301.000000000004,0.02041067964263226,23173.020000000026,400.0,0.020374549432631957,23132.0,3005.0000000000064,0.020406742489080327,23168.55000000005,1021.0000000000017,0.020413920968151558,23176.700000000037,1196.0,0.02041548878321248,23178.48,1177.9999999999982,0.020409129443470814,23171.259999999966,149.00000000000006,0.020366895324272567,23123.31000000001,558.0000000000001,0.02041131381501645,23173.740000000005,1097.0000000000002,0.020397159439718923,23157.670000000006,3626.9999999999973,0.020413771233005234,23176.52999999998,830.999999999999,0.02041382408070391,23176.58999999997,861.000000000001,0.020422755341781555,23186.73000000003,121.99999999999976,0.020470556085241152,23240.999999999953,379.0,0.020343069820115862,23096.26,873.9999999999983,0.020430885079429043,23195.959999999955,15.999999999999988,0.019815068462564162,22496.79999999998,957.000000000001,0.020423970838851283,23188.110000000026,369.9999999999999,0.02041075010623048,23173.099999999995,645.9999999999995,0.020426868654329085,23191.399999999983,454.9999999999996,0.020362702740176947,23118.54999999998,1394.0000000000007,0.02041878295643046,23182.22000000001,4274.9999999999945,0.020408460039287486,23170.49999999997,581.0000000000008,0.020408266264392367,23170.28000000003,1046.0000000000011,0.020397837651852053,23158.440000000024,797.0,0.020420993751825395,23184.73,4235.999999999994,0.02040882997317827,23170.919999999966
2025-11-03 00:00:00,1935.5000000000182,1136806.3399999996,192.00000000000006,0.020302772062302195,23080.320000000007,25.000000000000036,0.019852765775391468,22568.750000000033,65.0000000000001,0.020577119582214892,23392.200000000037,101.99999999999977,0.02028503817105731,23060.15999999995,83.0,0.020289911472520464,23065.699999999997,172.9999999999998,0.020259818396157057,23031.489999999972,1413.000000000004,0.02034718595957168,23130.810000000067,178.99999999999957,0.020337360187488,23119.639999999945,240.00000000000043,0.020353862558507584,23138.40000000004,218.00000000000034,0.020401909440441755,23193.020000000037,4165.99999999999,0.020412113465165884,23204.619999999944,2556.0000000000027,0.02041550894235867,23208.480000000025,1527.9999999999957,0.0204171275117976,23210.319999999934,772.000000000001,0.020372863156269898,23160.00000000003,303.99999999999926,0.02043591699180702,23231.679999999946,2426.9999999999973,0.020409914321906385,23202.119999999974,4419.9999999999945,0.020412447734941358,23204.99999999997,3442.999999999996,0.020413169053930483,23205.819999999974,4271.000000000007,0.02040059875105908,23191.53000000004,4099.000000000003,0.020408348531905634,23200.340000000015,536.9999999999994,0.020349956880078603,23133.959999999974,658.9999999999995,0.020364655953625303,23150.669999999987,3056.9999999999995,0.020410362947131347,23202.629999999997,3264.0000000000045,0.020414242235841186,23207.040000000034,398.0,0.020414541319324454,23207.38,2990.000000000007,0.02041016062595152,23202.400000000052,981.0000000000018,0.02041725066382023,23210.460000000043,1184.0,0.020424094397643842,23218.239999999998,1160.9999999999982,0.02042564259449852,23219.999999999964,151.00000000000006,0.02029748532190629,23074.31000000001,547.0000000000002,0.02042096281764228,23214.680000000008,1067.0000000000005,0.020423812907306632,23217.920000000013,3634.9999999999973,0.02040039642987915,23191.29999999998,825.999999999999,0.0204173738158427,23210.599999999973,861.000000000001,0.020426671793544036,23221.170000000027,120.99999999999977,0.020553280869281532,23365.099999999955,379.0,0.020426812538712622,23221.33,875.9999999999984,0.02038183566076871,23170.199999999957,15.999999999999988,0.019859706271518493,22576.63999999998,948.0000000000013,0.020414242235841182,23207.04000000003,370.99999999999994,0.020403580789318962,23194.92,636.9999999999995,0.020413248223087835,23205.90999999998,472.9999999999996,0.020346209539964372,23129.69999999998,1428.0000000000007,0.020374763216046116,23162.16000000001,4272.9999999999945,0.020410151829378408,23202.38999999997,569.0000000000008,0.020411409739322914,23203.820000000032,1059.0000000000014,0.020382469014027516,23170.920000000027,800.9999999999999,0.020384237125208152,23172.929999999997,4165.999999999993,0.0204121134651659,23204.61999999996
2025-11-04 00:00:00,1987.6400000000158,1134651.09,193.00000000000006,0.020391149494246735,23136.840000000007,25.000000000000032,0.019786919695287144,22451.25000000003,66.0000000000001,0.020370896572267014,23113.860000000033,102.99999999999976,0.020298601220221757,23031.829999999947,80.0,0.02064775701224594,23428.0,176.99999999999977,0.020290281482036886,23022.38999999997,1468.0000000000039,0.020351313459717437,23091.64000000006,181.99999999999957,0.02027477891904193,23004.79999999995,246.00000000000045,0.02033863996023662,23077.260000000042,217.0000000000003,0.02049224665178794,23251.550000000036,4120.99999999999,0.02041157868186593,23160.019999999946,2561.0000000000027,0.020404016885931006,23151.440000000024,1538.9999999999957,0.02038615236336655,23131.169999999933,802.000000000001,0.020342429671486084,23081.56000000003,306.99999999999926,0.02034669529996216,23086.399999999947,2419.9999999999973,0.020411032258383477,23159.399999999976,4441.9999999999945,0.020396419836868063,23142.81999999997,3430.999999999996,0.02041090005915384,23159.24999999997,4257.000000000007,0.020409868905162765,23158.08000000004,3993.0000000000036,0.020411032258383515,23159.40000000002,533.9999999999994,0.0204394286529086,23191.619999999974,653.9999999999995,0.020421449557678547,23171.219999999983,2961.9999999999995,0.020414064027383074,23162.839999999997,3203.0000000000045,0.020409525187165715,23157.690000000035,393.0,0.020414575197737657,23163.42,2932.000000000007,0.020414028774255223,23162.800000000054,983.0000000000019,0.020402439308457407,23149.650000000045,1176.0,0.0204179066183244,23167.2,1125.999999999998,0.020423088828125973,23173.079999999954,150.00000000000006,0.020441966878117578,23194.500000000007,545.0000000000001,0.020432977330502547,23184.300000000003,1083.0000000000005,0.020378114650204945,23122.05000000001,3623.999999999997,0.020409234348860474,23157.35999999998,815.9999999999989,0.020417060543254727,23166.23999999997,870.000000000001,0.020388029592427418,23133.30000000003,121.99999999999976,0.020310913375141564,23045.799999999956,384.0,0.02035656617577479,23097.6,876.9999999999983,0.020389756995694557,23135.259999999955,15.999999999999988,0.019812821931013153,22480.63999999998,957.0000000000013,0.02038572932583181,23130.69000000003,374.99999999999994,0.020358681363448913,23099.999999999996,637.9999999999995,0.020382917888881576,23127.49999999998,471.99999999999955,0.0204249572439048,23175.19999999998,1448.0000000000005,0.020380326783980798,23124.56000000001,4264.9999999999945,0.020410635660694575,23158.949999999968,552.0000000000009,0.020432712932043306,23184.000000000036,1066.0000000000016,0.02039645508999602,23142.860000000037,803.9999999999999,0.02040024480124546,23147.159999999996,4149.999999999993,0.02040891707070934,23156.99999999996
2025-11-05 00:00:00,1901.8600000000156,1133277.6800000002,193.00000000000006,0.020398831114365554,23117.540000000008,25.000000000000032,0.01993531717663409,22592.25000000003,67.0000000000001,0.020324462756559393,23033.26000000003,103.99999999999976,0.020364505899383763,23078.639999999945,79.0,0.02045968116128432,23186.5,178.9999999999998,0.0203611969133637,23074.889999999974,1461.000000000004,0.020420626302284594,23142.240000000063,183.99999999999957,0.020384412759280626,23101.199999999946,246.00000000000043,0.02047182293398741,23200.260000000042,217.0000000000003,0.020402193044161986,23121.35000000003,4142.99999999999,0.020399184072874308,23117.939999999944,2548.0000000000023,0.020414978966143606,23135.840000000022,1538.9999999999957,0.020397278096926725,23115.779999999933,798.0000000000009,0.02042745604943003,23149.98000000003,299.99999999999926,0.020476005492316714,23204.99999999994,2425.9999999999973,0.020400807682014858,23119.779999999973,4446.9999999999945,0.020404884352791607,23124.399999999972,3430.9999999999955,0.0204053608467785,23124.93999999997,4266.000000000007,0.02040251953078264,23121.720000000038,3994.0000000000036,0.02040564321358559,23125.26000000002,535.9999999999994,0.02036584714171727,23080.159999999978,659.9999999999995,0.02039500151454495,23113.199999999986,2953.999999999999,0.020409666940585994,23129.819999999992,3220.0000000000045,0.020400648850685942,23119.60000000003,395.99999999999994,0.020378694831437956,23094.719999999998,2917.000000000007,0.020411422909167375,23131.810000000052,964.0000000000019,0.02041512014954715,23136.000000000047,1184.0,0.020383212700350727,23099.84,1119.999999999998,0.020417943817617547,23139.199999999957,157.00000000000003,0.020230443433775214,22926.710000000003,543.0000000000002,0.020411414085204617,23131.80000000001,1059.0000000000005,0.020417899697803995,23139.150000000012,3547.9999999999973,0.02041243766488014,23132.95999999998,818.9999999999989,0.020386874644879593,23103.98999999997,864.000000000001,0.020409190446599133,23129.280000000028,121.99999999999976,0.0202795487863133,22982.359999999953,384.0,0.020411731747862538,23132.16,875.9999999999982,0.02042983851936443,23152.679999999953,15.999999999999988,0.019710897332770184,22337.91999999998,936.0000000000011,0.020425073579495565,23147.280000000028,375.99999999999994,0.020394577964334387,23112.719999999998,638.9999999999994,0.020383221524313426,23099.84999999998,482.9999999999996,0.0203594497687451,23072.90999999998,1454.0000000000002,0.0203997664544139,23118.600000000006,4251.999999999995,0.020410602280634325,23130.879999999976,553.0000000000009,0.020392063134959153,23109.87000000004,1060.0000000000016,0.02040911985489738,23129.200000000033,804.0,0.02041077875988875,23131.079999999998,4165.999999999993,0.020402148924348322,23121.29999999996
2025-11-06 00:00:00,1253.5000000000127,1145211.24,188.00000000000009,0.02049560743046847,23471.80000000001,24.000000000000036,0.02079504563716999,23814.720000000034,68.0000000000001,0.02030182658703213,23249.880000000037,97.99999999999976,0.020502610505289787,23479.81999999994,77.0,0.0205743701921752,23562.0,176.9999999999998,0.02044938888305006,23418.869999999974,1411.000000000004,0.020415683310967214,23380.27000000007,183.99999999999957,0.020437102940065403,23404.799999999945,245.00000000000043,0.02047137609302546,23444.05000000004,205.0000000000003,0.020483688232050566,23458.150000000038,4202.99999999999,0.02036886225461771,23326.649999999943,2553.0000000000023,0.020397939859549425,23359.950000000023,1541.9999999999957,0.0203991186813709,23361.299999999934,787.000000000001,0.020410121018372147,23373.90000000003,309.9999999999992,0.0203262936888394,23277.89999999994,2434.9999999999973,0.020390692288350203,23351.649999999972,4480.9999999999945,0.020385767432740155,23346.009999999973,3453.9999999999955,0.02038841323282853,23349.039999999968,4307.000000000006,0.020383959905947165,23343.940000000035,4069.000000000004,0.02035901254339769,23315.370000000024,532.9999999999993,0.020413159759067656,23377.37999999997,658.9999999999997,0.020422354569275786,23387.90999999999,2997.999999999999,0.020366932479635804,23324.439999999995,3251.0000000000045,0.020382423071572398,23342.180000000033,396.0,0.020366897551581834,23324.399999999998,2950.000000000007,0.020375716885209803,23334.500000000055,969.0000000000019,0.02037486114788748,23333.520000000044,1181.0,0.02040845320379496,23371.989999999998,1131.9999999999982,0.020362356904565452,23319.199999999964,163.00000000000003,0.020229621567458597,23167.190000000002,543.0000000000002,0.020393119788101283,23354.430000000008,1071.0000000000007,0.020359274503802472,23315.670000000013,3594.999999999997,0.020373140941229308,23331.54999999998,824.9999999999989,0.020379864591618894,23339.249999999967,872.0000000000009,0.020360680357974854,23317.280000000024,123.99999999999977,0.020354987085177367,23310.75999999996,385.0,0.02034576607892881,23300.2,875.9999999999982,0.02041583175519649,23380.43999999995,15.999999999999988,0.019715768769436794,22578.719999999983,922.0000000000011,0.02040907317675299,23372.70000000003,377.9999999999999,0.020365325789153097,23322.599999999995,647.9999999999995,0.02034174935272202,23295.599999999984,485.9999999999995,0.0203657973178817,23323.139999999978,1469.0000000000005,0.020369796580061515,23327.72000000001,4269.9999999999945,0.02039527659543402,23356.89999999997,564.000000000001,0.020354428236313886,23310.120000000043,1062.0000000000016,0.020392202926684543,23353.380000000034,807.9999999999999,0.02039029934774304,23351.199999999997,4205.999999999992,0.020383401057083545,23343.299999999956
2025-11-07 00:00:00,1957.3700000000117,1143731.02,190.0000000000001,0.020285276515452044,23200.900000000012,24.000000000000036,0.020152990167216094,23049.600000000035,70.0000000000001,0.020196444440232136,23099.300000000032,99.99999999999976,0.020335200841190743,23257.999999999945,76.0,0.0205421026352857,23494.64,178.9999999999998,0.020358213244928845,23284.319999999978,1411.000000000004,0.02040509489722511,23337.940000000068,185.99999999999955,0.020388377679919835,23318.819999999945,246.00000000000045,0.020398712277647276,23330.640000000043,209.00000000000037,0.020300061460254912,23217.81000000004,4218.99999999999,0.02039908824017027,23331.069999999945,2572.0000000000023,0.02039643901587982,23328.040000000023,1511.999999999996,0.020411512490060763,23345.279999999937,774.0000000000011,0.020417020778189642,23351.580000000034,296.9999999999992,0.02044692291374587,23385.779999999937,2403.9999999999977,0.0204093791213252,23342.83999999998,4480.9999999999945,0.020412150752018576,23346.009999999973,3402.9999999999955,0.020410900458046482,23344.57999999997,4314.000000000006,0.02040579436238429,23338.740000000034,4107.0000000000055,0.0203961942030741,23327.76000000003,534.9999999999992,0.02039465537972378,23325.999999999967,655.9999999999995,0.02042452254202215,23360.15999999998,3013.999999999999,0.020396718801943478,23328.359999999993,3263.0000000000045,0.020398546154671956,23330.450000000033,396.0,0.020389794096867284,23320.44,2979.000000000007,0.02039427941720078,23325.570000000054,968.0000000000018,0.020422494093060486,23357.840000000044,1184.0,0.02039360618198499,23324.8,1131.9999999999982,0.020398607357873324,23330.51999999996,168.00000000000006,0.02035422629352136,23279.760000000006,545.0000000000002,0.02037082984773816,23298.75000000001,1041.0000000000007,0.020415315831864046,23349.630000000016,3616.9999999999977,0.0203978466895127,23329.649999999987,824.9999999999989,0.020420666740331977,23355.749999999967,871.0000000000009,0.0204169595749882,23351.510000000024,123.99999999999977,0.02028483934972749,23200.399999999958,390.0,0.020350239342113847,23275.2,876.9999999999982,0.0203965789089116,23328.199999999953,15.999999999999988,0.019716104228772232,22549.91999999998,927.0000000000011,0.020384207118908104,23314.05000000003,357.9999999999999,0.020430205696440752,23366.659999999993,650.9999999999995,0.02038268578218678,23312.309999999987,483.99999999999943,0.020426725857273658,23362.679999999975,1462.0000000000007,0.02041401307800501,23348.14000000001,4236.999999999994,0.02041202834561571,23345.869999999963,563.000000000001,0.020428317140510924,23364.500000000044,1055.0000000000016,0.020413147489870505,23347.150000000034,811.9999999999999,0.020382869391791084,23312.519999999997,4160.999999999992,0.02040970262396132,23343.209999999955
2025-11-10 00:00:00,1416.2500000000118,1150547.3199999998,195.0000000000001,0.0203398413895745,23401.950000000015,25.000000000000036,0.020270570010106174,23322.250000000033,70.0000000000001,0.020107821380175854,23135.000000000033,103.99999999999977,0.020318260356297163,23377.119999999948,75.0,0.020626922150407512,23732.25,182.99999999999986,0.020327195234351576,23387.39999999998,1433.000000000004,0.02037628491455707,23443.880000000067,185.99999999999955,0.020320937343107227,23380.199999999943,250.0000000000005,0.02030555336046504,23362.500000000047,219.00000000000034,0.020334470032923144,23395.770000000037,4229.99999999999,0.02040463663849996,23476.499999999945,2585.0000000000023,0.02040055162615999,23471.80000000002,1522.999999999996,0.020398491736958665,23469.42999999994,778.0000000000011,0.02040095143587839,23472.260000000035,271.9999999999992,0.020482495235397993,23566.079999999933,2378.9999999999977,0.020408313149606026,23480.729999999974,4438.9999999999945,0.02040968640907353,23482.309999999972,3406.9999999999955,0.020402663664454902,23474.229999999967,4316.0000000000055,0.02040684428346679,23479.04000000003,4111.0000000000055,0.020402298620799036,23473.81000000003,528.9999999999992,0.020437273279642218,23514.049999999967,651.9999999999995,0.020429059797384064,23504.59999999998,3006.999999999999,0.02041173760675918,23484.66999999999,3257.0000000000045,0.02041026004910431,23482.970000000034,396.0,0.02041011229333879,23482.8,2983.0000000000073,0.020404384584547165,23476.210000000057,952.0000000000018,0.020421028836953913,23495.360000000044,1172.9999999999998,0.020420881081188384,23495.189999999995,1137.9999999999982,0.020395128120414868,23465.559999999965,169.00000000000006,0.02036582902126964,23431.85000000001,545.0000000000002,0.020439619988858872,23516.750000000007,1030.0000000000007,0.020411155275212856,23484.000000000015,3601.9999999999977,0.020412059192837007,23485.039999999983,827.999999999999,0.020380700204490475,23448.95999999997,845.000000000001,0.020409895005448386,23482.55000000003,117.99999999999977,0.020408391373246564,23480.819999999956,394.00000000000006,0.02037209560402957,23439.060000000005,866.9999999999981,0.020421324348484815,23495.69999999995,15.999999999999988,0.020002167316334262,23013.43999999998,936.0000000000011,0.02037882283711723,23446.80000000003,346.9999999999999,0.020466276867256526,23547.41999999999,664.9999999999995,0.020362439330178946,23427.949999999983,489.99999999999943,0.020357267878386757,23421.99999999997,1461.000000000001,0.020418873341080845,23492.880000000012,4244.999999999993,0.02040320253842316,23474.849999999962,563.000000000001,0.02041005145272951,23482.730000000043,1107.0000000000016,0.020330245956333228,23390.910000000033,810.0,0.020423410312232965,23498.100000000002,4148.999999999992,0.020410581635182074,23483.339999999953
2025-11-11 00:00:00,1285.8900000000112,1141922.7999999996,197.00000000000009,0.02031031344675841,23192.810000000012,26.000000000000036,0.02030072435719826,23181.860000000033,72.0000000000001,0.020289988079754635,23169.60000000003,104.99999999999979,0.02034949297798411,23237.549999999952,76.0,0.020372305378262002,23263.600000000002,182.99999999999986,0.02037495004040552,23266.61999999998,1446.0000000000043,0.02039985540178379,23295.06000000007,187.99999999999952,0.02031590927162497,23199.199999999943,251.00000000000054,0.02033193487335576,23217.50000000005,219.00000000000034,0.020317362960088056,23200.860000000037,4183.999999999989,0.02040845493232988,23304.87999999994,2578.0000000000027,0.020408665104155923,23305.12000000002,1514.9999999999961,0.020418061536208877,23315.84999999994,786.0000000000011,0.020387823064746617,23281.320000000036,258.9999999999992,0.02047644551803321,23382.519999999928,2384.9999999999977,0.020405451226650332,23301.449999999975,4422.9999999999945,0.020412246782356893,23309.20999999997,3387.9999999999955,0.020412448197023453,23309.43999999997,4292.000000000006,0.020409050419170224,23305.560000000034,4082.000000000006,0.020411379823574795,23308.220000000034,531.9999999999992,0.02037297092237756,23264.359999999964,653.9999999999995,0.020383041655705612,23275.859999999986,2968.9999999999995,0.0204100049495465,23306.649999999994,3224.000000000005,0.020412518254298836,23309.520000000037,394.00000000000006,0.020425899193885967,23324.800000000003,2895.000000000007,0.020408341089257577,23304.75000000006,965.0000000000019,0.020382989112749172,23275.800000000047,1186.0,0.020387700464514765,23281.18,1125.9999999999984,0.02042122287075796,23319.459999999966,173.00000000000006,0.020276607140167453,23154.320000000007,545.0000000000002,0.02042695005301585,23326.000000000007,1038.0000000000005,0.020397806226480474,23292.720000000012,3585.999999999998,0.02041206288200918,23308.99999999999,820.9999999999989,0.02042573280785704,23324.609999999968,837.0000000000011,0.02042799215498634,23327.19000000003,116.99999999999976,0.020446671176019917,23348.519999999953,396.0,0.020387402721094634,23280.84,866.9999999999981,0.02040852498960521,23304.95999999995,15.999999999999988,0.020106858362053885,22960.47999999998,932.0000000000011,0.020412343111110516,23309.32000000003,342.99999999999994,0.020410180092734816,23306.85,668.9999999999997,0.020399435058131767,23294.579999999987,498.9999999999994,0.020363373075657984,23253.399999999972,1465.000000000001,0.0203984892849149,23293.500000000015,4237.999999999993,0.020412062882009155,23308.99999999996,556.0000000000011,0.020425373764321065,23324.200000000048,1114.0000000000016,0.02039869945674089,23293.740000000034,810.0,0.02040742158751888,23303.7,4110.999999999992,0.020412386896907532,23309.36999999995
2025-11-12 00:00:00,1158.5000000000118,1140628.63,195.00000000000009,0.020451748611640588,23327.85000000001,26.000000000000036,0.02087105248269985,23806.12000000003,73.0000000000001,0.02033913527139857,23199.400000000034,104.9999999999998,0.02024186434808317,23088.449999999953,75.99999999999999,0.020172209775235955,23008.999999999996,185.99999999999986,0.0203313150223136,23190.479999999985,1447.000000000004,0.020399067135462013,23267.760000000064,187.99999999999952,0.02038675813353899,23253.71999999994,251.0000000000006,0.020321995599917608,23179.850000000053,222.00000000000034,0.02033294570205557,23192.340000000037,4120.999999999989,0.020412998050031356,23283.64999999994,2595.0000000000027,0.02038454882550162,23251.200000000026,1505.9999999999961,0.020412217778541943,23282.75999999994,788.0000000000013,0.020373081464735838,23238.120000000035,260.9999999999992,0.02035593302615938,23218.55999999993,2341.9999999999977,0.02040934217125514,23279.479999999978,4408.9999999999945,0.02040937723963668,23279.51999999997,3373.999999999996,0.020410324085938444,23280.599999999973,4272.000000000006,0.020411902163108106,23282.400000000034,4049.000000000005,0.020411332301907965,23281.75000000003,521.9999999999991,0.020410850111661636,23281.19999999996,637.9999999999995,0.020415935026985934,23286.99999999998,2954.9999999999995,0.020414532291724078,23285.399999999998,3194.0000000000055,0.02041353284285003,23284.26000000004,388.00000000000006,0.020420002959245377,23291.640000000003,2792.000000000007,0.02041442708657949,23285.280000000057,972.0000000000018,0.020375185567628653,23240.520000000044,1175.9999999999998,0.020414006266000876,23284.799999999996,1122.9999999999986,0.02041945939933137,23291.01999999997,172.00000000000003,0.02046124337594437,23338.680000000004,546.0000000000001,0.020391913185626425,23259.600000000006,1110.0000000000005,0.02023173835291159,23076.90000000001,3600.999999999998,0.020394420574907,23262.45999999999,819.9999999999987,0.020416811736524588,23287.999999999964,832.0000000000011,0.020423825412834,23296.000000000033,116.99999999999977,0.02036319218113958,23226.839999999956,399.0,0.02035177742294615,23213.82,855.9999999999981,0.02041260353073896,23283.199999999946,15.999999999999988,0.02021608032055094,23059.039999999983,962.0000000000011,0.020325809286410798,23184.20000000003,342.99999999999994,0.020379209664411098,23245.109999999993,673.9999999999995,0.020362490813508674,23226.039999999986,508.9999999999993,0.020339854173220224,23200.21999999997,1484.0000000000011,0.020374238721326866,23239.440000000017,4245.999999999992,0.020399347682514297,23268.079999999958,556.0000000000013,0.020433925106719483,23307.520000000055,1125.0000000000016,0.020367058470205177,23231.250000000033,813.0,0.02039220249977418,23259.93,4076.9999999999914,0.020409508746067465,23279.66999999995
2025-11-13 00:00:00,782.7600000000111,1150131.22,191.0000000000001,0.020442971715870836,23512.100000000013,26.000000000000043,0.020988874643364644,24139.96000000004,73.0000000000001,0.020413548986175714,23478.26000000003,104.9999999999998,0.020327506630069533,23379.299999999956,76.99999999999999,0.02032032484084729,23371.039999999994,183.99999999999986,0.020445667060494183,23515.199999999983,1394.0000000000043,0.02041067974835087,23474.960000000072,188.99999999999952,0.020355442572891767,23411.429999999942,244.0000000000006,0.02046396062529288,23536.240000000056,222.00000000000034,0.02035990293351053,23416.560000000038,4159.999999999989,0.02036358946938241,23420.799999999937,2610.0000000000027,0.020378370391510657,23437.800000000025,1508.9999999999961,0.02038885615156151,23449.85999999994,765.0000000000013,0.020433146749985663,23500.80000000004,260.9999999999992,0.020485027786655452,23560.46999999993,2360.999999999998,0.02036386769850486,23421.11999999998,4452.9999999999945,0.020365311012077364,23422.77999999997,3420.999999999996,0.0203451915686629,23399.63999999997,4307.000000000006,0.02037165811393246,23430.080000000038,4112.000000000005,0.02034313962888516,23397.280000000028,522.9999999999991,0.020358294421396514,23414.70999999996,633.9999999999995,0.020423495677301923,23489.699999999983,2967.9999999999995,0.020386543371981505,23447.199999999997,3215.000000000005,0.020377979131807274,23437.350000000035,386.0000000000001,0.02043217294805719,23499.680000000008,2818.000000000007,0.02036078978883824,23417.580000000056,974.0000000000018,0.02039238618355221,23453.920000000042,1179.9999999999998,0.020375761993488013,23434.799999999996,1130.9999999999986,0.020375344649804374,23434.31999999997,172.00000000000003,0.02039089070201921,23452.200000000004,549.0000000000001,0.02034409604149343,23398.380000000005,1102.0000000000005,0.02040862780857302,23472.60000000001,3631.9999999999986,0.020368458479024677,23426.39999999999,828.9999999999987,0.020347826050665742,23402.669999999966,834.0000000000011,0.02037628367309257,23435.400000000034,116.99999999999976,0.020447232099307728,23516.999999999953,401.0,0.020330123722752266,23382.31,857.9999999999982,0.02039569015438078,23457.71999999995,15.999999999999986,0.020121808362005847,23142.71999999998,962.000000000001,0.020408801701774542,23472.800000000025,342.0,0.020431425207290698,23498.819999999996,676.9999999999995,0.020366545653808087,23424.199999999986,501.9999999999993,0.02040942771729992,23473.519999999968,1475.0000000000014,0.020416800789043902,23482.000000000022,4295.999999999991,0.020356981527725124,23413.19999999995,556.0000000000013,0.02040045482810219,23463.200000000055,1124.0000000000016,0.020415374864791547,23480.360000000033,814.0,0.020375988054649977,23435.059999999998,4121.999999999991,0.020356772855883307,23412.95999999995
2025-11-14 00:00:00,1325.140000000013,1136129.28,196.00000000000014,0.020387891068171415,23163.280000000017,26.00000000000004,0.02032758103021519,23094.760000000035,74.0000000000001,0.02025649757041737,23014.000000000033,108.99999999999982,0.02035074740790059,23121.07999999996,77.99999999999999,0.020185695768706883,22933.559999999994,190.99999999999986,0.020370454672200673,23143.469999999983,1382.000000000004,0.020411374311205214,23189.960000000072,189.99999999999952,0.020295577630038673,23058.39999999994,244.0000000000006,0.02040690298906834,23184.880000000056,230.00000000000034,0.020371713331778615,23144.900000000034,4060.9999999999886,0.020409922011692137,23188.309999999936,2609.0000000000027,0.020414939046373343,23194.010000000028,1511.9999999999961,0.020401692314452054,23178.95999999994,772.0000000000013,0.020398594075491164,23175.44000000004,262.9999999999992,0.020377865800624322,23151.88999999993,2360.9999999999977,0.020407026214481493,23185.01999999998,4424.9999999999945,0.020408768973897033,23186.99999999997,3399.999999999996,0.02040964915542004,23187.999999999975,4278.000000000006,0.020408557730331567,23186.760000000035,4061.0000000000045,0.020409922011692217,23188.310000000027,524.9999999999992,0.02039688652333647,23173.499999999964,637.9999999999994,0.02037886040574536,23153.01999999998,2920.9999999999995,0.020413821215839102,23192.739999999998,3151.000000000005,0.020412606565337388,23191.360000000037,383.0000000000001,0.02044569258878709,23228.950000000008,2811.000000000007,0.020412069654608372,23190.750000000055,981.0000000000018,0.020394879709464093,23171.220000000045,1174.9999999999998,0.020415370335319583,23194.499999999993,1102.9999999999986,0.020426478226139876,23207.11999999997,172.00000000000003,0.02046809320854754,23254.4,550.0000000000001,0.02037576216678441,23149.500000000007,1060.0000000000005,0.02041387402673049,23192.80000000001,3594.999999999998,0.020409429110039304,23187.74999999999,824.9999999999987,0.02042659264973786,23207.249999999964,832.0000000000011,0.020409508326376412,23187.840000000033,116.99999999999976,0.020244051803682023,22999.859999999953,393.99999999999994,0.020426020531747937,23206.599999999995,859.9999999999984,0.020384828036471306,23159.799999999956,15.999999999999984,0.020175732113866463,22922.23999999998,973.0000000000009,0.020382715600816156,23157.400000000023,351.0,0.02032849641899908,23095.8,675.9999999999994,0.020414542964687952,23193.559999999983,495.9999999999993,0.020414014855774133,23192.959999999966,1467.0000000000014,0.020414287712046314,23193.270000000022,4277.999999999991,0.020408557730331494,23186.75999999995,549.0000000000013,0.020411198274900597,23189.760000000053,1123.0000000000016,0.020421249947893287,23201.180000000033,817.0,0.020386720426745806,23161.95,4060.999999999991,0.020409922011692148,23188.309999999947
2025-11-17 00:00:00,827.5000000000127,1129126.1999999997,196.0000000000001,0.02041886903341718,23055.480000000014,26.00000000000004,0.020115165160457738,22712.560000000034,74.0000000000001,0.02053942243125705,23191.60000000003,107.99999999999982,0.020415361896659524,23051.51999999996,78.99999999999999,0.020234053553978285,22846.799999999996,190.99999999999986,0.020501871270013912,23149.199999999983,1429.000000000004,0.020312565592756654,22935.450000000066,189.99999999999952,0.0203474155501838,22974.79999999994,245.00000000000063,0.02034422724404062,22971.20000000006,229.00000000000034,0.020439362756793738,23078.620000000035,4069.999999999989,0.02040179388273865,23036.19999999994,2617.0000000000027,0.02039594865480938,23029.600000000028,1525.9999999999964,0.02038043223157867,23012.079999999944,792.0000000000013,0.020327364647105023,22952.160000000036,262.9999999999992,0.020392450374457638,23025.64999999993,2334.9999999999977,0.020410871698841083,23046.449999999975,4422.999999999994,0.020408551320481246,23043.829999999965,3406.9999999999964,0.020397471956633346,23031.319999999974,4289.000000000006,0.020398012197396564,23031.930000000033,4128.000000000005,0.020363498783395537,22992.96000000003,529.9999999999992,0.020380892764688276,23012.599999999966,647.9999999999994,0.020356059402394506,22984.55999999998,2930.0,0.020396125782928428,23029.8,3183.0000000000045,0.02038132672858006,23013.090000000033,384.0000000000001,0.020347344698936228,22974.720000000005,2850.0000000000073,0.020369290872889193,22999.50000000006,959.0000000000018,0.020409383822640945,23044.770000000044,1189.9999999999998,0.020372124922794277,23002.699999999993,1103.9999999999986,0.020395806952314074,23029.43999999997,172.00000000000003,0.020354358972451445,22982.640000000003,544.0000000000001,0.020427831716242177,23065.600000000006,1062.0000000000005,0.020400536273093312,23034.78000000001,3572.9999999999986,0.020410340314483882,23045.84999999999,824.9999999999986,0.02042176507816395,23058.74999999996,821.000000000001,0.020424545989633426,23061.89000000003,115.99999999999977,0.02044310016010607,23082.839999999956,383.99999999999994,0.020445969635635056,23086.079999999994,865.9999999999983,0.020378253555714106,23009.619999999955,15.999999999999986,0.020504917873661932,23152.639999999978,973.000000000001,0.02041434340997492,23050.370000000024,348.0,0.0204585103064653,23100.239999999998,665.9999999999993,0.020437839454969672,23076.899999999976,487.9999999999993,0.020421100847717436,23057.999999999967,1470.0000000000014,0.02038762363321303,23020.200000000023,4259.999999999992,0.020411004544930368,23046.599999999955,552.0000000000013,0.020356697063623228,22985.280000000053,1121.0000000000016,0.02042195991909499,23058.970000000034,822.0,0.020383903942712518,23016.0,3986.999999999991,0.020409463530294443,23044.85999999995
2025-11-18 00:00:00,407.39000000001215,1123277.2199999997,195.0000000000001,0.02047775882074775,23002.20000000001,26.00000000000004,0.020586547637812893,23124.400000000034,72.0000000000001,0.020426159804077602,22944.240000000034,106.99999999999983,0.020471678398320908,22995.369999999963,76.99999999999999,0.02055659955429346,23090.759999999995,189.99999999999986,0.020449982952560886,22970.999999999985,1465.0000000000039,0.020293654668791433,22795.40000000006,188.9999999999995,0.02051060912639174,23039.09999999994,247.00000000000057,0.02030045619548846,22803.04000000005,229.00000000000034,0.020460167437562772,22982.440000000035,4043.9999999999895,0.0204130196818199,22929.47999999994,2611.000000000003,0.020408657446111145,22924.580000000027,1529.9999999999964,0.020390425081352533,22904.099999999948,804.0000000000014,0.020320504674705357,22825.560000000038,268.9999999999992,0.020305325874942905,22808.509999999933,2322.9999999999977,0.02041171101110728,22928.009999999977,4438.999999999993,0.020391439968843992,22905.23999999996,3396.9999999999964,0.02041326004991001,22929.749999999975,4332.000000000006,0.0203627026282969,22872.960000000036,4136.000000000005,0.020398740036764944,22913.440000000024,531.9999999999992,0.020374881278194146,22886.639999999967,654.9999999999993,0.020327395226620887,22833.299999999977,2906.0,0.02041200479432851,22928.34,3154.0000000000045,0.020413108707038528,22929.58000000003,384.0000000000001,0.02038150475445412,22894.080000000005,2880.0000000000073,0.02035757477570858,22867.20000000006,971.0000000000018,0.020340152540438812,22847.630000000045,1180.9999999999998,0.020417951678927484,22935.019999999997,1104.9999999999986,0.020402532511075024,22917.69999999997,174.0,0.020349722751432636,22858.38,546.0000000000001,0.02037151612493308,22882.860000000004,1080.0000000000005,0.02033514042063455,22842.000000000007,3588.999999999998,0.020384834297627785,22897.81999999999,820.9999999999986,0.020421263417057422,22938.73999999996,790.000000000001,0.02042380953830794,22941.600000000028,115.99999999999977,0.020334748709672893,22841.559999999954,385.99999999999994,0.02035707623448466,22866.639999999996,868.9999999999982,0.020377391789357175,22889.459999999952,15.999999999999986,0.020682908534368726,23232.639999999978,983.0000000000011,0.02036399349396583,22874.410000000025,350.0,0.020377872525537376,22890.000000000004,671.9999999999992,0.02035244692312017,22861.439999999973,496.9999999999994,0.02030869993072589,22812.29999999997,1486.0000000000014,0.020346428818346394,22854.680000000022,4245.999999999991,0.0204120582094596,22928.399999999954,548.0000000000013,0.020426622735214065,22944.76000000005,1099.0000000000016,0.020409155987335018,22925.140000000032,821.0,0.0204139544466147,22930.53,3952.999999999991,0.020411167957274115,22927.399999999947
2025-11-19 00:00:00,986.4700000000121,1130156.3,198.0000000000001,0.02037190785026816,23023.440000000013,26.00000000000004,0.020542910746062328,23216.700000000037,72.0000000000001,0.020278257087094975,22917.60000000003,107.99999999999983,0.020348972969491005,22997.519999999964,76.99999999999999,0.020337452439100682,22984.499999999996,191.99999999999986,0.020284627887310797,22924.799999999985,1453.000000000004,0.02041632648510659,23073.640000000065,191.99999999999946,0.020318605488462028,22963.199999999935,247.00000000000057,0.020369217956843717,23020.400000000052,230.0000000000003,0.020334886422347098,22981.60000000003,3915.9999999999895,0.020408893884854635,23065.239999999936,2644.0000000000027,0.020377039883775396,23029.240000000027,1512.9999999999966,0.020415981400094794,23073.24999999995,787.0000000000013,0.020431315562281113,23090.580000000038,278.9999999999992,0.020280247962162348,22919.849999999937,2245.9999999999977,0.02040993798822338,23066.419999999976,4498.999999999993,0.02038203034394443,23034.879999999965,3391.999999999996,0.020409212424865462,23065.599999999973,4357.000000000006,0.02039410831935374,23048.530000000035,4112.000000000005,0.020411619171613726,23068.320000000025,520.9999999999992,0.020422219475306175,23080.299999999963,643.9999999999993,0.020417105138466226,23074.519999999975,2911.0,0.020399939371217948,23055.12,3130.000000000004,0.0204114245082738,23068.10000000003,383.0000000000001,0.020458860424881063,23121.710000000006,2892.0000000000073,0.02039473655104171,23049.240000000056,971.0000000000019,0.02041395513169289,23070.960000000046,1173.9999999999998,0.020422697285322394,23080.839999999997,1104.9999999999986,0.020405451883071375,23061.349999999973,177.0,0.020349052604493736,22997.61,543.0000000000001,0.020429351232214524,23088.360000000008,1087.0000000000002,0.020390453957563223,23044.400000000005,3622.9999999999986,0.020388578110832983,23042.27999999999,821.9999999999987,0.020379871350537947,23032.439999999966,792.000000000001,0.020392931490980527,23047.20000000003,116.99999999999979,0.020217495580036108,22848.929999999957,382.99999999999994,0.02043513804241059,23094.899999999994,868.9999999999982,0.02039176351094088,23045.87999999995,15.999999999999986,0.020486369894146483,23152.799999999977,997.0000000000011,0.02036068816322134,23010.760000000024,351.0,0.02037692485543814,23029.11,659.9999999999992,0.020427970892167725,23086.79999999997,495.9999999999994,0.020438518105858432,23098.719999999972,1505.0000000000011,0.020374615440359907,23026.50000000002,4260.999999999991,0.020397187539457996,23052.00999999995,547.0000000000013,0.02042980249722986,23088.870000000054,1109.0000000000018,0.020381189752249347,23033.930000000037,822.9999999999999,0.02039738220279797,23052.23,3812.999999999991,0.020411911166623543,23068.649999999943
2025-11-20 00:00:00,781.7200000000121,1124428.2,197.0000000000001,0.02045987462783308,23005.660000000014,26.00000000000004,0.02049703129110426,23047.440000000035,74.0000000000001,0.02024024299639589,22758.70000000003,106.99999999999984,0.020434546198681226,22977.179999999968,79.99999999999999,0.020173809230327026,22683.999999999996,193.99999999999986,0.02036224278259829,22895.879999999983,1453.000000000004,0.020404032912017034,22942.870000000064,193.99999999999946,0.020384671960379457,22921.099999999937,245.00000000000057,0.020409617972939543,22949.150000000052,230.00000000000028,0.020432340633221434,22974.70000000003,3743.9999999999895,0.02041101423817007,22950.719999999936,2629.000000000003,0.020411414441580202,22951.170000000027,1520.9999999999966,0.02039852789177642,22936.67999999995,791.0000000000011,0.020379487102867074,22915.270000000033,280.9999999999992,0.02036224278259825,22895.879999999936,2265.9999999999977,0.02039429462903899,22931.919999999976,4464.999999999992,0.020410462846805127,22950.099999999955,3354.9999999999955,0.0204087730990738,22948.199999999968,4306.000000000006,0.020411245466807077,22950.980000000036,3964.000000000004,0.02041176128453558,22951.560000000023,516.9999999999992,0.02041464274908791,22954.799999999963,644.9999999999993,0.020386628510384194,22923.299999999974,2883.0000000000005,0.02040919998271122,22948.680000000004,3064.000000000004,0.02040980473453088,22949.36000000003,382.00000000000017,0.020451639330995093,22996.400000000012,2900.0000000000077,0.020400591162690572,22939.000000000062,989.000000000002,0.020379362595139516,22915.13000000005,1170.9999999999998,0.020411796858172005,22951.6,1094.9999999999986,0.02041144112180749,22951.19999999997,180.00000000000003,0.020277506380576373,22800.600000000002,546.0000000000001,0.020394365776311915,22932.000000000004,1137.0000000000002,0.020324730382962657,22853.700000000008,3629.999999999999,0.02040290344905971,22941.599999999995,821.9999999999987,0.02041789773682301,22958.459999999966,793.0000000000011,0.02039575314813346,22933.560000000034,117.99999999999979,0.020295826803347662,22821.19999999996,388.99999999999994,0.020345532066876303,22877.089999999997,856.9999999999982,0.0204184046611424,22959.02999999995,15.999999999999984,0.020535237376650625,23090.39999999998,1006.0000000000013,0.02038968784311887,22926.740000000027,356.0,0.02035772493076926,22890.8,665.9999999999992,0.020381079023098117,22917.05999999997,489.99999999999943,0.02041615462863701,22956.499999999975,1526.0000000000011,0.020384156142651013,22920.520000000015,4179.999999999991,0.020408773099073785,22948.19999999995,544.0000000000013,0.02042609746002462,22967.68000000005,1101.0000000000018,0.0204253682004774,22966.860000000037,820.0,0.020426559917298415,22968.2,3792.999999999991,0.020408283961572602,22947.649999999943
2025-11-21 00:00:00,1535.9300000000121,1101526.41,198.00000000000014,0.020311814403070023,22374.000000000015,26.00000000000004,0.019762122634898998,21768.500000000033,74.0000000000001,0.020537446759901136,22622.54000000003,107.99999999999984,0.020218017287483802,22270.679999999968,82.99999999999999,0.020118446365711737,22160.999999999996,195.9999999999999,0.0202667859774692,22324.399999999987,1477.000000000004,0.020354355371288886,22420.860000000062,193.99999999999946,0.020345295216298933,22410.879999999936,245.00000000000057,0.02041803064894291,22491.00000000005,234.00000000000028,0.020329789460063905,22393.80000000003,3637.999999999989,0.02041062274666654,22482.83999999993,2602.0000000000036,0.020409206530054992,22481.28000000003,1501.9999999999966,0.020412529192105303,22484.93999999995,797.0000000000011,0.020360455996692835,22427.58000000003,283.9999999999992,0.020316535125108746,22379.199999999935,2241.9999999999977,0.020414635360399554,22487.259999999977,4399.999999999991,0.02041167583081368,22483.999999999956,3310.9999999999955,0.02040957874083107,22481.68999999997,4282.000000000006,0.020408498421749174,22480.500000000033,3951.000000000004,0.02040912482525047,22481.190000000024,516.9999999999991,0.02040728192799296,22479.15999999996,647.9999999999993,0.020371949139194927,22440.23999999998,2832.0000000000005,0.02041356411962924,22486.080000000005,3014.0000000000036,0.020412075276524718,22484.440000000028,382.00000000000017,0.02042948747819856,22503.62000000001,2883.0000000000077,0.020414762456762214,22487.40000000006,982.000000000002,0.020415125589226726,22487.800000000047,1187.9999999999995,0.020351359528456514,22417.559999999994,1080.9999999999986,0.020412402095742736,22484.799999999974,181.00000000000003,0.020276772120243588,22335.400000000005,535.0000000000001,0.02043296447154636,22507.450000000004,1186.0000000000002,0.020284797347709535,22344.240000000005,3677.9999999999995,0.020367918368838743,22435.799999999996,804.9999999999989,0.020425974171604265,22499.749999999967,786.0000000000011,0.020421952479559736,22495.320000000032,116.99999999999979,0.020499735453460406,22580.99999999996,388.99999999999994,0.020397731544176047,22468.639999999996,831.9999999999983,0.020408625518111685,22480.639999999952,15.999999999999984,0.020954776744753656,23082.23999999998,1010.0000000000015,0.020392066677729526,22462.40000000003,358.0,0.020380972980938335,22450.18,656.9999999999992,0.020434208200237315,22508.81999999997,506.99999999999943,0.020297924586302,22358.699999999975,1528.0000000000011,0.02039134041280047,22461.600000000017,4178.999999999992,0.020410786156275593,22483.019999999957,536.0000000000013,0.020432229128305744,22506.640000000054,1108.0000000000018,0.020379066535499625,22448.080000000038,830.0000000000001,0.020352031323515887,22418.300000000003,3765.9999999999905,0.020410786156275586,22483.019999999942
2025-11-24 00:00:00,869.9300000000121,1102632.99,201.00000000000017,0.0203272622924152,22413.51000000002,26.00000000000004,0.019947670892741964,21994.960000000036,70.0000000000001,0.020505463019023253,22610.000000000033,107.99999999999986,0.020389703739954284,22482.359999999968,82.99999999999999,0.020406880806278074,22501.3,196.99999999999986,0.020349744841209577,22438.299999999985,1466.0000000000039,0.020408513262422944,22503.10000000006,192.99999999999946,0.020445905577339874,22544.329999999936,240.00000000000057,0.02045358719042141,22552.800000000054,235.00000000000026,0.0203599476921147,22449.550000000025,3704.999999999989,0.02036244172233586,22452.299999999934,2590.0000000000036,0.020412140942744725,22507.10000000003,1514.9999999999966,0.020376181561554723,22467.44999999995,803.0000000000011,0.020391191088886283,22484.000000000033,286.9999999999992,0.020375193018667023,22466.35999999994,2294.9999999999977,0.020355911897756644,22445.099999999977,4433.999999999991,0.020387908038194975,22480.379999999954,3285.999999999996,0.020413954782905575,22509.09999999997,4270.000000000007,0.020408331878406828,22502.900000000038,3967.0000000000045,0.020399253608401495,22492.890000000025,520.9999999999991,0.020374431205799463,22465.51999999996,654.9999999999993,0.020375319987478317,22466.499999999975,2850.0000000000005,0.020393458389087387,22486.500000000004,3038.000000000003,0.02038865171266101,22481.200000000026,384.00000000000017,0.020338226956187856,22425.60000000001,2894.0000000000077,0.020393349558677783,22486.38000000006,993.000000000002,0.020370930494288994,22461.660000000047,1200.9999999999998,0.020379138121017038,22470.709999999995,1097.9999999999986,0.020364074178480705,22454.099999999973,181.00000000000003,0.02043699055294909,22534.500000000004,545.0000000000001,0.020363983486472694,22454.000000000007,1198.0000000000002,0.020382557209720355,22474.480000000007,3692.9999999999995,0.02039696816979873,22490.369999999995,804.9999999999989,0.020427377200096266,22523.89999999997,790.0000000000011,0.020369152930931295,22459.700000000033,116.99999999999979,0.020415496547042333,22510.79999999996,368.99999999999983,0.02043394330147876,22531.139999999992,834.9999999999984,0.02038593095241959,22478.199999999957,15.999999999999984,0.020721890427022306,22848.639999999978,1015.0000000000016,0.02038960397874549,22482.250000000033,358.0,0.02038649324286951,22478.82,634.9999999999993,0.02043848697108181,22536.149999999976,501.9999999999994,0.020414480796552243,22509.679999999975,1522.0000000000014,0.0204151156406086,22510.38000000002,4144.999999999993,0.02041236767276477,22507.34999999996,540.0000000000014,0.02038284742414614,22474.800000000054,1098.0000000000016,0.020423822073380955,22519.980000000036,830.0000000000001,0.020399353369610327,22493.000000000004,3843.9999999999905,0.020359412609267158,22448.959999999945
2025-11-25 00:00:00,1564.220000000012,1108397.2300000002,202.00000000000014,0.02035313639316838,22559.36000000002,26.000000000000046,0.01981273446524225,21960.380000000037,70.0000000000001,0.020146206969499588,22330.000000000033,108.99999999999986,0.02031806773822412,22520.489999999972,82.99999999999999,0.02017570000603484,22362.689999999995,194.99999999999986,0.020458865636104117,22676.549999999985,1417.0000000000036,0.020416407933462687,22629.49000000006,192.99999999999946,0.020383107597625395,22592.579999999936,240.00000000000054,0.02042083775326654,22634.400000000052,237.00000000000026,0.020336635088848094,22541.070000000025,3678.9999999999895,0.020413123912263784,22625.849999999937,2604.0000000000036,0.020392255942393536,22602.72000000003,1529.9999999999966,0.020388087761641152,22598.099999999948,794.0000000000011,0.02042312935047667,22636.940000000035,284.9999999999992,0.020426250975022684,22640.399999999936,2306.9999999999973,0.02039756089971461,22608.599999999977,4458.999999999991,0.02039623466038431,22607.129999999954,3308.9999999999955,0.02039022598423489,22600.46999999997,4290.000000000008,0.020397290238626853,22608.300000000043,3928.0000000000045,0.02041260965619702,22625.280000000024,514.9999999999991,0.020434641468744887,22649.699999999957,647.9999999999993,0.020432746841130216,22647.599999999977,2828.0000000000005,0.02041145483555567,22624.000000000004,2993.000000000003,0.020414233622723894,22627.080000000024,381.0000000000001,0.020442192913094896,22658.070000000007,2893.000000000008,0.020410787204872452,22623.260000000064,996.0000000000019,0.020398102221890296,22609.200000000044,1188.9999999999998,0.020413863719237195,22626.67,1085.9999999999984,0.020418888993434216,22632.239999999965,181.00000000000003,0.02038786221073469,22597.850000000002,548.0000000000001,0.02036959258730736,22577.600000000006,1192.0000000000002,0.020411599188135836,22624.160000000003,3685.0,0.02041316902244514,22625.899999999998,811.9999999999989,0.02038063555969007,22589.839999999967,789.0000000000011,0.0204155327959454,22628.520000000033,116.9999999999998,0.020371604501393394,22579.82999999996,374.99999999999983,0.0203773966486726,22586.24999999999,838.9999999999983,0.02038463232175342,22594.269999999953,15.999999999999984,0.020508026711687093,22731.03999999998,1019.0000000000015,0.020400276532629047,22611.610000000033,358.0,0.020361220137657694,22568.32,645.9999999999993,0.020358026336821485,22564.779999999977,501.9999999999994,0.02040342522328387,22615.09999999997,1517.0000000000011,0.02042015207851072,22633.640000000018,4156.999999999994,0.020402504975585305,22614.079999999965,536.0000000000015,0.020426467503893046,22640.640000000065,1105.0000000000016,0.02037735153849134,22586.200000000033,832.0,0.020402216270425003,22613.76,3894.99999999999,0.020381682115896253,22590.99999999994
2025-11-26 00:00:00,661.6200000000122,1107643.22,201.00000000000017,0.020453075133705974,22654.710000000017,26.000000000000053,0.020687455659232985,22914.320000000047,70.0000000000001,0.020188359930556007,22361.500000000033,105.99999999999984,0.020437411245111912,22637.359999999968,82.99999999999999,0.02025088006226409,22430.749999999996,193.99999999999986,0.020511424247240895,22719.339999999982,1415.0000000000036,0.020414244940713002,22611.70000000006,192.99999999999946,0.020370846489720703,22563.629999999936,238.0000000000005,0.02047287392776173,22676.64000000005,232.00000000000026,0.020463629073628985,22666.400000000027,3729.99999999999,0.020339762473334997,22529.19999999994,2618.0000000000036,0.020374033436506775,22567.16000000003,1535.9999999999966,0.020384903362654944,22579.19999999995,794.0000000000011,0.020379685075849634,22573.42000000003,282.9999999999992,0.020462789453087552,22665.469999999936,2321.9999999999973,0.020376452988174275,22569.839999999975,4464.999999999991,0.02039727196632861,22592.89999999995,3308.9999999999955,0.020404106296971664,22600.46999999997,4290.000000000008,0.02041117536023923,22608.300000000043,3975.0000000000045,0.020347932974301982,22538.250000000025,517.9999999999991,0.02034319318092333,22532.99999999996,651.9999999999994,0.020372733378894316,22565.71999999998,2869.000000000001,0.020332946199047745,22521.650000000005,3010.000000000003,0.020381111527952137,22575.000000000025,379.0000000000001,0.02045479951567799,22656.620000000006,2930.0000000000086,0.020342019517801107,22531.700000000066,1003.0000000000018,0.020356229869759004,22547.440000000042,1193.9999999999998,0.02037352785854636,22566.599999999995,1088.9999999999986,0.020390916129112376,22585.85999999997,181.00000000000003,0.020442593419205873,22643.100000000002,550.0000000000001,0.02035854108329215,22550.000000000004,1199.0000000000005,0.020361421072030764,22553.190000000006,3686.9999999999995,0.020404864663912264,22601.309999999998,813.999999999999,0.0203786016945059,22572.219999999972,788.0000000000011,0.020417765930079934,22615.60000000003,116.9999999999998,0.02041821733897307,22616.099999999962,384.9999999999999,0.020250293230702925,22430.09999999999,824.9999999999983,0.020408196061544034,22604.999999999953,15.999999999999984,0.02058699009596247,22803.03999999998,1021.0000000000015,0.02038970635327866,22584.520000000033,355.00000000000006,0.02041587001272847,22613.500000000004,656.9999999999994,0.020303568508278306,22489.10999999998,505.9999999999994,0.020351589386336848,22542.29999999997,1520.0000000000011,0.020392125904946195,22587.200000000015,4147.999999999994,0.020409640570002285,22606.599999999966,536.0000000000016,0.02044037248745139,22640.64000000007,1083.0000000000016,0.020415454716546752,22613.040000000034,827.9999999999999,0.020415129702143618,22612.679999999997,3929.9999999999905,0.020365944189140568,22558.199999999946
2025-11-27 00:00:00,528.8900000000131,1108805.1499999997,201.00000000000017,0.020431642114937882,22654.710000000017,26.000000000000053,0.020708219113159825,22961.38000000005,72.0000000000001,0.020260944855820723,22465.44000000003,104.99999999999984,0.020441192936378375,22665.299999999967,83.99999999999999,0.02012869438782819,22318.799999999996,192.9999999999999,0.02043478964721618,22658.199999999986,1418.0000000000036,0.020397722719812453,22617.100000000057,189.99999999999943,0.020417022774470276,22638.499999999935,244.00000000000054,0.020289227552740034,22496.80000000005,229.00000000000026,0.02045872532247891,22684.740000000027,3732.99999999999,0.020402123853771725,22621.979999999938,2634.000000000004,0.020382048189440706,22599.720000000034,1540.9999999999964,0.020388135823503295,22606.469999999947,792.000000000001,0.020428476545225307,22651.20000000003,287.99999999999915,0.020324580923889047,22535.999999999935,2297.9999999999973,0.02041413678498875,22635.299999999974,4463.999999999991,0.02041159350675811,22632.479999999956,3335.999999999995,0.02036852011374583,22584.719999999965,4313.000000000008,0.020382408938125908,22600.120000000043,3988.0000000000045,0.020393087099207667,22611.960000000025,514.9999999999991,0.020413189819690106,22634.24999999996,645.9999999999993,0.020420449886979667,22642.299999999974,2880.000000000001,0.02038951568722422,22608.000000000007,2998.000000000003,0.0204137760363036,22634.900000000023,380.0000000000001,0.02033648563050055,22549.200000000008,2883.000000000008,0.02041075476606513,22631.550000000065,983.0000000000019,0.020425879154691913,22648.320000000043,1190.9999999999995,0.020408454993196948,22628.999999999993,1086.9999999999986,0.020420368718525494,22642.20999999997,181.00000000000003,0.020497893610973938,22728.170000000002,546.0000000000001,0.020410890046822026,22631.700000000008,1214.0000000000007,0.020342726582754423,22556.12000000001,3689.9999999999995,0.020400067586266165,22619.699999999997,811.9999999999989,0.02041707688677309,22638.55999999997,791.0000000000011,0.020381281598484666,22598.87000000003,115.9999999999998,0.02045264670713331,22677.99999999996,386.99999999999994,0.020379531967361437,22596.929999999997,820.9999999999983,0.020428647900850704,22651.389999999952,15.999999999999984,0.020538721343420864,22773.439999999977,1023.0000000000015,0.020380560101114276,22598.070000000032,344.00000000000006,0.020445070984744258,22669.600000000006,660.9999999999994,0.02035212408600373,22566.539999999983,507.9999999999994,0.020355641385684374,22570.439999999973,1522.000000000001,0.020397560382904075,22616.920000000013,4169.999999999993,0.02038356333391846,22601.39999999996,536.0000000000016,0.02038994858564651,22608.48000000007,1117.0000000000014,0.020278774859586488,22485.210000000025,827.9999999999999,0.020378801451273916,22596.119999999995,3894.9999999999905,0.02040931177132424,22629.949999999943
2025-11-28 00:00:00,580.0300000000134,1108876.85,200.00000000000014,0.020489200401288946,22720.000000000015,26.000000000000053,0.0209214215266556,23199.280000000046,72.0000000000001,0.020213534081805422,22414.320000000032,104.99999999999984,0.020567703257579933,22807.049999999967,83.99999999999999,0.020309198447059296,22520.399999999998,190.9999999999999,0.02041119354236676,22633.499999999985,1395.0000000000036,0.020417821870841714,22640.85000000006,189.9999999999994,0.020470532863951427,22699.29999999993,246.00000000000057,0.02023014548459557,22432.740000000053,229.00000000000026,0.020463597918921324,22691.610000000026,3775.99999999999,0.02029527444819499,22504.95999999994,2629.000000000004,0.0204131685137083,22635.690000000035,1545.9999999999964,0.020369313328166203,22587.059999999947,792.0000000000011,0.020412870915286974,22635.36000000003,287.99999999999915,0.020460919533129347,22688.639999999934,2312.9999999999973,0.020337470297084822,22551.749999999975,4445.999999999992,0.02040816344934964,22630.13999999996,3298.9999999999945,0.02040906526274759,22631.139999999963,4339.000000000008,0.020347435335132166,22562.800000000043,4044.000000000004,0.02027694959994884,22484.64000000002,517.9999999999991,0.02032990408267606,22543.35999999996,648.9999999999993,0.020338372110482766,22552.749999999975,2894.000000000001,0.020356814194470753,22573.200000000008,3030.000000000003,0.02030243484657474,22512.900000000023,382.0000000000001,0.020321625435682975,22534.180000000008,2898.0000000000086,0.02035881622021424,22575.420000000067,993.000000000002,0.020309955970313612,22521.240000000045,1181.9999999999995,0.020423476240846762,22647.11999999999,1095.9999999999986,0.02031136279921434,22522.799999999974,180.0,0.02048396988358086,22714.2,548.0000000000002,0.020331130548897305,22544.72000000001,1217.0000000000007,0.020380703231382295,22599.690000000013,3650.9999999999995,0.020413628438541217,22636.199999999997,812.9999999999987,0.020360250103516882,22577.009999999966,784.0000000000011,0.020432927245257252,22657.60000000003,115.9999999999998,0.020325791813581438,22538.799999999963,386.99999999999994,0.020441034547704736,22666.589999999997,820.9999999999983,0.020419923096058827,22643.179999999953,15.999999999999984,0.02058356615524978,22824.639999999978,1022.0000000000015,0.020423836966205977,22647.520000000033,338.00000000000006,0.02045904376126169,22686.560000000005,658.9999999999993,0.020425920155155177,22649.829999999976,502.9999999999994,0.020412546262463662,22634.99999999997,1512.000000000001,0.02041222160964044,22634.640000000014,4183.999999999993,0.02037521118778877,22593.599999999962,538.0000000000016,0.020348265003458297,22563.720000000067,1114.0000000000011,0.020413880946292668,22636.480000000025,827.9999999999999,0.020384950772486598,22604.399999999998,3907.9999999999895,0.02037037746797577,22588.23999999994
2025-12-01 00:00:00,1017.560000000015,1123105.2599999998,200.00000000000014,0.020372088721229944,22880.00000000002,26.000000000000053,0.02114483908658753,23747.88000000005,72.0000000000001,0.020327355603338582,22829.76000000003,104.99999999999983,0.020188401575111464,22673.699999999964,86.99999999999999,0.020297064586804622,22795.739999999994,190.9999999999999,0.020484233151930917,23005.949999999986,1326.0000000000034,0.020413527401697027,22926.54000000006,188.9999999999994,0.020412779475362738,22925.699999999928,248.00000000000054,0.020381348761557803,22890.40000000005,227.00000000000028,0.020426064071679295,22940.620000000028,3835.99999999999,0.020356560345910893,22862.55999999994,2636.000000000004,0.020395986748383707,22906.840000000033,1515.9999999999961,0.02040941380685898,22921.91999999994,763.0000000000011,0.020421754591372885,22935.78000000003,272.9999999999992,0.020469434895176195,22989.329999999933,2301.9999999999973,0.020414756137817375,22927.919999999976,4487.999999999992,0.020379924139968822,22888.799999999956,3326.9999999999945,0.020380778912922167,22889.759999999962,4369.000000000008,0.02038416238919587,22893.560000000045,4099.000000000004,0.020365339576452545,22872.42000000002,522.9999999999991,0.02034526131593397,22849.86999999996,650.9999999999993,0.02038604110891617,22895.669999999976,2939.0000000000005,0.020359106857001107,22865.420000000006,3042.000000000003,0.020395470323057722,22906.260000000024,389.0000000000001,0.020307152688431012,22807.070000000007,2953.0000000000086,0.020350915282865003,22856.220000000067,1000.000000000002,0.020380992606160577,22890.000000000047,1168.9999999999995,0.020421754591372847,22935.77999999999,1109.9999999999984,0.02035962328232705,22865.999999999967,174.99999999999997,0.020446436160400497,22963.499999999996,553.0000000000003,0.020355189147631646,22861.020000000015,1221.0000000000007,0.020384331563009523,22893.750000000015,3538.0,0.020413260285149056,22926.24,820.9999999999987,0.020365909425088053,22873.059999999965,790.0000000000011,0.02036363003054588,22870.500000000033,116.9999999999998,0.020187119415681454,22672.259999999962,392.99999999999994,0.02032700835182626,22829.37,831.9999999999983,0.02034986462444309,22855.039999999954,15.999999999999984,0.020287181274531635,22784.639999999978,1024.0000000000016,0.020396022363923433,22906.880000000037,338.00000000000006,0.020452651072082065,22970.480000000003,665.9999999999993,0.02036357660723625,22870.43999999998,481.9999999999993,0.02041548625638168,22928.73999999997,1482.000000000001,0.02041352740169699,22926.540000000015,4201.999999999993,0.020390697840734863,22900.89999999996,539.0000000000016,0.020362980046945974,22869.770000000066,1135.0000000000011,0.02033308970523389,22836.200000000023,834.9999999999999,0.02035632884490275,22862.299999999996,3915.9999999999895,0.020397553832131408,22908.599999999937
2025-12-02 00:00:00,1215.650000000015,1118360.0499999996,201.00000000000014,0.020309201853195683,22713.000000000015,26.000000000000053,0.020708679642124243,23159.760000000046,73.0000000000001,0.02018929413653504,22578.90000000003,106.99999999999984,0.02033015217237058,22736.429999999968,86.99999999999999,0.020257161367665092,22654.799999999996,191.99999999999991,0.020285703159729277,22686.71999999999,1327.0000000000034,0.020396946403799084,22811.13000000006,188.9999999999994,0.02046221161065252,22884.119999999926,254.00000000000054,0.020308915719941936,22712.680000000048,229.00000000000028,0.020382219482893753,22794.66000000003,3835.9999999999895,0.020408633158882906,22824.19999999994,2630.0000000000045,0.020412388657838808,22828.400000000038,1523.9999999999961,0.02038613593180474,22799.039999999943,766.0000000000011,0.02036986210299629,22780.840000000033,273.9999999999992,0.02037678295107192,22788.579999999933,2282.9999999999973,0.02041381932410763,22829.99999999997,4440.999999999992,0.020410904341584768,22826.739999999958,3279.9999999999945,0.02041274632440596,22828.799999999963,4348.000000000009,0.020411136824853543,22827.000000000047,4110.000000000004,0.020396383078955676,22810.50000000002,520.9999999999991,0.02044196768294787,22861.479999999963,640.9999999999993,0.02041025160009961,22826.009999999977,2934.0000000000005,0.02041070762497284,22826.520000000004,3046.0000000000027,0.020399995511284606,22814.540000000023,389.0000000000001,0.02045244731336747,22873.200000000004,2938.0000000000086,0.020412263474540306,22828.260000000068,1000.000000000002,0.020404877659927188,22820.000000000047,1168.9999999999995,0.020424781804392955,22842.25999999999,1108.9999999999986,0.02041767318136943,22834.309999999972,175.99999999999997,0.02028541702647551,22686.399999999998,549.0000000000003,0.020421330322019298,22838.400000000016,1243.0000000000005,0.020350628583343987,22759.330000000005,3421.9999999999995,0.020409116008748705,22824.739999999998,813.9999999999987,0.020416233573436363,22832.699999999964,790.0000000000011,0.020393521746417922,22807.300000000032,117.9999999999998,0.020275116229339526,22674.87999999996,395.99999999999994,0.020338923944931687,22746.239999999994,822.9999999999982,0.020428555186677095,22846.479999999952,15.999999999999988,0.02020200918299968,22593.11999999998,1023.0000000000015,0.02041682372327234,22833.360000000033,340.00000000000006,0.0203691110032051,22780.000000000004,664.9999999999993,0.020431166152617825,22849.399999999976,489.9999999999992,0.020329767680810816,22735.999999999964,1471.0000000000011,0.020413747790794225,22829.920000000016,4187.999999999993,0.020408990825450144,22824.599999999962,539.0000000000016,0.020420462980593836,22837.430000000066,1133.0000000000011,0.020423905521303295,22841.280000000024,840.9999999999999,0.02036399637129384,22774.279999999995,3816.9999999999895,0.020409938641853257,22825.659999999938
2025-12-03 00:00:00,1097.6400000000149,1110962.11,202.00000000000014,0.020295237611658974,22547.240000000016,26.00000000000006,0.02090251304790228,23221.900000000052,74.0000000000001,0.02021514487114239,22458.26000000003,106.99999999999984,0.02023052793402645,22475.34999999997,86.99999999999999,0.02032000893351799,22574.76,191.99999999999991,0.020410417057337794,22675.19999999999,1287.0000000000032,0.020411983267368188,22676.940000000057,189.9999999999994,0.02037738262738765,22638.49999999993,258.0000000000005,0.020348092699579146,22605.960000000046,231.00000000000026,0.020368615451700708,22628.760000000024,3881.9999999999895,0.02037158585003402,22632.05999999994,2613.0000000000045,0.02041549373812581,22680.84000000004,1514.9999999999961,0.020414332582413583,22679.549999999945,757.000000000001,0.020421299516686513,22687.29000000003,276.99999999999926,0.020340621697710226,22597.659999999938,2282.9999999999973,0.020405907452595275,22670.189999999973,4360.999999999992,0.02041221729875194,22677.199999999957,3266.999999999995,0.02040841878936804,22672.979999999967,4311.000000000009,0.020411011137004526,22675.860000000048,4133.000000000004,0.020386689875499013,22648.840000000022,524.9999999999991,0.020348578764760896,22606.499999999964,645.9999999999993,0.020351729187235712,22609.999999999975,2930.0,0.020413117419459066,22678.2,3072.0000000000023,0.020379308885700897,22640.640000000018,389.0000000000001,0.020431074827565458,22698.15000000001,2934.0000000000086,0.020414575615004607,22679.82000000007,1002.0000000000019,0.02040145185509526,22665.240000000045,1176.9999999999998,0.020383665469923172,22645.479999999992,1111.9999999999986,0.0203990395316002,22662.559999999972,178.0,0.020327299911245395,22582.86,545.0000000000003,0.020427159302489634,22693.800000000014,1256.0000000000005,0.020372539977983592,22633.120000000006,3451.0,0.020377436634630135,22638.559999999998,808.9999999999986,0.02043322611605535,22700.53999999996,788.000000000001,0.020420606423742056,22686.52000000003,119.99999999999982,0.020263517357941182,22511.999999999964,403.99999999999994,0.020295237611658957,22547.239999999998,811.9999999999982,0.020413981535337824,22679.15999999995,15.999999999999984,0.02023672976569829,22482.23999999998,1018.0000000000015,0.020415673762267224,22681.040000000034,333.0,0.020442281330368683,22710.600000000002,668.9999999999993,0.02037177487538254,22632.269999999975,480.99999999999926,0.02044427959833838,22712.819999999963,1473.000000000001,0.02039200058767082,22654.740000000016,4196.999999999993,0.02040015568127698,22663.799999999963,539.0000000000016,0.02037693256703423,22638.000000000065,1112.0000000000011,0.020419058216125857,22684.80000000002,842.9999999999999,0.020381415168155458,22642.979999999996,3810.9999999999905,0.020410642087514523,22675.449999999943
2025-12-04 00:00:00,800.020000000015,1114350.6500000001,199.0000000000001,0.020488407306981888,22831.270000000015,25.000000000000064,0.02059024239811774,22944.75000000006,75.00000000000011,0.020271222527666704,22589.250000000033,105.99999999999984,0.02053793390796691,22886.459999999966,84.99999999999997,0.02062927858479734,22988.249999999993,189.99999999999991,0.020409195256448222,22742.99999999999,1271.000000000003,0.020416284586902745,22750.900000000052,189.9999999999994,0.020375094679578577,22704.999999999927,254.0000000000005,0.020420735609567822,22755.860000000048,228.00000000000026,0.02041124129106043,22745.280000000028,3932.999999999989,0.02036469400363336,22693.409999999934,2626.000000000004,0.020383978777236807,22714.900000000038,1513.9999999999964,0.020420340760782925,22755.419999999944,742.000000000001,0.020435201433229327,22771.980000000032,279.99999999999926,0.020345122067277423,22671.59999999994,2271.9999999999973,0.020408943989039693,22742.719999999972,4348.999999999992,0.02041123231722435,22745.26999999996,3290.9999999999955,0.020377697092023923,22707.89999999997,4300.00000000001,0.0204127847908556,22747.000000000055,4167.000000000005,0.020379716205128094,22710.150000000027,524.9999999999991,0.020446885367725105,22784.99999999996,645.9999999999993,0.020405785198761253,22739.19999999998,2936.9999999999995,0.02039966504259678,22732.379999999997,3116.0000000000023,0.02035668036806908,22684.480000000018,389.0000000000001,0.020438764046128575,22775.950000000004,2967.0000000000086,0.02036840917174506,22697.55000000007,1003.000000000002,0.020395716554748766,22727.980000000047,1182.9999999999998,0.020372196130544723,22701.769999999997,1117.9999999999986,0.02037651254566951,22706.579999999973,179.99999999999997,0.02035104479904956,22678.199999999997,545.0000000000003,0.020418842130167928,22753.750000000015,1267.0000000000007,0.020363401771246792,22691.970000000012,3451.0,0.020408378637370564,22742.09,810.9999999999987,0.02039962017341666,22732.329999999965,796.0000000000009,0.020365187564614452,22693.96000000003,123.99999999999982,0.02016090716149353,22466.319999999967,402.99999999999994,0.020454674657389035,22793.679999999997,821.999999999998,0.020359121251465998,22687.199999999946,15.999999999999988,0.020101679843772677,22400.31999999998,1015.0000000000015,0.02041202201479403,22746.150000000034,335.0,0.020346198927599677,22672.800000000003,676.9999999999993,0.020352211397731926,22679.499999999978,485.9999999999992,0.020349752566662892,22676.759999999962,1480.000000000001,0.02038676066640246,22718.000000000015,4235.999999999992,0.020375058784234533,22704.95999999996,539.0000000000016,0.02041654482814729,22751.190000000068,1085.000000000001,0.020417675531485553,22752.45000000002,843.9999999999999,0.020381412260135533,22712.039999999997,3809.9999999999905,0.020411618192173124,22745.699999999943
2025-12-05 00:00:00,1474.4800000000132,1121753.48,200.0000000000001,0.020357414001514855,22836.000000000015,25.000000000000064,0.02024486699163176,22709.75000000006,75.00000000000011,0.02038081486495592,22862.250000000033,105.99999999999984,0.020237975994511704,22702.019999999964,83.99999999999997,0.02050514699539866,23001.71999999999,190.9999999999999,0.020301189526953808,22772.929999999986,1243.000000000003,0.02041095517706801,22896.060000000056,189.9999999999994,0.02032193383523083,22796.199999999928,254.00000000000054,0.02046938156144615,22961.60000000005,231.00000000000026,0.020358002366081384,22836.660000000025,4010.9999999999886,0.020381216022614824,22862.699999999935,2617.000000000004,0.020413353208407283,22898.750000000036,1526.9999999999966,0.020391699609436424,22874.45999999995,731.0000000000011,0.02040993891099855,22894.920000000035,282.9999999999993,0.02037694592220025,22857.909999999945,2309.9999999999973,0.02038683222984071,22868.999999999975,4366.999999999992,0.02039938400725974,22883.079999999958,3329.9999999999955,0.020394053067702513,22877.09999999997,4296.00000000001,0.02041239934464037,22897.680000000055,4206.000000000005,0.020397208841286613,22880.640000000025,504.99999999999915,0.020438536994777105,22926.99999999996,608.9999999999993,0.020418470197213004,22904.489999999972,2977.999999999999,0.020388650811228145,22871.039999999994,3151.000000000002,0.02039330424007244,22876.260000000013,370.0000000000001,0.020446827586396262,22936.300000000007,3021.0000000000086,0.020386805485996858,22868.970000000067,1011.000000000002,0.02038667176677718,22868.820000000047,1160.9999999999998,0.020420288778600443,22906.529999999995,1129.9999999999984,0.02038879344506243,22871.199999999964,180.99999999999997,0.02034841915533883,22825.909999999996,550.0000000000002,0.02036231703956917,22841.50000000001,1270.0000000000007,0.020401452197857245,22885.400000000012,3497.0,0.020388062446661633,22870.38,820.9999999999989,0.02039045156338625,22873.05999999997,804.0000000000008,0.02038394389469603,22865.760000000024,124.99999999999983,0.020286319949727252,22756.24999999997,402.99999999999994,0.02037357619786479,22854.129999999997,829.999999999998,0.020377204446024935,22858.199999999943,15.999999999999988,0.02005503027278327,22496.79999999998,1009.0000000000016,0.02041830081953482,22904.300000000036,328.0,0.02046210723589643,22953.440000000002,676.9999999999993,0.02038085052341445,22862.28999999998,483.9999999999992,0.020421349617743074,22907.71999999996,1481.0000000000011,0.020397930925072784,22881.450000000015,4275.999999999992,0.02039360733697029,22876.599999999955,539.0000000000016,0.02039232363246162,22875.160000000065,1075.0000000000011,0.02041223888157675,22897.500000000025,830.9999999999999,0.020423979429063148,22910.67,3838.9999999999905,0.020397030548993656,22880.439999999944
2025-12-08 00:00:00,931.7900000000136,1126363.54,197.00000000000014,0.020498177702023293,23088.400000000016,25.000000000000068,0.02109754014232391,23763.500000000062,75.00000000000011,0.020338682127441766,22908.750000000033,104.99999999999984,0.020582120404927143,23182.949999999964,83.99999999999997,0.02060244244056408,23205.839999999993,186.99999999999991,0.02043884517071637,23021.56999999999,1230.000000000003,0.020409662763054334,22988.700000000055,189.9999999999994,0.020407443230983785,22986.199999999928,252.00000000000054,0.020482374633681816,23070.60000000005,228.00000000000023,0.020497183351655745,23087.280000000024,4015.999999999988,0.020394410138666184,22971.51999999993,2631.0000000000045,0.020368486004083586,22942.32000000004,1542.9999999999966,0.020342943629016928,22913.54999999995,730.0000000000011,0.020415255983871814,22995.000000000036,280.9999999999993,0.02042205663013555,23002.659999999945,2327.9999999999973,0.020358258400302955,22930.799999999974,4407.999999999991,0.02035009052228374,22921.599999999955,3360.9999999999955,0.020350463403671585,22922.01999999997,4340.00000000001,0.02034440852018351,22915.200000000055,4215.0000000000055,0.02039461433561675,22971.75000000003,504.99999999999915,0.020404202714160973,22982.54999999996,601.9999999999994,0.020437877454733647,23020.479999999978,2988.9999999999995,0.02038020513341545,22955.519999999997,3149.0000000000023,0.02040877495022612,22987.700000000015,363.0000000000001,0.02043230199017274,23014.200000000008,3026.000000000009,0.020390699081044537,22967.34000000007,1026.0000000000023,0.020303870986449056,22869.540000000048,1127.9999999999998,0.020409609494284588,22988.639999999996,1129.9999999999984,0.02038560303541073,22961.59999999997,181.99999999999997,0.020291459363111133,22855.559999999998,559.0000000000002,0.02029815347183558,22863.10000000001,1271.0000000000005,0.020401654691344157,22979.680000000008,3522.9999999999995,0.020361747504717705,22934.729999999996,827.9999999999987,0.020333115541009052,22902.479999999967,809.0000000000007,0.02036930279188549,22943.24000000002,126.99999999999984,0.02031231408644493,22879.049999999974,403.99999999999994,0.020369231766859217,22943.159999999996,841.9999999999981,0.020310618363943093,22877.13999999995,15.999999999999988,0.019805470620968418,22308.15999999998,1010.0000000000014,0.020381785440249635,22957.300000000032,328.0,0.02037544645665644,22950.16,679.9999999999993,0.020369267279372327,22943.19999999998,485.9999999999992,0.02035708648736976,22929.479999999963,1502.0000000000014,0.020322461787071006,22890.48000000002,4303.999999999992,0.020366710378427164,22940.319999999956,543.0000000000016,0.020329413361515652,22898.310000000067,1080.0000000000011,0.020356127649515388,22928.400000000023,809.9999999999998,0.02043043758323356,23012.099999999995,3851.99999999999,0.02038233588420302,22957.91999999994
2025-12-09 00:00:00,1288.1600000000126,1118457.5599999998,197.00000000000014,0.020488072877794326,22915.040000000015,24.000000000000068,0.020658808010560605,23106.000000000065,75.00000000000011,0.02033291276604187,22741.500000000036,104.99999999999983,0.020579278841836402,23017.049999999963,82.99999999999999,0.020518883166206144,22949.499999999996,185.99999999999994,0.020471585886548967,22896.59999999999,1290.000000000003,0.020241715742884383,22639.500000000055,189.9999999999994,0.02039031324532326,22805.699999999928,248.00000000000054,0.020437217126057117,22858.16000000005,228.00000000000023,0.02039744807125272,22813.680000000022,3983.999999999989,0.020410537526341133,22828.319999999938,2642.0000000000045,0.02038562822178076,22800.460000000043,1526.9999999999966,0.02041083257553371,22828.649999999947,747.0000000000013,0.02030367607332373,22708.800000000036,283.9999999999993,0.020311150652868714,22717.159999999945,2344.9999999999973,0.02037931595723666,22793.399999999976,4413.999999999992,0.020403438463950263,22820.379999999957,3346.999999999996,0.02040894604887822,22826.53999999997,4434.00000000001,0.02033731168127654,22746.42000000005,4212.0000000000055,0.020411181270034093,22829.04000000003,509.99999999999915,0.02034605586643803,22756.19999999996,606.9999999999994,0.020351688623750714,22762.499999999978,2930.9999999999995,0.0204142658752291,22832.489999999998,3132.0000000000023,0.020414078116652027,22832.280000000017,365.0000000000001,0.02038007593242967,22794.250000000007,2931.000000000009,0.020414265875229164,22832.49000000007,1035.0000000000025,0.020358394287218244,22770.000000000055,1125.9999999999998,0.020416760382038993,22835.279999999995,1130.9999999999984,0.020386075266011855,22800.959999999966,182.99999999999997,0.020288655387156577,22691.999999999996,563.0000000000002,0.02037649063769573,22790.24000000001,1255.0000000000005,0.02042187456804352,22841.000000000007,3511.9999999999995,0.02041025141803324,22827.999999999996,822.9999999999987,0.020426774172817044,22846.479999999967,808.0000000000007,0.020430135945435447,22850.24000000002,126.99999999999984,0.02035710679983242,22768.559999999972,409.99999999999994,0.02033031990950108,22738.6,851.9999999999982,0.020346699610130897,22756.91999999995,15.999999999999988,0.019699272272789666,22032.79999999998,1015.0000000000014,0.02039152026474749,22807.05000000003,329.0,0.02038494871454935,22799.7,660.9999999999992,0.02042469988758445,22844.159999999974,485.9999999999992,0.020361934877528985,22773.959999999963,1505.0000000000014,0.020385887507434815,22800.750000000022,4319.999999999992,0.020393800190326366,22809.59999999996,543.0000000000016,0.02040514617291341,22822.290000000066,1078.0000000000011,0.020413863535421073,22832.040000000023,808.9999999999997,0.02042648806450912,22846.15999999999,3849.9999999999895,0.02041248663918901,22830.499999999938
2025-12-10 00:00:00,754.6000000000113,1114294.4,196.00000000000014,0.020458471298069894,22796.760000000017,24.000000000000068,0.0205173785312033,22862.400000000063,75.00000000000011,0.02059599330302659,22950.000000000036,104.99999999999983,0.020580781883136053,22933.049999999963,82.99999999999999,0.020394430771616547,22725.399999999998,187.99999999999991,0.020332041514343056,22655.87999999999,1290.000000000003,0.020409956291622795,22742.70000000005,183.99999999999943,0.020426199754750563,22760.79999999993,246.0000000000006,0.020476186544597236,22816.500000000055,248.00000000000023,0.02004174121309415,22332.40000000002,4023.9999999999886,0.020367472007397625,22695.359999999935,2629.0000000000045,0.020408296048153914,22740.85000000004,1523.9999999999966,0.02041948698656293,22753.31999999995,740.0000000000013,0.020420994667118525,22755.00000000004,275.9999999999993,0.020454271330808033,22792.079999999944,2363.9999999999973,0.02036661047565165,22694.399999999972,4414.999999999992,0.02040506530410631,22737.24999999996,3344.9999999999964,0.020412917806999633,22745.999999999975,4391.00000000001,0.020412361401080405,22745.380000000052,4257.0000000000055,0.020362491276991097,22689.81000000003,508.9999999999992,0.02041857160908281,22752.299999999967,599.9999999999994,0.020412917806999636,22745.999999999978,2971.9999999999995,0.02035042085825792,22676.359999999997,3172.000000000002,0.020353508013681135,22679.800000000014,364.00000000000017,0.02043284072862612,22768.200000000008,2991.0000000000095,0.020319468535424812,22641.87000000007,1038.0000000000025,0.020391217976147104,22721.820000000054,1119.9999999999998,0.02041399472168216,22747.199999999993,1145.9999999999984,0.02035309519638613,22679.339999999967,182.99999999999997,0.02043671762148315,22772.519999999997,565.0000000000002,0.020373161706636958,22701.700000000008,1250.0000000000005,0.020416507522608034,22750.000000000007,3456.999999999999,0.02041386908163587,22747.059999999994,821.9999999999987,0.02041916391215819,22752.959999999966,809.0000000000007,0.0203866410887464,22716.72000000002,126.99999999999986,0.0204935697424307,22835.869999999974,408.99999999999983,0.020437256078824403,22773.11999999999,851.9999999999982,0.020415071636364635,22748.39999999995,15.999999999999988,0.019798573877783086,22061.43999999998,1006.0000000000013,0.020421640815928024,22755.72000000003,329.0,0.02046110973904203,22799.7,656.9999999999992,0.020435909935471244,22771.61999999997,488.9999999999992,0.020362302816921595,22689.599999999962,1482.0000000000016,0.020415340865035325,22748.700000000023,4321.999999999992,0.02040189738008192,22733.719999999958,556.0000000000016,0.020303108406539656,22623.640000000065,1060.0000000000011,0.020423866439605205,22758.200000000023,805.9999999999997,0.020419540832297092,22753.37999999999,3874.9999999999886,0.02037836679426903,22707.499999999935
2025-12-11 00:00:00,1441.240000000012,1107900.6499999997,198.00000000000014,0.020303968591407554,22494.780000000017,24.000000000000068,0.020070824942651725,22236.48000000006,76.00000000000011,0.020305755755265626,22496.760000000035,105.99999999999984,0.0203322021699328,22526.059999999965,83.99999999999999,0.020321786073507576,22514.519999999993,188.9999999999999,0.020367087969485338,22564.70999999999,1294.000000000003,0.020392839375985607,22593.240000000053,184.99999999999943,0.02033345679506545,22527.44999999993,243.00000000000057,0.020485771896604676,22696.200000000055,252.00000000000023,0.020371068470805588,22569.12000000002,3959.999999999988,0.020409411259032957,22611.599999999933,2605.000000000004,0.020409230737431224,22611.400000000034,1504.9999999999966,0.02041712855751095,22620.149999999947,731.0000000000013,0.020427607836496924,22631.76000000004,283.9999999999993,0.02030987164778714,22501.31999999995,2340.9999999999973,0.02041163167473543,22614.059999999972,4407.999999999992,0.02041071101456611,22613.039999999957,3329.999999999996,0.020408598911824782,22610.69999999997,4349.000000000009,0.02041229960466225,22614.800000000047,4219.0000000000055,0.020411433100973472,22613.84000000003,502.9999999999991,0.020425992168160528,22629.96999999996,602.9999999999994,0.02039389542735621,22594.409999999978,2940.999999999999,0.020413644490595788,22616.289999999994,3141.000000000002,0.020412660647865864,22615.200000000015,362.0000000000002,0.020431308529334297,22635.860000000015,2945.00000000001,0.020414826907087808,22617.600000000075,1038.0000000000025,0.020396467860182274,22597.260000000053,1119.9999999999998,0.020390275969239657,22590.399999999998,1138.9999999999986,0.02041748057463453,22620.53999999997,183.99999999999997,0.020311568550844334,22503.199999999997,561.0000000000002,0.020411496283534093,22613.91000000001,1263.0000000000007,0.020383091209487066,22582.44000000001,3415.9999999999986,0.020411505309614168,22613.91999999999,817.9999999999986,0.020414917167888617,22617.69999999996,810.0000000000006,0.02040534952299199,22607.100000000017,126.99999999999986,0.020533889929570823,22749.509999999973,415.9999999999998,0.020373812399153285,22572.159999999985,851.9999999999982,0.02041753473111506,22620.59999999995,15.999999999999988,0.020045551918396274,22208.47999999998,996.0000000000013,0.020425224951352836,22629.120000000028,330.00000000000006,0.020394518226882527,22595.100000000002,661.9999999999992,0.020369678454471504,22567.579999999976,492.9999999999991,0.020380347281139292,22579.399999999958,1461.0000000000016,0.020413635464515724,22616.280000000024,4329.999999999992,0.02040128778695089,22602.599999999955,556.0000000000016,0.020410241658401468,22612.520000000066,1071.0000000000011,0.020387559119132228,22587.390000000025,806.9999999999997,0.020395330574090723,22595.99999999999,3883.9999999999886,0.02040334573321167,22604.879999999936
2025-12-12 00:00:00,793.8900000000112,1113749.0699999998,195.00000000000014,0.02044984872579962,22776.000000000015,25.000000000000068,0.020224708245996613,22525.250000000062,74.00000000000011,0.020457570393302357,22784.600000000035,107.99999999999984,0.02035492608761502,22670.279999999966,81.99999999999997,0.02058118890281093,22922.279999999995,188.9999999999999,0.0204315322121885,22755.599999999988,1293.0000000000032,0.020409390779558678,22730.940000000053,179.99999999999946,0.020447693841845298,22773.59999999993,242.0000000000006,0.020435572619602774,22760.100000000057,255.00000000000028,0.020349646621927165,22664.400000000023,4054.9999999999877,0.020352385120285605,22667.44999999993,2595.000000000004,0.020410522093634642,22732.200000000037,1515.9999999999968,0.02039030209919722,22709.679999999953,718.0000000000014,0.020436021553759898,22760.600000000042,286.9999999999993,0.020344483879120048,22658.649999999947,2379.9999999999973,0.0203649103832697,22681.399999999972,4411.999999999992,0.020401184263166172,22721.79999999996,3385.9999999999964,0.020369220151178195,22686.199999999975,4391.000000000008,0.02038293060033715,22701.47000000004,4289.0000000000055,0.020371563587478485,22688.81000000003,501.99999999999903,0.02041806418747443,22740.599999999955,594.9999999999994,0.02042901818090854,22752.79999999998,2963.999999999999,0.02038541769556763,22704.239999999994,3159.000000000002,0.020393471574346646,22713.210000000014,356.0000000000002,0.020428263971524585,22751.960000000014,3033.0000000000095,0.020342562440927622,22656.51000000007,1039.0000000000025,0.020392870002576124,22712.540000000055,1119.0,0.020425848705759184,22749.269999999997,1131.9999999999986,0.020419213458916712,22741.879999999972,184.99999999999997,0.02032634693917185,22638.449999999997,567.0000000000002,0.020363653367629755,22680.000000000007,1250.0000000000007,0.02041528079570025,22737.500000000015,3367.999999999999,0.020412138256600286,22733.999999999993,816.9999999999987,0.02041493062705764,22737.109999999964,806.0000000000006,0.020422302125917835,22745.320000000014,126.99999999999987,0.020536672591789436,22872.699999999975,423.9999999999998,0.020363437879234312,22679.759999999987,843.9999999999982,0.020415155094136196,22737.359999999953,15.999999999999988,0.020064699133710596,22347.039999999983,979.0000000000014,0.020410683709931203,22732.38000000003,331.0,0.0203489013912263,22663.57,663.9999999999992,0.02039547382068743,22715.439999999973,487.9999999999991,0.020413862163763653,22735.91999999996,1446.0000000000016,0.02040955239585522,22731.120000000024,4343.999999999992,0.02039877797608393,22719.11999999996,557.0000000000016,0.020369588277187125,22686.610000000062,1067.0000000000011,0.020425103475058364,22748.440000000024,807.9999999999998,0.020400430053782215,22720.959999999995,3926.9999999999886,0.020379868869385396,22698.059999999936
2025-12-15 00:00:00,1049.8100000000113,1108834.3599999999,199.00000000000014,0.020281649641520866,22488.990000000016,25.000000000000064,0.020131275513504163,22322.25000000006,74.00000000000011,0.0205282238908975,22762.400000000038,110.99999999999984,0.02031233050894993,22523.00999999997,81.99999999999997,0.020401009218365126,22621.339999999993,194.9999999999999,0.02024856084005188,22452.29999999999,1263.0000000000032,0.02042287903127394,22645.59000000006,180.99999999999943,0.020294942880377493,22503.72999999993,247.0000000000006,0.02031761533796631,22528.870000000054,264.0000000000003,0.020335084132854637,22548.240000000023,4033.9999999999877,0.020409486589142073,22630.739999999932,2600.000000000004,0.020399800742105463,22620.000000000033,1504.999999999997,0.020413508831021394,22635.199999999953,720.0000000000014,0.02039547187192147,22615.200000000044,285.9999999999993,0.02042020054284749,22642.619999999948,2380.9999999999973,0.02039934981812791,22619.499999999975,4426.999999999992,0.020401577382576745,22621.96999999996,3414.9999999999964,0.02038834727307691,22607.299999999977,4369.000000000008,0.020410099845751574,22631.420000000042,4286.0000000000055,0.020408891369491863,22630.08000000003,491.999999999999,0.020415060009503994,22636.91999999995,571.9999999999995,0.02041762125769622,22639.75999999998,2961.9999999999986,0.020408530630309826,22629.67999999999,3157.000000000002,0.020413950736519398,22635.690000000013,338.00000000000017,0.020447634757638656,22673.04000000001,3071.0000000000095,0.020384072513770293,22602.56000000007,1048.0000000000025,0.020377146321475872,22594.880000000052,1102.0,0.02042333897373094,22646.100000000002,1124.9999999999986,0.020423474250924164,22646.24999999997,188.99999999999997,0.02036868698765792,22585.499999999996,567.0000000000002,0.020407890318261793,22628.97000000001,1256.0000000000007,0.02038897856664544,22608.00000000001,3427.999999999999,0.02037321426439202,22590.519999999993,813.9999999999989,0.020430120870352512,22653.619999999966,799.0000000000006,0.020428344229881205,22651.650000000016,126.99999999999987,0.020565848987580057,22804.119999999977,417.9999999999998,0.02042813680485153,22651.419999999987,827.9999999999982,0.020423068419344395,22645.799999999952,15.999999999999984,0.02023083050925657,22432.639999999978,982.0000000000014,0.02038685020547166,22605.640000000032,325.00000000000006,0.020426179794789192,22649.250000000004,667.9999999999991,0.0203683082115168,22585.07999999997,498.9999999999991,0.02035450091932573,22569.769999999957,1433.0000000000014,0.02041910028834246,22641.400000000023,4381.999999999992,0.020391792332264992,22611.11999999996,555.0000000000016,0.020416439836875244,22638.450000000066,1073.0000000000011,0.0203890777699205,22608.110000000026,800.9999999999998,0.02041446478985373,22636.259999999995,3901.9999999999886,0.020410262178383376,22631.599999999933
2025-12-16 00:00:00,625.9700000000112,1098746.2,202.00000000000014,0.020351742740953294,22361.400000000016,26.000000000000064,0.020207778648062724,22203.220000000056,73.00000000000013,0.020417481307330152,22433.63000000004,112.99999999999984,0.02032824322850898,22335.57999999997,81.99999999999997,0.0203375629421972,22345.819999999992,196.9999999999999,0.020362564166319746,22373.289999999986,1279.000000000003,0.020370946447869447,22382.50000000005,179.99999999999946,0.02044512190349321,22463.99999999993,251.0000000000006,0.020358768931351075,22369.120000000054,270.0000000000003,0.02030996785244857,22315.500000000025,4011.9999999999886,0.020411519967031454,22427.079999999936,2604.0000000000036,0.02040547671518685,22420.44000000003,1497.999999999997,0.02040968150788595,22425.059999999958,738.0000000000014,0.0203651762345117,22376.16000000004,279.9999999999993,0.020412357285058136,22427.999999999945,2345.9999999999973,0.020412138854268597,22427.759999999977,4422.999999999991,0.020409271950155513,22424.609999999957,3346.9999999999964,0.020409535887359588,22424.899999999976,4355.000000000008,0.020412584817130694,22428.250000000044,4287.0000000000055,0.02040599548831207,22421.01000000003,494.999999999999,0.020358705222370693,22369.049999999952,571.9999999999995,0.02038123089754484,22393.79999999998,2942.999999999999,0.0204102275848599,22425.659999999993,3154.0000000000023,0.02040957229249122,22424.940000000017,335.00000000000017,0.020427829465985876,22445.00000000001,3095.00000000001,0.02039397269360301,22407.800000000072,1038.0000000000025,0.020424698624668787,22441.560000000056,1105.0,0.020395428898866728,22409.4,1127.9999999999986,0.0203887667597849,22402.079999999973,181.99999999999997,0.020425481334998018,22442.42,559.0000000000002,0.02043695805273321,22455.03000000001,1282.000000000001,0.020372056804383046,22383.720000000016,3486.999999999999,0.020374623366160444,22386.539999999994,807.999999999999,0.02041425035190108,22430.079999999973,788.0000000000007,0.020418145700981737,22434.36000000002,126.99999999999987,0.020547775273306958,22576.78999999998,417.9999999999998,0.020452111688759413,22471.679999999986,824.9999999999982,0.020415770266145133,22431.749999999953,15.999999999999984,0.020358332069771872,22368.639999999978,982.0000000000014,0.020413158197953297,22428.88000000003,321.0,0.020471033255905685,22492.469999999998,681.9999999999991,0.020365412867867003,22376.419999999973,503.9999999999991,0.02035731272608721,22367.51999999996,1432.0000000000014,0.0204097361155834,22425.12000000002,4386.999999999992,0.020402864646994874,22417.56999999996,552.0000000000015,0.020442282303228955,22460.88000000006,1079.000000000001,0.020386910098073627,22400.04000000002,795.9999999999998,0.02042258712703625,22439.239999999994,3852.9999999999886,0.02040913543091201,22424.459999999934
2025-12-17 00:00:00,671.8600000000106,1112216.1200000003,201.0000000000001,0.020473799642465183,22771.290000000015,26.000000000000064,0.020617126103153458,22930.70000000006,73.00000000000013,0.020505601015745067,22806.66000000004,109.99999999999986,0.02047362881235705,22771.09999999997,81.99999999999997,0.02058227676110286,22891.939999999995,193.99999999999991,0.020460232135459416,22756.19999999999,1262.000000000003,0.020424088081010778,22716.000000000055,179.99999999999946,0.020349642118116334,22633.19999999993,251.0000000000006,0.02044394932884092,22738.090000000055,265.0000000000003,0.020469178238488418,22766.150000000023,4039.999999999989,0.020377694220076525,22664.39999999994,2618.0000000000036,0.020384419531700393,22671.88000000003,1497.9999999999973,0.02041840573215209,22709.67999999996,736.0000000000013,0.02042797221820525,22720.32000000004,282.9999999999993,0.020284510891642123,22560.759999999944,2378.9999999999973,0.02034163108515274,22624.28999999997,4430.999999999992,0.020397762262248056,22686.719999999958,3388.9999999999964,0.020354425361142917,22638.519999999975,4377.000000000008,0.020385300655415817,22672.86000000004,4310.0000000000055,0.02038326867623536,22670.600000000028,484.999999999999,0.020429707492461043,22722.249999999953,556.9999999999995,0.0204277114775139,22720.02999999998,2965.9999999999995,0.020373953939815215,22660.239999999994,3171.0000000000023,0.020385111843191063,22672.650000000016,334.00000000000017,0.020435506725077865,22728.70000000001,3099.00000000001,0.020395928086350764,22684.680000000073,1058.0000000000025,0.020328297345663406,22609.460000000054,1093.0,0.020411149948087424,22701.61,1136.9999999999984,0.020363883954496155,22649.03999999997,184.99999999999994,0.020217968069011615,22486.749999999993,566.0000000000002,0.02035575603777439,22640.000000000007,1277.000000000001,0.020414251863208038,22705.060000000016,3540.999999999999,0.020344058670899313,22626.989999999994,816.9999999999991,0.020354919869350546,22639.069999999974,787.0000000000008,0.020414152961566515,22704.950000000023,126.99999999999987,0.0202875049140629,22564.089999999975,417.9999999999998,0.020433672549180444,22726.659999999985,824.9999999999982,0.020391045941682583,22679.24999999995,15.999999999999984,0.020271455874960684,22546.23999999998,983.0000000000013,0.02038091301895537,22667.98000000003,306.0,0.0204198802657167,22711.32,686.9999999999991,0.020352744033236968,22636.649999999972,505.99999999999903,0.020358902908186545,22643.499999999956,1447.0000000000014,0.02036074607514232,22645.55000000002,4410.999999999992,0.020385012941549485,22672.539999999957,558.0000000000014,0.02032390970920297,22604.580000000053,1078.000000000001,0.02042180435219732,22713.46000000002,791.9999999999997,0.02042279336861256,22714.55999999999,3880.9999999999877,0.02037826964780903,22665.039999999928
2025-12-18 00:00:00,1346.7200000000093,1112962.88,201.0000000000001,0.02037156890623344,22672.800000000014,26.000000000000064,0.020154760237825774,22431.500000000055,73.00000000000013,0.02013306140093373,22407.35000000004,111.99999999999987,0.020389107676259587,22692.319999999974,82.99999999999996,0.020338288371306683,22635.75999999999,193.99999999999991,0.020354119986463512,22653.37999999999,1269.000000000003,0.02039817356711848,22702.410000000054,183.99999999999946,0.02033491000167044,22631.999999999935,251.0000000000006,0.020430232138559785,22738.090000000055,267.0000000000002,0.02034593462811628,22644.27000000002,3984.999999999989,0.020409036463102832,22714.499999999938,2622.000000000003,0.020401866412651636,22706.52000000003,1477.9999999999973,0.020411156929151096,22716.859999999957,734.0000000000013,0.02042474228790096,22731.98000000004,295.9999999999993,0.020345692032424253,22643.99999999995,2339.999999999997,0.020415236130786298,22721.399999999972,4384.999999999993,0.020408856762590286,22714.29999999996,3403.9999999999964,0.020400213167936002,22704.679999999975,4377.000000000008,0.020410950273561726,22716.630000000045,4270.0000000000055,0.020410743617972266,22716.40000000003,484.999999999999,0.020424715332823994,22731.94999999995,552.9999999999995,0.020411498360124986,22717.23999999998,2904.999999999999,0.020411372569766207,22717.099999999995,3112.0000000000023,0.020411821821047633,22717.600000000017,332.00000000000017,0.02043374528358036,22742.00000000001,3041.0000000000105,0.02041062681263914,22716.270000000077,1025.0000000000025,0.020417796863090403,22724.25000000006,1093.0,0.020397454765068178,22701.61,1114.9999999999984,0.02041730268668077,22723.699999999968,188.99999999999997,0.02029312963249951,22585.499999999996,557.0000000000002,0.02043402381937483,22742.31000000001,1282.000000000001,0.020388281053901832,22691.400000000016,3569.9999999999995,0.020400680389268688,22705.199999999997,814.999999999999,0.020408632136949597,22714.049999999974,785.0000000000008,0.02043325110717082,22741.450000000023,127.99999999999987,0.020369124979262545,22670.07999999998,417.9999999999998,0.020423717994979305,22730.83999999999,827.9999999999981,0.020391946944358065,22695.47999999995,15.999999999999984,0.02022766473577266,22512.639999999978,991.0000000000013,0.020390527310308885,22693.900000000027,301.00000000000006,0.02042973796215019,22737.540000000005,694.9999999999991,0.020388595529798777,22691.74999999997,513.9999999999991,0.020371335295567054,22672.53999999996,1466.0000000000014,0.02039032963974506,22693.680000000022,4425.999999999992,0.020400842119729957,22705.379999999957,550.0000000000014,0.0204391362989573,22748.000000000055,1081.0000000000007,0.020396906678504873,22701.000000000015,802.9999999999997,0.020375091036279658,22676.71999999999,3830.9999999999877,0.020412028476637,22717.829999999925
2025-12-19 00:00:00,818.1000000000022,1096245.14,197.0000000000001,0.0204198031838025,22385.11000000001,39.00000000000006,0.030239586740608095,33150.00000000005,102.00000000000013,0.02824842625984189,30967.20000000004,109.9999999999999,0.02046887067613361,22438.89999999998,0.0,0.0,,190.9999999999999,0.02048609310140248,22457.779999999988,1219.0000000000027,0.020415908069613024,22380.84000000005,179.9999999999995,0.020422804337358286,22388.399999999936,242.0000000000006,0.020413080234955534,22377.740000000056,261.0000000000002,0.020422968534209444,22388.58000000002,3952.9999999999895,0.02040965034517731,22373.97999999994,2563.000000000003,0.020410571671952895,22374.990000000027,1463.999999999997,0.020419301471201926,22384.559999999954,719.0000000000014,0.020410836211324092,22375.280000000042,270.9999999999993,0.020471251530474244,22441.509999999944,2318.999999999997,0.020413636679839673,22378.34999999997,4285.999999999992,0.020408683408165408,22372.919999999955,3299.999999999997,0.020409668589271908,22373.999999999978,4295.000000000008,0.020412359593220224,22376.95000000004,4222.000000000006,0.020412040321565336,22376.60000000003,481.999999999999,0.0204452445736726,22412.999999999953,545.9999999999995,0.020440537597274995,22407.839999999982,2901.9999999999986,0.02041005171525777,22374.41999999999,3078.0000000000027,0.02041245993574031,22377.06000000002,326.0000000000001,0.02044478847130854,22412.500000000007,3016.000000000011,0.020413974195589216,22378.72000000008,1078.0000000000025,0.021437175995142894,23500.400000000056,1072.0,0.020408427990841544,22372.64,1089.9999999999984,0.020413043746766325,22377.699999999968,185.99999999999997,0.020462211581617595,22431.599999999995,552.0000000000002,0.020438567235062058,22405.68000000001,1238.0000000000011,0.020417914920015084,22383.04000000002,3496.0,0.020410033471163217,22374.4,809.999999999999,0.02042280433735832,22388.399999999972,767.0000000000009,0.02041610875465321,22381.060000000027,125.9999999999999,0.02052789032204967,22503.59999999998,405.99999999999983,0.020439899053965243,22407.13999999999,813.9999999999981,0.020427128187770077,22393.13999999995,15.999999999999984,0.020579338668721473,22559.999999999978,980.0000000000011,0.020418060872771607,22383.200000000026,296.00000000000006,0.020410252400297996,22374.640000000007,673.9999999999991,0.020412222762510927,22376.79999999997,491.99999999999915,0.020420615046010573,22385.99999999996,1425.0000000000016,0.0204212991995568,22386.750000000025,4327.999999999992,0.020411274069593564,22375.75999999996,546.0000000000014,0.020410653770378456,22375.080000000053,1054.000000000001,0.02042149076254972,22386.960000000017,788.9999999999995,0.020433121372834543,22399.70999999999,3798.999999999988,0.020411593341248414,22376.109999999928
2025-12-22 00:00:00,328.9200000000019,1102001.16,187.00000000000017,0.02043931605298856,22524.15000000002,27.00000000000006,0.02110162933040837,23254.02000000005,75.00000000000011,0.02066241019201834,22770.000000000036,104.99999999999991,0.0204940346886749,22584.449999999983,0.0,0.0,,186.99999999999986,0.02043083148841693,22514.799999999985,1208.000000000003,0.02041101299748183,22492.960000000057,178.99999999999946,0.02041767360753044,22500.299999999934,262.0000000000006,0.021685113289717454,23897.020000000055,258.0000000000003,0.020452682645089065,22538.880000000026,4011.99999999999,0.020642482808275756,22748.039999999943,2672.000000000003,0.02107046783870901,23219.680000000026,1472.999999999997,0.020504352282169968,22595.819999999956,692.0000000000014,0.020427165430570004,22510.760000000046,246.99999999999926,0.02041670264666503,22499.229999999934,2313.999999999997,0.020410214450227955,22492.07999999997,4566.999999999992,0.0214259211850557,23611.389999999956,3681.9999999999973,0.022185530185830273,24448.47999999998,4536.000000000007,0.021280485766457847,23451.12000000004,4280.000000000006,0.020623208781377352,22726.800000000032,494.9999999999991,0.020824116010912323,22948.199999999957,543.9999999999995,0.020437002080832635,22521.59999999998,2950.9999999999986,0.020673045389534787,22781.71999999999,3202.0000000000023,0.021036711068434823,23182.480000000018,335.00000000000006,0.02083564049968877,22960.900000000005,3015.0000000000105,0.020410051111017048,22491.900000000078,1023.0000000000024,0.020413562904053613,22495.77000000005,1108.0,0.020933335496670438,23068.56,1136.9999999999986,0.021078843510473226,23228.90999999997,185.99999999999997,0.020493735233454737,22584.119999999995,551.0000000000001,0.02043997848423318,22524.880000000005,1254.0000000000011,0.020607909341946624,22709.94000000002,3672.0,0.0211922825925156,23353.920000000002,865.999999999999,0.021477091730103048,23667.77999999997,792.0000000000007,0.02091395257696464,23047.200000000023,126.99999999999991,0.020530876755156937,22625.049999999985,426.9999999999998,0.02120273630201985,23365.439999999988,852.9999999999981,0.021154687350782773,23312.489999999947,15.999999999999984,0.020446584647878206,22532.159999999978,980.0000000000013,0.020418127327561094,22500.80000000003,299.0000000000001,0.020563689787767563,22661.21000000001,690.9999999999991,0.020798952698017095,22920.469999999972,498.9999999999991,0.02062561349753929,22729.449999999957,1502.0000000000016,0.02124877981072182,23416.180000000026,4535.999999999992,0.021157001322938674,23315.039999999957,571.0000000000014,0.021119723685227382,23273.960000000054,1153.000000000001,0.021856755577280895,24086.17000000002,805.9999999999997,0.02074241010780786,22858.15999999999,3939.9999999999886,0.020987092245891948,23127.799999999934
2025-12-23 00:00:00,316.6900000000023,1102171.15,195.0000000000002,0.021213130102343925,23380.500000000025,26.000000000000064,0.021128206812526397,23286.900000000056,75.00000000000011,0.020618394883589568,22725.000000000033,102.99999999999991,0.020506152787613776,22601.289999999983,0.0,0.0,,185.99999999999986,0.020419696160618957,22505.99999999998,1271.000000000003,0.021391459937959774,23577.050000000057,187.9999999999995,0.021353961224624626,23535.719999999936,249.00000000000065,0.02047266434074241,22564.38000000006,257.00000000000034,0.02042389696010463,22510.63000000003,3946.99999999999,0.020412347029769323,22497.899999999943,2598.000000000003,0.020413054723851215,22498.68000000003,1460.9999999999968,0.020413707979926664,22499.39999999995,816.0000000000014,0.023758052458549693,26185.440000000046,329.99999999999926,0.0266204572674579,29340.299999999934,2274.999999999997,0.020414025534963392,22499.74999999997,4325.999999999992,0.02040989731948614,22495.199999999957,3428.9999999999973,0.020409026311385466,22494.23999999998,4326.000000000007,0.02040989731948621,22495.200000000037,4221.000000000007,0.020412374248772555,22497.93000000004,483.99999999999915,0.020432870158141915,22520.51999999996,538.9999999999995,0.02042698178046121,22514.029999999984,2902.999999999999,0.02041266458480608,22498.249999999993,3090.000000000002,0.02040989731948619,22495.200000000015,324.0,0.020427644109537794,22514.76,2988.0000000000105,0.020413925731951953,22499.64000000008,1145.0000000000025,0.022647117918120113,24961.000000000055,1081.0,0.020420077226663027,22506.420000000002,1097.9999999999986,0.02042241806093361,22508.99999999997,212.99999999999997,0.023121018908905385,25483.319999999996,547.0000000000002,0.020422463425938887,22509.05000000001,1249.000000000001,0.020420585314721778,22506.980000000014,3571.0,0.02041180264970644,22497.3,817.9999999999989,0.02041713757432316,22503.17999999997,778.0000000000007,0.02042109340278052,22507.54000000002,126.99999999999993,0.020429767191783223,22517.099999999988,417.99999999999983,0.02043027527984196,22517.65999999999,826.9999999999982,0.020416674851269648,22502.66999999995,15.999999999999984,0.020437624410691545,22525.759999999977,978.0000000000013,0.020408808559360336,22494.00000000003,322.0000000000001,0.02185286740630074,24085.600000000006,675.9999999999991,0.020411784503704317,22497.27999999997,494.99999999999915,0.020416702070272803,22502.69999999996,1453.0000000000016,0.020420576241720736,22506.970000000027,4401.999999999992,0.02040900816538335,22494.21999999996,550.0000000000015,0.02040971585946525,22495.00000000006,1088.000000000001,0.020414107191972876,22499.84000000002,793.9999999999995,0.020416030668195213,22501.95999999999,3799.9999999999895,0.02041062315957003,22495.999999999938
2025-12-24 00:00:00,973.6099999999933,1102247.36,183.0000000000002,0.020489076063652373,22584.030000000024,26.000000000000064,0.020971299944869046,23115.560000000056,75.00000000000011,0.020551648225313086,22653.000000000036,102.99999999999991,0.020540244251526247,22640.429999999982,0.0,0.0,,184.99999999999986,0.020442779740474933,22532.99999999998,1205.000000000003,0.02042136893845684,22509.400000000056,177.9999999999995,0.020428263942496475,22516.999999999935,248.00000000000065,0.020434033972193007,22523.36000000006,267.0000000000004,0.021093595542837164,23250.360000000033,4113.99999999999,0.02116256372798202,23326.379999999943,2580.000000000003,0.020410663537447738,22497.600000000028,1504.9999999999968,0.020945117074265388,23086.69999999995,697.0000000000014,0.020431049161233686,22520.070000000047,256.99999999999926,0.020485438041783953,22580.019999999935,2346.999999999997,0.020973468242191994,23117.949999999968,4462.999999999992,0.020973822064767708,23118.339999999956,3733.9999999999977,0.021985682052348018,24233.659999999985,4326.000000000007,0.02040848616775098,22495.200000000037,4545.000000000008,0.021771519597924047,23997.600000000046,499.99999999999915,0.020993472826280987,23139.99999999996,563.9999999999995,0.021234797967672137,23405.99999999998,2929.999999999999,0.02057451060712905,22678.199999999993,3372.0000000000023,0.022026271852445184,24278.400000000016,339.0,0.021230416011157424,23401.170000000002,3048.0000000000105,0.02076709895680773,22890.48000000008,1036.0000000000025,0.02042398178209295,22512.280000000053,1079.0000000000002,0.02042004437189126,22507.940000000002,1104.9999999999986,0.020521119687689677,22619.34999999997,187.99999999999997,0.020416106961689613,22503.6,645.0000000000002,0.02355301626669354,25961.25000000001,1241.000000000001,0.020412233058104138,22499.330000000016,3554.0,0.02040995589229626,22496.82,834.999999999999,0.020779410167968075,22904.04999999997,785.0000000000007,0.020567797050564055,22670.800000000017,135.99999999999991,0.021666280062580492,23881.599999999984,405.9999999999999,0.020446463124211965,22537.059999999994,917.9999999999981,0.022353530517868463,24639.119999999948,15.999999999999984,0.02033518138795994,22414.39999999998,976.0000000000013,0.020409937747548814,22496.80000000003,292.00000000000017,0.020416869041083488,22504.44000000001,674.9999999999991,0.0204352950321423,22524.749999999967,493.9999999999992,0.02044575547906049,22536.279999999962,1485.0000000000018,0.020801501398016526,22928.400000000027,4384.999999999992,0.020408350082144863,22495.04999999996,558.0000000000015,0.02066465371257506,22777.56000000006,1082.000000000001,0.020417921436436934,22505.60000000002,790.9999999999994,0.020416424494770376,22503.949999999983,3850.9999999999895,0.020648187354243185,22759.409999999938
2025-12-25 00:00:00,475.99999999999636,1104076.2,183.0000000000002,0.020400439752256257,22523.640000000025,26.000000000000068,0.02082917827591978,22997.00000000006,75.00000000000011,0.020552249926227957,22691.250000000036,102.99999999999991,0.020557530358864713,22697.079999999984,0.0,0.0,,193.99999999999986,0.021313927426385958,23532.199999999983,1205.000000000003,0.020409370295274964,22533.500000000055,177.9999999999995,0.020495994751086873,22629.139999999934,246.00000000000068,0.02048521650951272,22617.240000000063,261.0000000000004,0.02047432052244224,22605.210000000036,3987.99999999999,0.02040819284031297,22532.199999999946,2573.000000000003,0.020414786588099657,22539.48000000003,1485.999999999997,0.020417630594699858,22542.619999999955,778.0000000000014,0.02257030810011125,24919.340000000044,349.99999999999926,0.02701217542774669,29823.499999999935,2292.999999999997,0.020415429659655714,22540.18999999997,4341.999999999991,0.020410710782462264,22534.979999999956,3482.999999999998,0.020410737954499873,22535.009999999987,4325.000000000007,0.020409143861628433,22533.250000000036,4260.000000000008,0.02041109119098849,22535.400000000045,480.99999999999915,0.020449802287197175,22578.13999999996,528.9999999999995,0.02043025653482974,22556.55999999998,2929.999999999999,0.020407739973019978,22531.699999999993,3130.0000000000023,0.020411634631740113,22536.00000000002,319.0,0.020456196773374888,22585.2,3025.0000000000105,0.02041186106538669,22536.25000000008,1108.0000000000025,0.021706871319207913,23966.04000000005,1172.0000000000002,0.022015944189359402,24307.280000000002,1100.9999999999986,0.020422938199374262,22548.479999999974,201.99999999999997,0.021792173402524213,24060.219999999998,562.0000000000002,0.02042708646377851,22553.060000000012,1234.0000000000011,0.020419949275240264,22545.18000000002,3543.0000000000005,0.020409352180583196,22533.480000000003,821.9999999999991,0.020422014350096468,22547.459999999974,772.0000000000006,0.020417431333090978,22542.400000000016,126.99999999999991,0.020552105008694137,22691.089999999982,394.9999999999999,0.02043196837319743,22558.449999999993,838.9999999999978,0.020426416220184755,22552.31999999994,15.999999999999984,0.020493802873388617,22626.71999999998,1049.0000000000014,0.021805152579142666,24074.550000000032,313.0000000000001,0.021746895730566436,24010.230000000007,665.9999999999991,0.020412938889544017,22537.439999999973,489.9999999999992,0.02042857186849963,22554.699999999964,1460.0000000000018,0.02041743133309099,22542.400000000027,4383.999999999992,0.020409605786267257,22533.759999999955,553.0000000000014,0.020420519888029526,22545.810000000056,1184.000000000001,0.02216629613064753,24473.28000000002,785.9999999999994,0.020410384718011303,22534.619999999984,3858.999999999989,0.020447094140784796,22575.149999999936
2025-12-26 00:00:00,774.4999999999927,1108633.1700000002,196.00000000000023,0.021586581249413667,23931.600000000028,26.000000000000068,0.02049942272609439,22726.34000000006,75.00000000000011,0.020412973932576853,22630.500000000036,107.99999999999991,0.021189227091229813,23491.07999999998,0.0,0.0,,187.9999999999999,0.020498610915637667,22725.439999999984,1146.000000000003,0.020415679967432387,22633.50000000006,175.9999999999995,0.020453871139359776,22675.839999999935,245.00000000000063,0.020486036873675777,22711.50000000006,277.0000000000004,0.0214227578992608,23749.980000000032,4250.99999999999,0.021511272299384612,23848.109999999946,2647.000000000003,0.020891716599098362,23161.25000000003,1484.9999999999973,0.020413785743033437,22631.399999999958,675.0000000000014,0.020415003458718498,22632.750000000047,245.9999999999993,0.020480895407450184,22705.799999999934,2315.999999999997,0.020577230248306544,22812.59999999997,4334.99999999999,0.020411350311663464,22628.699999999946,3723.9999999999986,0.021565365936146396,23908.07999999999,4526.000000000007,0.02118819879798477,23489.94000000004,4406.000000000007,0.020984109649181838,23263.68000000004,501.99999999999926,0.02113716298060969,23433.359999999964,560.9999999999995,0.021420187166148012,23747.12999999998,3113.9999999999995,0.021459722335387097,23790.959999999995,3151.0000000000023,0.02052096276354425,22750.220000000016,318.0,0.02041151267375484,22628.879999999997,3263.00000000001,0.021721287664521242,24080.940000000075,1049.0000000000025,0.020419215852976923,22637.420000000053,1090.0000000000002,0.020411079708177966,22628.400000000005,1099.9999999999984,0.02041973901971558,22637.999999999964,188.0,0.020462999496939104,22685.96,577.0000000000002,0.02085486040436623,23120.39000000001,1190.0000000000014,0.02041595057091791,22633.800000000025,3726.0000000000005,0.021274467189178553,23585.58,837.9999999999991,0.020733945746905607,22986.339999999975,804.0000000000007,0.0211038246311898,23396.40000000002,127.9999999999999,0.020516795469866726,22745.59999999998,426.9999999999999,0.021757629712630736,24121.229999999996,879.999999999998,0.0212254157973642,23531.199999999943,15.999999999999984,0.02040898704122301,22626.07999999998,994.0000000000015,0.020415571726038143,22633.380000000034,294.0000000000001,0.020414435191398808,22632.12000000001,698.9999999999991,0.021235446166562,23542.31999999997,492.9999999999992,0.020504735574527297,22732.229999999963,1463.0000000000016,0.020441270037049344,22661.870000000024,4487.999999999992,0.020807892659390627,23068.319999999956,570.0000000000014,0.02092062607147147,23193.300000000054,1069.000000000001,0.020413181395249096,22630.73000000002,785.9999999999994,0.020425746417094832,22644.65999999998,4143.99999999999,0.021642650291619856,23993.759999999944
2025-12-29 00:00:00,1610.2199999999903,1106386.64,185.00000000000023,0.020483345677420713,22662.50000000003,25.00000000000007,0.020579153052679725,22768.500000000065,76.00000000000011,0.02061311947873849,22806.080000000034,103.99999999999991,0.02059909183285147,22790.55999999998,0.0,0.0,,197.99999999999991,0.021317827915926377,23585.75999999999,1475.000000000003,0.025170224398226693,27848.000000000055,187.99999999999952,0.021566565554334546,23860.959999999937,245.00000000000063,0.020483345677420738,22662.50000000006,266.0000000000004,0.02046474458512987,22641.920000000035,3975.99999999999,0.02041210475932712,22583.679999999942,2599.000000000003,0.020413578023682592,22585.310000000027,1484.9999999999973,0.020414969942153274,22586.84999999996,784.0000000000014,0.02313621574461532,25597.600000000042,250.99999999999932,0.020753576706240718,22961.479999999938,2244.999999999997,0.02041302667935322,22584.699999999968,4333.99999999999,0.02040890515453074,22580.13999999995,3595.9999999999986,0.02041138168479691,22582.879999999994,4326.000000000007,0.020410333226728077,22581.720000000038,4245.000000000007,0.020411851683241618,22583.40000000004,489.99999999999926,0.02043462853094463,22608.599999999966,534.9999999999995,0.02044475157436823,22619.79999999998,2932.9999999999995,0.020412484373455553,22584.1,3064.000000000002,0.020410297073001543,22581.680000000015,351.00000000000006,0.02216935663648288,24527.88,3007.0000000000095,0.020411101493416507,22582.570000000072,1042.0000000000025,0.020418323200287428,22590.560000000052,1090.0000000000002,0.020413117063669533,22584.800000000003,1082.9999999999984,0.02041906435168086,22591.379999999965,188.0,0.020451873858491277,22627.68,562.0000000000002,0.020419986271706974,22592.400000000012,1305.0000000000014,0.022056936623891285,24403.500000000025,3585.0000000000005,0.020413749753883506,22585.500000000004,826.9999999999991,0.020413632254272313,22585.369999999974,783.0000000000007,0.020431564502622717,22605.21000000002,133.99999999999991,0.021195122168141855,23449.999999999985,396.99999999999994,0.020445890416753397,22621.059999999994,849.9999999999978,0.020420528577604607,22592.99999999994,15.999999999999984,0.02027500982839053,22431.999999999978,993.0000000000014,0.02040951976788153,22580.82000000003,310.0000000000001,0.021336573623123294,23606.50000000001,673.9999999999991,0.020432242384994786,22605.95999999997,494.9999999999992,0.020477606273336744,22656.149999999965,1502.0000000000016,0.020865888257652877,23085.740000000023,4418.999999999992,0.02040976380553543,22581.08999999996,553.0000000000015,0.020422860492964788,22595.58000000006,1205.000000000001,0.02256679455203835,24967.600000000017,798.9999999999994,0.020690190185232153,22891.349999999984,3763.9999999999905,0.02041239398913922,22583.99999999994
2025-12-30 00:00:00,1019.489999999987,1107652.97,181.00000000000023,0.02047182701997362,22675.68000000003,24.00000000000007,0.020566513715934036,22780.56000000007,75.00000000000011,0.02064771243289316,22870.500000000033,100.99999999999991,0.020509058897752046,22716.91999999998,0.0,0.0,,188.99999999999991,0.020460370363111102,22662.98999999999,1159.0000000000027,0.02042488090832281,22623.68000000005,178.99999999999955,0.020491255487718272,22697.199999999943,250.00000000000063,0.020742056061114574,22975.00000000006,265.0000000000004,0.02041234990775137,22609.800000000032,4038.99999999999,0.0206753654982751,22901.129999999943,2682.000000000003,0.02094455630810075,23199.30000000003,1480.9999999999973,0.02041692715363726,22614.86999999996,677.0000000000013,0.020426379572656268,22625.340000000044,250.99999999999932,0.02044206137956723,22642.709999999937,2205.999999999997,0.02041388468447836,22611.499999999967,4657.99999999999,0.021657234395353945,23988.69999999995,3751.999999999999,0.021137017309672358,23412.479999999996,4647.000000000008,0.021648043791188537,23978.520000000044,4234.000000000007,0.02041213323338991,22609.560000000038,524.9999999999993,0.021599048301202108,23924.249999999967,559.9999999999995,0.021188585807701107,23469.59999999998,2992.9999999999995,0.02075220364370981,22986.239999999994,3405.0000000000027,0.022256248723821884,24652.20000000002,329.00000000000006,0.0204352812776731,22635.200000000004,3095.0000000000095,0.0209005894689201,23150.60000000007,1079.0000000000023,0.021002281969234506,23263.24000000005,1161.0000000000002,0.021497807205807434,23812.110000000008,1187.9999999999984,0.022019206972378698,24389.63999999997,187.0,0.020485278886581238,22690.58,559.0000000000002,0.02041392982497037,22611.55000000001,1226.0000000000011,0.02041021927653029,22607.440000000024,3670.0,0.020807600055457804,23047.600000000002,866.9999999999991,0.021219976505818403,23504.369999999974,811.0000000000009,0.021006209192036045,23267.590000000026,130.99999999999991,0.02046629279565782,22669.54999999999,422.99999999999994,0.02150414493088029,23819.129999999997,859.9999999999978,0.020606092899294933,22824.399999999943,16.999999999999982,0.021329099131111414,23625.239999999976,1040.0000000000014,0.021200864021517524,23483.20000000003,294.0000000000001,0.020437809145223536,22638.000000000007,706.9999999999991,0.021229410868640535,23514.819999999967,491.9999999999992,0.020419066812956736,22617.23999999996,1473.0000000000014,0.020413027015130942,22610.55000000002,4547.999999999992,0.020899433872325516,23149.319999999956,548.0000000000015,0.020417911216362345,22615.96000000006,1075.000000000001,0.02041975294843476,22618.00000000002,792.9999999999994,0.020432590904351552,22632.219999999983,3669.9999999999914,0.020410002602168752,22607.199999999946
2025-12-31 00:00:00,1189.8199999999852,1106665.26,207.00000000000026,0.022975158721436715,25425.81000000003,31.000000000000068,0.025456261272717697,28171.56000000006,74.00000000000011,0.02053302007510386,22723.180000000033,100.99999999999991,0.02047260433565971,22656.31999999998,0.0,0.0,,213.9999999999999,0.02277942654493373,25209.199999999986,1130.0000000000027,0.020421712704707162,22600.000000000055,181.99999999999955,0.020705267281996315,22913.799999999945,250.00000000000065,0.020475929641091344,22660.00000000006,264.0000000000004,0.020413110284134187,22590.480000000032,3941.9999999999895,0.020410562088124046,22587.65999999994,2618.0000000000027,0.020415694624768492,22593.340000000026,1543.9999999999973,0.021178870293624252,23437.91999999996,656.0000000000011,0.020432845248978034,22612.32000000004,238.9999999999993,0.02042156812621003,22599.839999999935,2169.999999999997,0.02041240546396113,22589.699999999968,4385.99999999999,0.020410778955869593,22587.89999999995,3585.0,0.020408610278414268,22585.5,4403.000000000008,0.020410318111910408,22587.390000000043,4265.000000000007,0.02054139659177522,22732.45000000004,496.9999999999994,0.020433911515393526,22613.49999999997,538.9999999999995,0.0204122157046838,22589.48999999998,2910.999999999999,0.02041209823465498,22589.359999999993,3116.000000000002,0.0204135801642495,22591.000000000015,340.00000000000006,0.021014484542507466,23256.000000000007,2992.0000000000095,0.020412315102400585,22589.60000000007,1060.0000000000023,0.020420989812222033,22599.200000000048,1100.0000000000002,0.020426230782739134,22605.000000000004,1101.9999999999984,0.020413580164249455,22590.999999999967,187.0,0.0204393512813441,22619.52,558.0000000000003,0.02042080908910072,22599.000000000015,1365.0000000000011,0.02244852250986899,24843.00000000002,3608.0000000000005,0.020409134375465984,22586.08,837.9999999999991,0.020430062112910253,22609.239999999976,790.0000000000008,0.02041629101106872,22594.000000000025,135.99999999999991,0.021100508748237008,23351.199999999983,403.9999999999999,0.020447050086310647,22628.039999999994,911.9999999999978,0.02150070202800072,23794.079999999944,16.999999999999982,0.021155502794042685,23412.059999999976,1005.0000000000014,0.020414845226098478,22592.40000000003,299.0000000000001,0.020717484164994943,22927.32000000001,679.9999999999991,0.02043689344689465,22616.79999999997,489.99999999999915,0.020420628365979392,22598.79999999996,1574.0000000000014,0.02164726847935935,23956.28000000002,4419.999999999992,0.020409242809338715,22586.19999999996,563.0000000000014,0.02090394524537624,23133.670000000056,1069.000000000001,0.020410842208962103,22587.97000000002,807.9999999999994,0.020750050471449684,22963.359999999986,3654.999999999991,0.020410778955869586,22587.899999999943
